fact_check_id,fact_check_source,fact_check_ground_truth_label,statement_text,study_name,doc_id,fact_check_ground_truth_value,fact_check_date,statement_text_processed,statement_word_count,statement_date,statement_description,statement_keywords,statement_state,statement_state_mentioned,statement_party,speaker_id,speaker_name,speaker_party,speaker_description,fact_checker_name,fact_check_url,speaker_url,fact_checker_url,statement_text_word_count
most-small-businesses-wont-be-subject-to-obamas-ta,politifact,true,"""98 percent of small businesses make less than $250,000"" and would not see a tax increase under Barack Obama's plan.",Soprano et al,DEM_TRUE_doc5,5,2008-10-16,98 percent of small businesses make less than 250000 and would not see a tax increase under Barack Obamas plan,20.0,2008-10-15,"stated on October 15, 2008 in Hempstead, N.Y.:",National:::Taxes:::Barack Obama,,,,barack-obama,Barack Obama,,"Barack Obama is the former president of the United States. Obama also served as a U.S. senator from Illinois. He was born in 1961 in Hawaii, where his parents met as students at the University of Hawaii. Obama's father is from Kenya and his mother is from Kansas. He graduated from Columbia University and received his law degree from Harvard Law School. Obama previously served in the Illinois state Senate and was an instructor at the University of Chicago Law School. He and his wife, Michelle, have two daughters, Malia and Sasha.",Angie Drobnic Holan,https://www.politifact.com/factchecks/2008/oct/16/barack-obama/most-small-businesses-wont-be-subject-to-obamas-ta/,https://www.politifact.com/personalities/barack-obama/,https://politifact.com/staff/angie-drobnic-holan/,
alan-grayson-says-united-states-has-fifth-most-une,politifact,true,"""According to Wikipedia, there are only five countries in the entire planet that are more unequal than the United States in the distribution of our wealth.""",Soprano et al,DEM_TRUE_doc1,5,2011-10-14,According to Wikipedia there are only five countries in the entire planet that are more unequal than the United States in the distribution of our wealth,26.0,2011-10-10,"stated on October 10, 2011 in an interview on MSNBC's ""The Rachel Maddow Show"":",Income:::Occupy Wall Street:::Workers:::Florida:::Alan Grayson,Florida,,,alan-grayson,Alan Grayson,DEM,"Alan Grayson was initially elected to Congress in 2008, then defeated for re-election in 2010. He was elected again to Congress from a different district in 2012. He lost the Democratic primary for U.S. Senate in Florida in 2016.",Louis Jacobson,https://www.politifact.com/factchecks/2011/oct/14/alan-grayson/alan-grayson-says-united-states-has-fifth-most-une/,https://www.politifact.com/personalities/alan-grayson/,https://politifact.com/staff/louis-jacobson/,
cantor-says-states-are-spending-more-medicaid-publ,politifact,true,"""Collectively states are spending more on Medicaid than they do on K-12 education.""",Soprano et al,REP_TRUE_doc3,5,2013-02-19,Collectively states are spending more on Medicaid than they do on K12 education,13.0,2013-02-05,"stated on February 5, 2013 in a speech.:",Education:::Medicaid:::State Budget:::Virginia:::Eric Cantor,Virginia,,,eric-cantor,Eric Cantor,REP,"Eric Cantor is a former congressman who represented Virginia's 7th District from 2001 to 2014. He rose to House minority whip in 2009 and House majority leader in 2011. Cantor was upset by Dave Brat in the 2014 GOP primary for congress. He is now vice chairman and managing director of Moelis & Company, a global investment bank.",Nancy Madsen,https://www.politifact.com/factchecks/2013/feb/19/eric-cantor/cantor-says-states-are-spending-more-medicaid-publ/,https://www.politifact.com/personalities/eric-cantor/,https://politifact.com/staff/nancy-madsen-virginia/,
rick-scott-says-floridas-vpk-no-1-country-access,politifact,mostly-true,"""Florida ranks first in the nation for access to free prekindergarten.""",Soprano et al,REP_MOSTLYTRUE_doc10,4,2014-03-20,Florida ranks first in the nation for access to free prekindergarten,11,,social media,,,,REP,,Rick Scott,REP,,,https://www.politifact.com/factchecks/2014/mar/20/rick-scott/rick-scott-says-floridas-vpk-no-1-country-access/,,,11
studies-confirm-premiums-are-up-98-percent,politifact,true,"Health insurance premiums ""have almost doubled ... since 2000.""",Soprano et al,DEM_TRUE_doc3,5,2007-09-15,Health insurance premiums have almost doubledsince 2000,7,,a speech,,,,DEM,,Hillary Clinton,DEM,,,https://www.politifact.com/factchecks/2007/sep/15/hillary-clinton/studies-confirm-premiums-are-up-98-percent/,,,7
dean-cannon-says-majority-state-house-has-two-year,politifact,true,"House Speaker Dean Cannon says that freshmen lawmakers account for one-third of the 120-member House, and that two-thirds of the chamber have two years or less experience.",Soprano et al,REP_TRUE_doc1,5,2010-12-23,House Speaker Dean Cannon says that freshmen lawmakers account for onethird of the 120member House and that twothirds of the chamber have two years or less experience,27.0,2010-12-08,"stated on December 8, 2010 in a newspaper interview:",Elections:::Florida:::Dean Cannon,Florida,,,dean-cannon,Dean Cannon,,Dean Cannon (R-Winter Park) is the Florida Legislature's 2010 House Speaker and a lawyer.,Amy Sherman,https://www.politifact.com/factchecks/2010/dec/23/dean-cannon/dean-cannon-says-majority-state-house-has-two-year/,https://www.politifact.com/personalities/dean-cannon/,https://politifact.com/staff/amy-sherman/,
yes-huckabee-pardoned-many,politifact,true,"Huckabee ""granted 1,033 pardons and commutations . . . more clemencies than the previous three governors combined.""",Soprano et al,REP_TRUE_doc6,5,2007-12-28,Huckabee granted 1033 pardons and commutationsmore clemencies than the previous three governors combined,17.0,2007-12-17,"stated on December 17, 2007 in a TV ad airing in Iowa.:",National:::Crime:::Mitt Romney,,,,mitt-romney,Mitt Romney,REP,"Mitt Romney is a U.S. senator from Utah. He ran for president in 2012 as the Republican nominee, losing to incumbent President Barack Obama. Prior to that, Romney served one term as governor of Massachusetts, elected to the post in 2002. He was born in 1947 in Michigan, where his father was governor from 1963 to 1969. Romney graduated from Brigham Young University and received both a law degree and an MBA from Harvard University. Romney helped found the investment firm Bain Capital in 1984, which launched or rebuilt such companies as Staples and Dominos Pizza. Romney managed the Winter Olympics in Salt Lake City from 1999-2002. He ran for president in 2008 but lost the Republican nomination. He and his wife, Ann, have five sons, Tagg, Craig, Matt, Ben and Josh.",Bill Adair,https://www.politifact.com/factchecks/2007/dec/28/mitt-romney/yes-huckabee-pardoned-many/,https://www.politifact.com/personalities/mitt-romney/,https://politifact.com/staff/bill-adair/,
wifes-assets-company-not-conflict-interest-casino-,politifact,true,"Ilana Shafran Mandel’s stake in Forest City Enterprises ""constitutes significantly less than 1 percent"" of the company’s shares and any implication of a conflict of interest ""is legally incorrect.""",Soprano et al,REP_TRUE_doc8,5,2011-11-10,Ilana Shafran Mandels stake in Forest City Enterprises constitutes significantly less than 1 percent of the companys shares and any implication of a conflict of interest is legally incorrect,29.0,2011-11-04,"stated on November 4, 2011 in a news release:",Ohio:::Candidate Biography:::Transparency:::Josh Mandel,Ohio,,,josh-mandel,Josh Mandel,REP:::DEM,"Josh Mandel, a Republican from Lyndhurst, is a Marine veteran who served two tours in Iraq. He served as Ohio treasurer from 2011 to 2019.  Before that, he was a state representative from the 17th Ohio House District. He unsuccessfully challenged Democratic incumbent Sherrod Brown in the 2012 US Senate race. Mandel is running for the GOP nomination for an Ohio U.S. Senate seat in 2022.",Stephen Koff,https://www.politifact.com/factchecks/2011/nov/10/josh-mandel/wifes-assets-company-not-conflict-interest-casino-/,https://www.politifact.com/personalities/josh-mandel/,https://politifact.com/staff/stephen-koff/,
marcia-fudge-says-black-voters-accounted-56-percen,politifact,true,"""In Cuyahoga County ... 56 percent of weekend voters in 2008 were African American while adult African Americans comprise 28 percent of the county population.""",Soprano et al,DEM_TRUE_doc7,5,2012-09-14,In Cuyahoga County56 percent of weekend voters in 2008 were African American while adult African Americans comprise 28 percent of the county population,25.0,2012-08-24,"stated on August 24, 2012 in a news release:",Ohio:::Elections:::Marcia Fudge,Ohio,,,marcia-fudge,Marcia Fudge,DEM,"Rep. Marcia Fudge, a Democrat from Warrensville Heights, is the congresswoman from Ohio's 11th district. Prior to her election to the House of Representatives, she was mayor of Warrensville Heights.",Sabrina Eaton,https://www.politifact.com/factchecks/2012/sep/14/marcia-fudge/marcia-fudge-says-black-voters-accounted-56-percen/,https://www.politifact.com/personalities/marcia-fudge/,https://politifact.com/staff/sabrina-eaton/,
mccain-spoke-up-early,politifact,true,"""John McCain stood up to the president and sounded the alarm on global warming ... five years ago.""",Soprano et al,REP_TRUE_doc5,5,2008-06-17,John McCain stood up to the president and sounded the alarm on global warmingfive years ago,18.0,2008-06-17,"stated on June 17, 2008 in a TV ad:",Environment:::National:::John McCain,,,,john-mccain,John McCain,REP,"John McCain was a U.S. senator from Arizona, a post he held from 1987 to his death in 2018. He previously served two terms in the U.S. House. He was the Republican nominee for president in 2008. McCain was a graduate of the U.S. Naval Academy and spent his career in the military, as his father did. He was a combat pilot in Vietnam who was shot down and spent 5 1/2 years as a prisoner of war. He was born in 1936 in Panama.",Bill Adair,https://www.politifact.com/factchecks/2008/jun/17/john-mccain/mccain-spoke-up-early/,https://www.politifact.com/personalities/john-mccain/,https://politifact.com/staff/bill-adair/,
ohio-senate-president-keith-faber-says-ohio-among-,politifact,true,"""Ohio companies export more goods and services globally than 41 other states.""",Soprano et al,REP_TRUE_doc7,5,2013-02-14,Ohio companies export more goods and services globally than 41 other states,12.0,2013-02-04,"stated on February 4, 2013 in a news conference:",Ohio:::Health Care:::Income:::Labor:::Public Health:::Workers:::Keith Faber,Ohio,Ohio,,keith-faber,Keith Faber,,"State Rep. Keith Faber is running for state auditor in 2018. His hometown is Celina, in western Ohio.",Tom Feran,https://www.politifact.com/factchecks/2013/feb/14/keith-faber/ohio-senate-president-keith-faber-says-ohio-among-/,https://www.politifact.com/personalities/keith-faber/,https://politifact.com/staff/tom-feran/,
romney-abortion-rape-incest,politifact,pants-on-fire,"Says Mitt Romney ""backed a bill that outlaws all abortions, even in cases of rape and incest.""",Soprano et al,DEM_LIE_doc6,0,2012-07-25,Says Mitt Romney backed a bill that outlaws all abortions even in cases of rape and incest,17,,ad,,,,DEM,,Barack Obama,DEM,,,https://www.politifact.com/factchecks/2012/jul/25/barack-obama/romney-abortion-rape-incest/,,,17
liberal-website-says-rep-jim-weidner-tried-take-he,politifact,true,"Says ""Rep. Jim Weidner proposed a bill taking away health care for 80,000 of Oregon's children.""",Soprano et al,DEM_TRUE_doc10,5,2010-10-08,Says Rep Jim Weidner proposed a bill taking away health care for 80000 of Oregons children,16.0,2010-09-30,"stated on September 30, 2010 in a website posting:",Oregon:::Health Care:::Taxes:::Blue Oregon,Oregon,Oregon,,blue-oregon,Blue Oregon,,"The blog BlueOregon describes itself as ""the water cooler around which Oregon progressives will gather.""",Ian K. Kullgren,https://www.politifact.com/factchecks/2010/oct/08/blue-oregon/liberal-website-says-rep-jim-weidner-tried-take-he/,https://www.politifact.com/personalities/blue-oregon/,https://politifact.com/staff/ian-kullgren/,
gov-bob-mcdonnell-says-hes-proposed-record-contrib,politifact,true,"Says he’s proposed ""the largest employer contribution to the Virginia Retirement System in history.""",Soprano et al,REP_TRUE_doc4,5,2012-01-06,Says hes proposed the largest employer contribution to the Virginia Retirement System in history,14.0,2011-12-19,"stated on December 19, 2011 in a speech.:",Pensions:::Virginia:::Bob McDonnell,Virginia,Virginia,,bob-mcdonnell,Bob McDonnell,REP:::DEM,"Bob McDonnell is the Republican governor of Virginia until January 2014. McDonnell was elected over Democratic state Sen. Creigh Deeds.McDonnell previously served in the Virginia House of Delegates from 1992 to 2006 and as state Attorney General from 2006 to 2009.McDonnell graduated from the University of Nortre Dame, Notre Dame, Ind., with a bachelor's degree in 1976. He then served in the U.S. Army on active duty from 1976 to 1981 and in the reserves until 1997, retiring as a lieutenant colenel. He received a master's degree in business adminsitration from Boston University in 1980 and a master's and law degree from Regent University, Virginia Beach, in 1989.",Sean Gorman,https://www.politifact.com/factchecks/2012/jan/06/bob-mcdonnell/gov-bob-mcdonnell-says-hes-proposed-record-contrib/,https://www.politifact.com/personalities/bob-mcdonnell/,https://politifact.com/staff/sean-gorman/,
state-rep-jason-isaac-says-diem-costs-taxpayers-27,politifact,true,"Says this month’s special session will cost the state $27,300 a day just for legislators’ daily living expenses.",Soprano et al,REP_TRUE_doc10,5,2011-06-06,Says this months special session will cost the state 27300 a day just for legislators daily living expenses,18.0,2011-05-30,"stated on May 30, 2011 in a tweet:",Texas:::Jason Isaac,Texas,,,jason-isaac,Jason Isaac,,"Jason Isaac was initially elected in 2010 to represent District 45 in the Texas House. He's a 2018 candidate for the U.S. House seat to be vacated by Lamar Smith, R-San Antonio.",Ciara O'Rourke,https://www.politifact.com/factchecks/2011/jun/06/jason-isaac/state-rep-jason-isaac-says-diem-costs-taxpayers-27/,https://www.politifact.com/personalities/jason-isaac/,https://politifact.com/staff/ciara-orourke/,
rep-dennis-kucinich-calls-end-americas-longest-war,politifact,true,"""The War in Afghanistan is officially the longest war Americans have ever been asked to endure.""",Soprano et al,DEM_TRUE_doc9,5,2010-07-23,The War in Afghanistan is officially the longest war Americans have ever been asked to endure,16.0,2010-06-10,"stated on June 10, 2010 in a statement posted to his website:",Afghanistan:::Ohio:::History:::Military:::Dennis Kucinich,Ohio,,,dennis-kucinich,Dennis Kucinich,DEM,"Dennis Kucinich is running in the Democratic primary for governor of Ohio in 2018. Kucinich was elected to Congress in 1996. He previously served as a member of the city council and as mayor in Cleveland, the city where he was born in 1946. He earned bachelor's and master's degrees from Case Western University. He has been married since 2005 to Elizabeth Harper. He was married twice before and has one child. He withdrew from the presidential race on Jan. 25, 2008.",Robert Higgs,https://www.politifact.com/factchecks/2010/jul/23/dennis-kucinich/rep-dennis-kucinich-calls-end-americas-longest-war/,https://www.politifact.com/personalities/dennis-kucinich/,https://politifact.com/staff/robert-higgs/,
ohio-first-state-professional-baseball-team,politifact,true,"""The first professional baseball team was from an Ohio city.""",Soprano et al,DEM_TRUE_doc4,5,2010-07-30,The first professional baseball team was from an Ohio city,10.0,2010-06-22,"stated on June 22, 2010 in speech on urban issues:",Ohio:::Baseball:::Yvette McGee Brown,Ohio,Ohio,,yvette-mcgee-brown,Yvette McGee Brown,,"Yvette McGee Brown is a justice for the Ohio Supreme Court, appointed by Gov. Ted Strickland to fill a vacancy created by the 2010 elections. She also was Strickland's running mate in the 2010 gubernatorial election.",Aaron Marshall,https://www.politifact.com/factchecks/2010/jul/30/yvette-mcgee-brown/ohio-first-state-professional-baseball-team/,https://www.politifact.com/personalities/yvette-mcgee-brown/,https://politifact.com/staff/aaron-marshall/,
desantis-says-obamacare-tax-cheaper-insurance,politifact,true,"The tax penalty that the government imposes if you don't buy health insurance ""is lower than it would have cost to buy insurance.""",Soprano et al,REP_TRUE_doc2,5,2013-01-24,The tax penalty that the government imposes if you dont buy health insurance is lower than it would have cost to buy insurance,23.0,2013-01-21,"stated on January 21, 2013 in an interview on Fox News:",National:::Health Care:::Ron DeSantis,,,,ron-desantis,Ron DeSantis,REP,"Ron DeSantis dropped out of the Republican primary for president on Jan. 21, 2024 days before the New Hampshire primary. DeSantis won the race for Florida governor in 2018 and 2022. DeSantis was first elected to Congress in 2012 and resigned in September 2018 to focus on his campaign. He represented Florida's 6th Congressional District which is south of St. Augustine and north of Orlando and includes Daytona Beach. DeSantis initially ran for U.S. Senate in 2016 but dropped out after Marco Rubio decided to seek re-election.",Molly Moorhead,https://www.politifact.com/factchecks/2013/jan/24/ron-desantis/desantis-says-obamacare-tax-cheaper-insurance/,https://www.politifact.com/personalities/ron-desantis/,https://politifact.com/staff/molly-moorhead/,
barack-obama-state-union-says-corporate-profits-ar,politifact,true,"""Two years after the worst recession most of us have ever known ... corporate profits are up.""",Soprano et al,DEM_TRUE_doc6,5,2011-01-26,Two years after the worst recession most of us have ever knowncorporate profits are up,17.0,2011-01-25,"stated on January 25, 2011 in the State of the Union address:",National:::Corporations:::Economy:::Barack Obama,,,,barack-obama,Barack Obama,,"Barack Obama is the former president of the United States. Obama also served as a U.S. senator from Illinois. He was born in 1961 in Hawaii, where his parents met as students at the University of Hawaii. Obama's father is from Kenya and his mother is from Kansas. He graduated from Columbia University and received his law degree from Harvard Law School. Obama previously served in the Illinois state Senate and was an instructor at the University of Chicago Law School. He and his wife, Michelle, have two daughters, Malia and Sasha.",Louis Jacobson,https://www.politifact.com/factchecks/2011/jan/26/barack-obama/barack-obama-state-union-says-corporate-profits-ar/,https://www.politifact.com/personalities/barack-obama/,https://politifact.com/staff/louis-jacobson/,
studies-show-hand-washing-reduces-disease,politifact,true,"Washing your hands and covering your mouth when you cough ""makes a huge difference"" in reducing transmission of the flu.",Soprano et al,DEM_TRUE_doc8,5,2009-04-30,Washing your hands and covering your mouth when you cough makes a huge difference in reducing transmission of the flu,20.0,2009-04-29,"stated on April 29, 2009 in a press conference:",National:::Health Care:::Barack Obama,,,,barack-obama,Barack Obama,,"Barack Obama is the former president of the United States. Obama also served as a U.S. senator from Illinois. He was born in 1961 in Hawaii, where his parents met as students at the University of Hawaii. Obama's father is from Kenya and his mother is from Kansas. He graduated from Columbia University and received his law degree from Harvard Law School. Obama previously served in the Illinois state Senate and was an instructor at the University of Chicago Law School. He and his wife, Michelle, have two daughters, Malia and Sasha.",Angie Drobnic Holan,https://www.politifact.com/factchecks/2009/apr/30/barack-obama/studies-show-hand-washing-reduces-disease/,https://www.politifact.com/personalities/barack-obama/,https://politifact.com/staff/angie-drobnic-holan/,
rep-sheila-jackson-lee-d-texas-says-we-did-not-see,politifact,mostly-false,"""We did not seek an impeachment of President Bush.""",Soprano et al,DEM_BARELYTRUE_doc3,2,2014-07-31,We did not seek an impeachment of President Bush,9,,a speech,,,,DEM,,Sheila Jackson Lee,DEM,,,https://www.politifact.com/factchecks/2014/jul/31/sheila-jackson-lee/rep-sheila-jackson-lee-d-texas-says-we-did-not-see/,,,9
greg-abbott-says-22-times-barack-obama-said-he-cou,politifact,mostly-true,"""22 times Barack Obama said he did not have the authority to implement this type of"" anti-deportation ""measure. And then the day after he signed this into law, he said, quote, ‘I just changed the law.’""",Soprano et al,REP_MOSTLYTRUE_doc1,4,2015-02-23,22 times Barack Obama said he did not have the authority to implement this type of antideportation measure And then the day after he signed this into law he said quote I just changed the law,36.0,2015-02-17,"stated on February 17, 2015 in an interview with Sean Hannity on Fox News:",Immigration:::Texas:::Greg Abbott,Texas,,,greg-abbott,Greg Abbott,REP,"Greg Abbott won election as governor of Texas in November 2014, carrying 59 percent of the vote. Abbott was re-elected in 2018. Abbott, a former member of the Texas Supreme Court, served three terms as the state's attorney general before being succeeded by Ken Paxton in early 2015.",W. Gardner Selby,https://www.politifact.com/factchecks/2015/feb/23/greg-abbott/greg-abbott-says-22-times-barack-obama-said-he-cou/,https://www.politifact.com/personalities/greg-abbott/,https://politifact.com/staff/w-gardner-selby/,
mitt-romney-camp-says-6400-ohioans-lost-manufactur,politifact,mostly-true,"""6,400 Ohioans ... lost manufacturing jobs in the month of September.""",Soprano et al,REP_MOSTLYTRUE_doc8,4,2012-10-26,6400 Ohioanslost manufacturing jobs in the month of September,11.0,2012-10-22,"stated on October 22, 2012 in a news release:",Ohio:::Economy:::Jobs:::Mitt Romney,Ohio,Ohio,,mitt-romney,Mitt Romney,REP,"Mitt Romney is a U.S. senator from Utah. He ran for president in 2012 as the Republican nominee, losing to incumbent President Barack Obama. Prior to that, Romney served one term as governor of Massachusetts, elected to the post in 2002. He was born in 1947 in Michigan, where his father was governor from 1963 to 1969. Romney graduated from Brigham Young University and received both a law degree and an MBA from Harvard University. Romney helped found the investment firm Bain Capital in 1984, which launched or rebuilt such companies as Staples and Dominos Pizza. Romney managed the Winter Olympics in Salt Lake City from 1999-2002. He ran for president in 2008 but lost the Republican nomination. He and his wife, Ann, have five sons, Tagg, Craig, Matt, Ben and Josh.",Stephen Koff,https://www.politifact.com/factchecks/2012/oct/26/mitt-romney/mitt-romney-camp-says-6400-ohioans-lost-manufactur/,https://www.politifact.com/personalities/mitt-romney/,https://politifact.com/staff/stephen-koff/,
tim-ryan-says-poverty-rate-women-highest-two-decad,politifact,mostly-true,"Attacks on Planned Parenthood ""come at a time when the poverty rate among women is the highest in nearly two decades and 1 in 5 women under 65 don’t have access to health care.""",Soprano et al,DEM_MOSTLYTRUE_doc8,4,2011-11-02,Attacks on Planned Parenthood come at a time when the poverty rate among women is the highest in nearly two decades and 1 in 5 women under 65 dont have access to health care,34.0,2011-09-28,"stated on September 28, 2011 in a news release:",Ohio:::Health Care:::Poverty:::Women:::Tim Ryan,Ohio,,,tim-ryan,Tim Ryan,DEM,"Tim Ryan is a representative of Ohio’s 13th Congressional District. Ryan served the state’s 17th Congressional District from 2003 until 2013, when he assumed office to represent the 13th District. In 2019, he ran for the Democratic nomination for president. In 2022, he is running for an Ohio U.S. Senate seat.",Peter Krouse,https://www.politifact.com/factchecks/2011/nov/02/tim-ryan/tim-ryan-says-poverty-rate-women-highest-two-decad/,https://www.politifact.com/personalities/tim-ryan/,https://politifact.com/staff/peter-krouse/,
obama-co-sponsored-illinois-welfare-reform,politifact,mostly-true,"Barack Obama ""passed laws moving people from welfare to work.""",Soprano et al,DEM_MOSTLYTRUE_doc6,4,2008-06-23,Barack Obama passed laws moving people from welfare to work,10,,ad,,,,DEM,,Barack Obama,DEM,,,https://www.politifact.com/factchecks/2008/jun/23/barack-obama/obama-co-sponsored-illinois-welfare-reform/,,,10
barbara-boxer-says-carly-fiorina-against-banning-a,politifact,mostly-true,"Carly Fiorina, she's against banning assault weapons.",Soprano et al,DEM_MOSTLYTRUE_doc5,4,2010-10-21,Carly Fiorina shes against banning assault weapons,7.0,2010-10-15,"stated on October 15, 2010 in a campaign ad:",National:::Message Machine 2010:::Guns:::Barbara  Boxer,,,,barbara-boxer,Barbara Boxer,,Barbara Boxer is California's junior senator.,Angie Drobnic Holan,https://www.politifact.com/factchecks/2010/oct/21/barbara-boxer/barbara-boxer-says-carly-fiorina-against-banning-a/,https://www.politifact.com/personalities/barbara-boxer/,https://politifact.com/staff/angie-drobnic-holan/,
2016-horizon-scott-walker-asserts-his-appeal-among,politifact,mostly-true,"More than any Republican governor in the 2014 elections, ""I took a higher percentage of the Republican vote""and ""yet I also carried independents by 12 points.""",Soprano et al,REP_MOSTLYTRUE_doc2,4,2015-03-04,More than any Republican governor in the 2014 elections I took a higher percentage of the Republican voteand yet I also carried independents by 12 points,26.0,2015-02-26,"stated on February 26, 2015 in an interview:",Candidate Biography:::Elections:::States:::Wisconsin:::Scott Walker,Wisconsin,,REP,scott-walker,Scott Walker,REP,"Scott Walker, a Republican, is the former governor of Wisconsin. He was first elected in November 2010. He survived a recall election in 2012, defeating Milwaukee Mayor Tom Barrett after igniting controversy with a bill curtailing public-employee union collective-bargaining rights.  He won re-election to a four-year term in November 2014 and was a 2016 presidential candidate before dropping out in September of 2015. He was defeated by Tony Evers in the 2018 gubernatorial election. Walker is a former Milwaukee County executive and former member of the state Assembly.",Tom Kertscher,https://www.politifact.com/factchecks/2015/mar/04/scott-walker/2016-horizon-scott-walker-asserts-his-appeal-among/,https://www.politifact.com/personalities/scott-walker/,https://politifact.com/staff/tom-kertscher/,
sherrod-brown-says-unemployment-among-young-vets-t,politifact,mostly-true,"""More than one in five of veterans aged 20 to 24 can’t find a job to support their family or to ease the transition to civilian life.""",Soprano et al,DEM_MOSTLYTRUE_doc7,4,2012-01-23,More than one in five of veterans aged 20 to 24 cant find a job to support their family or to ease the transition to civilian life,27.0,2012-01-18,"stated on January 18, 2012 in a news release:",Ohio:::Economy:::Jobs:::Military:::Veterans:::Sherrod Brown,Ohio,,,sherrod-brown,Sherrod Brown,DEM,Sherrod Brown is a Democratic U.S. Senator representing Ohio. He won his first elected office to the Ohio House of Representatives in 1974. He later served as Ohio secretary of state and was elected to Congress in 1992. He first joined the U.S. Senate in 2007.,Tom Feran,https://www.politifact.com/factchecks/2012/jan/23/sherrod-brown/sherrod-brown-says-unemployment-among-young-vets-t/,https://www.politifact.com/personalities/sherrod-brown/,https://politifact.com/staff/tom-feran/,
gov-chris-christie-claims-only-17-150000-tenured-n,politifact,mostly-true,"Out of 150,000 tenured teachers in the last 10 years, only 17 have been dismissed for incompetence.",Soprano et al,REP_MOSTLYTRUE_doc4,4,2011-06-10,Out of 150000 tenured teachers in the last 10 years only 17 have been dismissed for incompetence,17.0,2011-04-29,"stated on April 29, 2011 in a speech at the Harvard Graduate School of Education:",New Jersey:::Education:::Chris Christie,New Jersey,,,chris-christie,Chris Christie,REP,"Chris Christie announced June 6, 2023 that he is running for the Republican nomination for president and dropped out shortly before the Iowa caucus in January 2024. Christie was the governor of New Jersey and a candidate for the Republican nomination for president in 2016. As governor, Christie won office in 2010 and was re-elected in 2014. Prior to that, he was U.S. Attorney for the District of New Jersey from 2002 to 2008.",Bill Wichert,https://www.politifact.com/factchecks/2011/jun/10/chris-christie/gov-chris-christie-claims-only-17-150000-tenured-n/,https://www.politifact.com/personalities/chris-christie/,https://politifact.com/staff/bill-wichert/,
chris-christie-ad-claims-barbara-buono-voted-give-,politifact,mostly-true,"Says Barbara Buono ""voted to raise her own pay 40 percent.""",Soprano et al,REP_MOSTLYTRUE_doc6,4,2013-10-27,Says Barbara Buono voted to raise her own pay 40 percent,11.0,2013-10-21,"stated on October 21, 2013 in a gubernatorial campaign TV ad:",New Jersey:::Chris Christie,New Jersey,,,chris-christie,Chris Christie,REP,"Chris Christie announced June 6, 2023 that he is running for the Republican nomination for president and dropped out shortly before the Iowa caucus in January 2024. Christie was the governor of New Jersey and a candidate for the Republican nomination for president in 2016. As governor, Christie won office in 2010 and was re-elected in 2014. Prior to that, he was U.S. Attorney for the District of New Jersey from 2002 to 2008.",Caryn Shinske,https://www.politifact.com/factchecks/2013/oct/27/chris-christie/chris-christie-ad-claims-barbara-buono-voted-give-/,https://www.politifact.com/personalities/chris-christie/,https://politifact.com/staff/caryn-shinske/,
us-rep-gwen-moore-ridicules-mitch-mcconnell-credit,politifact,mostly-true,"Says Mitch McConnell credits Republicans ""for recent economic improvements"" even though they took control of the Senate only ""days ago.""",Soprano et al,DEM_MOSTLYTRUE_doc9,4,2015-01-14,Says Mitch McConnell credits Republicans for recent economic improvements even though they took control of the Senate only days ago,20.0,2015-01-07,"stated on January 7, 2015 in a tweet:",Congress:::Economy:::Elections:::Jobs:::Wisconsin:::Gwen Moore,Wisconsin,,,gwen-moore,Gwen Moore,DEM,"U.S. Rep. Gwen Moore is a Democratic member of Congress, representing Wisconsin's 4th District, which primarily includes Milwaukee. Moore, who served in the state Legislature from 1989 to 2004, was elected to Congress in 2004.",Tom Kertscher,https://www.politifact.com/factchecks/2015/jan/14/gwen-moore/us-rep-gwen-moore-ridicules-mitch-mcconnell-credit/,https://www.politifact.com/personalities/gwen-moore/,https://politifact.com/staff/tom-kertscher/,
fighting-recall-wisconsin-gov-scott-walker-says-do,politifact,mostly-true,"Says Wisconsin Democrats during the previous administration adopted ""double-digit tax increases.""",Soprano et al,REP_MOSTLYTRUE_doc5,4,2012-01-25,Says Wisconsin Democrats during the previous administration adopted doubledigit tax increases,11.0,2012-01-03,"stated on January 3, 2012 in a TV ad:",Corporations:::Message Machine 2012:::State Budget:::Taxes:::Wisconsin:::Scott Walker,Wisconsin,Wisconsin,,scott-walker,Scott Walker,REP,"Scott Walker, a Republican, is the former governor of Wisconsin. He was first elected in November 2010. He survived a recall election in 2012, defeating Milwaukee Mayor Tom Barrett after igniting controversy with a bill curtailing public-employee union collective-bargaining rights.  He won re-election to a four-year term in November 2014 and was a 2016 presidential candidate before dropping out in September of 2015. He was defeated by Tony Evers in the 2018 gubernatorial election. Walker is a former Milwaukee County executive and former member of the state Assembly.",Tom Kertscher,https://www.politifact.com/factchecks/2012/jan/25/scott-walker/fighting-recall-wisconsin-gov-scott-walker-says-do/,https://www.politifact.com/personalities/scott-walker/,https://politifact.com/staff/tom-kertscher/,
paul-sadler-says-he-and-others-gave-texas-teachers,politifact,mostly-true,"Says in his years as a Texas legislator, ""we passed three pay increases for teachers and provided them with health insurance.""",Soprano et al,DEM_MOSTLYTRUE_doc10,4,2012-02-17,Says in his years as a Texas legislator we passed three pay increases for teachers and provided them with health insurance,21.0,2012-01-27,"stated on January 27, 2012 in a post on his campaign's Facebook page:",Education:::Texas:::Paul Sadler,Texas,Texas,,paul-sadler,Paul Sadler,,"Paul Sadler, a lawyer who previously worked with the Wind Coalition energy advocacy group, served in the Texas House from 1991 through 2003, an East Texas district around Henderson. He was his party's 2012 U.S. Senate nominee.",Sue Owen,https://www.politifact.com/factchecks/2012/feb/17/paul-sadler/paul-sadler-says-he-and-others-gave-texas-teachers/,https://www.politifact.com/personalities/paul-sadler/,https://politifact.com/staff/sue-owen/,
are-administrative-costs-capped-5-percent-portland,politifact,true,"Says the Portland Children’s Levy holds its ""administrative expenses to less than 5 percent.""",Soprano et al,DEM_TRUE_doc2,5,2012-12-19,Says the Portland Childrens Levy holds its administrative expenses to less than 5 percent,14,,an interview,,,,DEM,,Dan Saltzman,DEM,,,https://www.politifact.com/factchecks/2012/dec/19/dan-saltzman/are-administrative-costs-capped-5-percent-portland/,,,14
obama-says-veteran-homelessness-has-been-cut-third,politifact,mostly-true,"Since 2009, ""we've cut homelessness (among veterans) by a third.""",Soprano et al,DEM_MOSTLYTRUE_doc2,4,2015-07-28,Since 2009 weve cut homelessness among veterans by a third,10.0,2015-07-21,"stated on July 21, 2015 in an online interview with ""The Daily Show"":",National:::Housing:::Veterans:::Barack Obama,,,,barack-obama,Barack Obama,,"Barack Obama is the former president of the United States. Obama also served as a U.S. senator from Illinois. He was born in 1961 in Hawaii, where his parents met as students at the University of Hawaii. Obama's father is from Kenya and his mother is from Kansas. He graduated from Columbia University and received his law degree from Harvard Law School. Obama previously served in the Illinois state Senate and was an instructor at the University of Chicago Law School. He and his wife, Michelle, have two daughters, Malia and Sasha.",Kirby Wilson,https://www.politifact.com/factchecks/2015/jul/28/barack-obama/obama-says-veteran-homelessness-has-been-cut-third/,https://www.politifact.com/personalities/barack-obama/,https://politifact.com/staff/kirby-wilson/,
barack-obama-says-minimum-wage-higher-now-under-ha,politifact,half-true,"The minimum wage ""in real terms right now is below where it was when Harry Truman was in office.""",Soprano et al,DEM_HALFTRUE_doc4,3,2013-12-04,The minimum wage in real terms right now is below where it was when Harry Truman was in office,19,,a speech,,,,DEM,,Barack Obama,DEM,,,https://www.politifact.com/factchecks/2013/dec/04/barack-obama/barack-obama-says-minimum-wage-higher-now-under-ha/,,,19
rep-virginia-foxx-warns-mismatch-between-skills-av,politifact,mostly-true,"""There are 3.6 million jobs sitting vacant, in part because there aren’t enough qualified applicants to fill them.""",Soprano et al,REP_MOSTLYTRUE_doc3,4,2013-03-14,There are 36 million jobs sitting vacant in part because there arent enough qualified applicants to fill them,18.0,2013-03-12,"stated on March 12, 2013 in a House floor speech:",National:::Economy:::Jobs:::Virginia Foxx,,,,virginia-foxx,Virginia Foxx,REP,Virginia Foxx is a Republican member of the House of Representatives from North Carolina.,Louis Jacobson,https://www.politifact.com/factchecks/2013/mar/14/virginia-foxx/rep-virginia-foxx-warns-mismatch-between-skills-av/,https://www.politifact.com/personalities/virginia-foxx/,https://politifact.com/staff/louis-jacobson/,
does-kingston-bring-home-bacon,politifact,mostly-true,"U.S. Senate candidate Jack Kingston ""requested more earmarks than any other GA Congressman and all GA GOP members combined.""",Soprano et al,REP_MOSTLYTRUE_doc9,4,2014-07-01,US Senate candidate Jack Kingston requested more earmarks than any other GA Congressman and all GA GOP members combined,19.0,2014-06-23,"stated on June 23, 2014 in In a Twitter post:",Georgia:::Federal Budget:::David Perdue,Georgia,,REP,david-perdue,David Perdue,REP,David Perdue is running in the 2022 Republican primary for governor of Georgia. He was a U.S. Senator from January 2015 to January 2021. He has been the CEO of several businesses and is the cousin of former Georgia Gov. Sonny Perdue.,April Hunt,https://www.politifact.com/factchecks/2014/jul/01/david-perdue/does-kingston-bring-home-bacon/,https://www.politifact.com/personalities/david-perdue/,https://politifact.com/staff/april-hunt/,
scott-walker-says-job-growth-better-under-jim-doyl,politifact,mostly-true,"""We in this state saw more job creation in the last three years since I've been governor than you saw in the whole eight years of Doyle’s time as governor.""",Soprano et al,REP_MOSTLYTRUE_doc7,4,2014-07-09,We in this state saw more job creation in the last three years since Ive been governor than you saw in the whole eight years of Doyles time as governor,30.0,2014-06-19,"stated on June 19, 2014 in a news conference:",Jobs:::Wisconsin:::Scott Walker,Wisconsin,,,scott-walker,Scott Walker,REP,"Scott Walker, a Republican, is the former governor of Wisconsin. He was first elected in November 2010. He survived a recall election in 2012, defeating Milwaukee Mayor Tom Barrett after igniting controversy with a bill curtailing public-employee union collective-bargaining rights.  He won re-election to a four-year term in November 2014 and was a 2016 presidential candidate before dropping out in September of 2015. He was defeated by Tony Evers in the 2018 gubernatorial election. Walker is a former Milwaukee County executive and former member of the state Assembly.",Devon Waugh,https://www.politifact.com/factchecks/2014/jul/09/scott-walker/scott-walker-says-job-growth-better-under-jim-doyl/,https://www.politifact.com/personalities/scott-walker/,https://politifact.com/staff/devon-waugh/,
memphis-mayor-c-wharton-says-tax-increase-not-city,politifact,mostly-true,"""We will not ask for a tax increase to run city government.""",Soprano et al,DEM_MOSTLYTRUE_doc1,4,2012-05-06,We will not ask for a tax increase to run city government,12.0,2012-04-16,"stated on April 16, 2012 in an interview about his city budget proposal.:",Tennessee:::Education:::Taxes:::A C Wharton,Tennessee,,,c-wharton,A C Wharton,,"The former public defender for Shelby County has won landslide victories since first running for mayor of Shelby County in 2002, taking two county mayoral elections before winning a special election in 2009 to become Memphis's first new mayor in 18 years, succeeding Willie Herenton. Wharton won another landslide in 2011 and his first full four-year term began on Jan. 1, 2012.Wharton received his law degree in 1971, graduating with honors from the University of Mississippi Law School, where he was one of the first African-American students to serve on the Moot Court Board and first to serve on the Judicial Council. He became the University's first African-American professor of law, where he taught for 25 years. He earned a political science degree from Tennessee State University and is a native of Lebanon, Tennessee.The Mayor and his wife, Ruby, have raised six sons in Memphis.",Zack McMillin,https://www.politifact.com/factchecks/2012/may/06/c-wharton/memphis-mayor-c-wharton-says-tax-increase-not-city/,https://www.politifact.com/personalities/c-wharton/,https://politifact.com/staff/zack-mcmillin/,
scott-walker-says-wisconsin-tops-its-neighbors-inc,politifact,true,"""Wisconsin is #1 in the Midwest for personal income growth over the year.""",Soprano et al,REP_TRUE_doc9,5,2014-08-14,Wisconsin is 1 in the Midwest for personal income growth over the year,13,,social media,,,,REP,,Scott Walker,REP,,,https://www.politifact.com/factchecks/2014/aug/14/scott-walker/scott-walker-says-wisconsin-tops-its-neighbors-inc/,,,13
pascrell-says-22000-americans-die-yearly-because-t,politifact,half-true,"""As many as 22,000 Americans die each year because they don’t have health insurance.""",Soprano et al,DEM_HALFTRUE_doc3,3,2009-08-20,As many as 22000 Americans die each year because they dont have health insurance,14.0,2009-07-28,"stated on July 28, 2009 in a speech on the House floor:",National:::Health Care:::Bill Pascrell,,,,bill-pascrell,Bill Pascrell,DEM,Bill Pascrell is Democratic member of the House of Representatives from New Jersey.,Louis Jacobson,https://www.politifact.com/factchecks/2009/aug/20/bill-pascrell/pascrell-says-22000-americans-die-yearly-because-t/,https://www.politifact.com/personalities/bill-pascrell/,https://politifact.com/staff/louis-jacobson/,
cumberland-mayor-mckee-says-rhode-island-giving-ce,politifact,half-true,"Central Falls ""schools are overfunded by state money by as much as $8 million.""",Soprano et al,DEM_HALFTRUE_doc1,3,2011-08-07,Central Falls schools are overfunded by state money by as much as 8 million,14.0,2011-08-02,"stated on August 2, 2011 in a radio interview:",Bankruptcy:::Rhode Island:::City Budget:::Education:::Daniel McKee,Rhode Island,,,daniel-mckee,Daniel McKee,,"Daniel McKee is a mayor of Cumberland, R.I., who was elected Rhode Island's lieutenant governor in 2014. He served on Cumberland's town council from 1992-1998. He is a former basketball coach and has served on the board of directors of the Boys and Girls Club of Cumberland-Lincoln beginning in 1978.",C. Eugene Emery Jr.,https://www.politifact.com/factchecks/2011/aug/07/daniel-mckee/cumberland-mayor-mckee-says-rhode-island-giving-ce/,https://www.politifact.com/personalities/daniel-mckee/,https://politifact.com/staff/c-eugene-emery/,
abbott-defended-school-funding-system-and-legislat,politifact,half-true,Greg Abbott defended more than $5 billion in public school funding cuts in fighting hundreds of school districts in court.,Soprano et al,DEM_HALFTRUE_doc9,3,2013-12-18,Greg Abbott defended more than 5 billion in public school funding cuts in fighting hundreds of school districts in court,20.0,2013-12-03,"stated on December 3, 2013 in a post on her campaign website:",Education:::State Budget:::Texas:::Wendy Davis,Texas,,,wendy-davis,Wendy Davis,DEM,"Wendy Davis, a Fort Worth attorney, was initially elected to the Texas Senate in 2008. She was the 2014 Democratic gubernatorial nominee, giving up a shot at winning re-election to the Senate.",W. Gardner Selby,https://www.politifact.com/factchecks/2013/dec/18/wendy-davis/abbott-defended-school-funding-system-and-legislat/,https://www.politifact.com/personalities/wendy-davis/,https://politifact.com/staff/w-gardner-selby/,
todd-staples-says-21-percent-2009-texas-high-schoo,politifact,half-true,"In ""the fall of 2009, only 21 percent of Texas high school graduates enrolled in a four-year public university.""",Soprano et al,REP_HALFTRUE_doc10,3,2010-12-03,In the fall of 2009 only 21 percent of Texas high school graduates enrolled in a fouryear public university,19.0,2010-11-11,"stated on November 11, 2010 in a Web post.:",Economy:::Education:::Texas:::Todd Staples,Texas,Texas,,todd-staples,Todd Staples,REP,"Staples was first elected agriculture commissioner of Texas in 2006 after previously serving in the Texas Senate and House. He unsuccessfully sought the 2014 Republican nomination for lieutenant governor, afterward resigning for another job.",W. Gardner Selby,https://www.politifact.com/factchecks/2010/dec/03/todd-staples/todd-staples-says-21-percent-2009-texas-high-schoo/,https://www.politifact.com/personalities/todd-staples/,https://politifact.com/staff/w-gardner-selby/,
obama-numbers-income-explanation,politifact,half-true,"""Our economy could fall $1 trillion short of its full capacity, which translates into more than $12,000 in lost income for a family of four.""",Soprano et al,DEM_HALFTRUE_doc6,3,2009-01-26,Our economy could fall 1 trillion short of its full capacity which translates into more than 12000 in lost income for a family of four,25.0,2009-01-24,"stated on January 24, 2009 in in a weekly YouTube and radio address:",National:::Economy:::Stimulus:::Barack Obama,,,,barack-obama,Barack Obama,,"Barack Obama is the former president of the United States. Obama also served as a U.S. senator from Illinois. He was born in 1961 in Hawaii, where his parents met as students at the University of Hawaii. Obama's father is from Kenya and his mother is from Kansas. He graduated from Columbia University and received his law degree from Harvard Law School. Obama previously served in the Illinois state Senate and was an instructor at the University of Chicago Law School. He and his wife, Michelle, have two daughters, Malia and Sasha.",Angie Drobnic Holan,https://www.politifact.com/factchecks/2009/jan/26/barack-obama/obama-numbers-income-explanation/,https://www.politifact.com/personalities/barack-obama/,https://politifact.com/staff/angie-drobnic-holan/,
barack-obama-state-union-says-us-has-cut-carbon-po,politifact,half-true,"""Over the past eight years, the United States has reduced our total carbon pollution more than any other nation on Earth.""",Soprano et al,DEM_HALFTRUE_doc5,3,2014-01-29,Over the past eight years the United States has reduced our total carbon pollution more than any other nation on Earth,21.0,2014-01-28,"stated on January 28, 2014 in the State of the Union address:",Environment:::National:::Energy:::Foreign Policy:::Barack Obama,,,,barack-obama,Barack Obama,,"Barack Obama is the former president of the United States. Obama also served as a U.S. senator from Illinois. He was born in 1961 in Hawaii, where his parents met as students at the University of Hawaii. Obama's father is from Kenya and his mother is from Kansas. He graduated from Columbia University and received his law degree from Harvard Law School. Obama previously served in the Illinois state Senate and was an instructor at the University of Chicago Law School. He and his wife, Michelle, have two daughters, Malia and Sasha.",Louis Jacobson,https://www.politifact.com/factchecks/2014/jan/29/barack-obama/barack-obama-state-union-says-us-has-cut-carbon-po/,https://www.politifact.com/personalities/barack-obama/,https://politifact.com/staff/louis-jacobson/,
carcieri-says-tax-repeal-spawned-new-business,politifact,half-true,"Repealing the sales tax on boats in Rhode Island has spawned 2,000 companies, 7,000 jobs and close to $2 billion a year in sales activity.",Soprano et al,REP_HALFTRUE_doc1,3,2010-08-08,Repealing the sales tax on boats in Rhode Island has spawned 2000 companies 7000 jobs and close to 2 billion a year in sales activity,25.0,2010-07-27,"stated on July 27, 2010 in an interview on Fox News' ""The Neil Cavuto Show,"" about U.S. Sen. John Kerry's boat:",Rhode Island:::Economy:::States:::Taxes:::Donald Carcieri,Rhode Island,Rhode Island,,donald-carcieri,Donald Carcieri,REP,"Donald Carcieri, a Republican, served as Rhode Island's governor from 2003 to 2010. He is a former CEO of Cookson America.",Cynthia Needham,https://www.politifact.com/factchecks/2010/aug/08/donald-carcieri/carcieri-says-tax-repeal-spawned-new-business/,https://www.politifact.com/personalities/donald-carcieri/,https://politifact.com/staff/cynthia-needham/,
wall-street-businesses-have-returned-money-ohio-ri,politifact,half-true,"Says his office ""has already recovered over $2 billion from Wall Street for the workers, retirees, and investors who were harmed.""",Soprano et al,DEM_HALFTRUE_doc10,3,2010-07-26,Says his office has already recovered over 2 billion from Wall Street for the workers retirees and investors who were harmed,21.0,2010-07-06,"stated on July 6, 2010 in a statement posted to his website:",Ohio:::Richard Cordray,Ohio,,,richard-cordray,Richard Cordray,DEM,Richard Cordray is running for Ohio governor in 2018. Cordray was appointed as the first director of the Consumer Financial Protection Bureau during President Barack Obama's administration. He is the former attorney general of Ohio and a Democrat.,Aaron Marshall,https://www.politifact.com/factchecks/2010/jul/26/richard-cordray/wall-street-businesses-have-returned-money-ohio-ri/,https://www.politifact.com/personalities/richard-cordray/,https://politifact.com/staff/aaron-marshall/,
rick-perry-says-neither-mexico-president-felipe-ca,politifact,half-true,"Says neither President Barack Obama nor Mexico President Felipe Calderon ""have been on the border to see what's happening to the citizens of Mexico, and for that matter the citizens of Texas.""",Soprano et al,REP_HALFTRUE_doc2,3,2011-03-04,Says neither President Barack Obama nor Mexico President Felipe Calderon have been on the border to see whats happening to the citizens of Mexico and for that matter the citizens of Texas,32.0,2011-03-02,"stated on March 2, 2011 in an interview.:",Immigration:::Texas:::Rick Perry,Texas,Texas,,rick-perry,Rick Perry,,"Rick Perry is the U.S. Energy Secretary and was governor of Texas from late December 2000 through 2014. He was re-elected in 2002, 2006 and 2010. He unsucessfully ran for president in 2012 and 2016.",W. Gardner Selby,https://www.politifact.com/factchecks/2011/mar/04/rick-perry/rick-perry-says-neither-mexico-president-felipe-ca/,https://www.politifact.com/personalities/rick-perry/,https://politifact.com/staff/w-gardner-selby/,
steve-munisteri-republican-party-chair-says-austin,politifact,half-true,Says the Austin chapter of the League of Women Voters has no Republicans among elected officers or on its debate committee.,Soprano et al,REP_HALFTRUE_doc7,3,2010-09-20,Says the Austin chapter of the League of Women Voters has no Republicans among elected officers or on its debate committee,21.0,2010-08-31,"stated on August 31, 2010 in a press release.:",Bipartisanship:::Texas:::Steve Munisteri,Texas,,,steve-munisteri,Steve Munisteri,REP,"Munisteri, initially elected to chair the Republican Party of Texas in 2010, is a longtime GOP activist. He helped found Young Conservatives of Texas in the 1980s. He says on a state party website that he retired from law practice in 2008 to concentrate on other financial and business interests.",W. Gardner Selby,https://www.politifact.com/factchecks/2010/sep/20/steve-munisteri/steve-munisteri-republican-party-chair-says-austin/,https://www.politifact.com/personalities/steve-munisteri/,https://politifact.com/staff/w-gardner-selby/,
kilmartin-says-secure-communities-program-has-prov,politifact,half-true,"Secure Communities ""has a proven track record of enhancing public safety by focusing on violent offenders and those that pose a threat to our communities and our national security.""",Soprano et al,DEM_HALFTRUE_doc8,3,2011-01-30,Secure Communities has a proven track record of enhancing public safety by focusing on violent offenders and those that pose a threat to our communities and our national security,29.0,2011-01-11,"stated on January 11, 2011 in a news release:",Immigration:::Rhode Island:::Crime:::Peter Kilmartin,Rhode Island,,,peter-kilmartin,Peter Kilmartin,,"Peter Kilmartin has been Rhode Island's attorney general since Jan. 4, 2011. He is a lawyer and retired captain in the Pawtucket Police Department who, until his election, had been a state Representative since 1991.",Peter Lord,https://www.politifact.com/factchecks/2011/jan/30/peter-kilmartin/kilmartin-says-secure-communities-program-has-prov/,https://www.politifact.com/personalities/peter-kilmartin/,https://politifact.com/staff/peter-lord/,
us-rep-paul-ryan-says-obama-increased-spending-nea,politifact,half-true,"""Since taking office, President Obama has signed into law spending increases of nearly 25 percent for domestic government agencies, an 84 percent increase when you include the failed stimulus.""",Soprano et al,REP_HALFTRUE_doc6,3,2011-01-27,Since taking office President Obama has signed into law spending increases of nearly 25 percent for domestic government agencies an 84 percent increase when you include the failed stimulus,29.0,2011-01-25,"stated on January 25, 2011 in the GOP response to the State of the Union address:",Federal Budget:::Stimulus:::Wisconsin:::Paul Ryan,Wisconsin,,,paul-ryan,Paul Ryan,REP,"U.S. Rep. Paul Ryan, R.-Wis., became Speaker of the House in 2015 and served until his retirement in January 2019. Ryan was elected to represent southern Wisconsin in Congress in 1998 and for part of his tenure chaired the House Budget Committee. He was Mitt Romney's vice-presidential running mate in the 2012 presidential election. He did not seek re-election in 2018.",Dave Umhoefer,https://www.politifact.com/factchecks/2011/jan/27/paul-ryan/us-rep-paul-ryan-says-obama-increased-spending-nea/,https://www.politifact.com/personalities/paul-ryan/,https://politifact.com/staff/dave-umhoefer/,
special-voting-access-military-nothing-new-dates-c,politifact,half-true,"""Since the time of the Civil War, we've made a distinction in this country between the availability and the ability to access for people who were in the military, versus the rest of us, to vote.""",Soprano et al,REP_HALFTRUE_doc8,3,2012-10-01,Since the time of the Civil War weve made a distinction in this country between the availability and the ability to access for people who were in the military versus the rest of us to vote,36.0,2012-08-31,"stated on August 31, 2012 in a news conference:",Ohio:::Elections:::Military:::Mike DeWine,Ohio,,,mike-dewine,Mike DeWine,REP,"Mike DeWine, the Ohio attorney general, won the Republican primary for governor in May 2018 and is running in the general election in November. Previously he was one of Ohio's U.S. senator's, lieutenant governor and a member of the General Assembly.",Aaron Marshall,https://www.politifact.com/factchecks/2012/oct/01/mike-dewine/special-voting-access-military-nothing-new-dates-c/,https://www.politifact.com/personalities/mike-dewine/,https://politifact.com/staff/aaron-marshall/,
democrat-leader-says-gop-policies-not-doing-enough,politifact,half-true,"""State revenue projections have missed the mark month after month.""",Soprano et al,DEM_HALFTRUE_doc7,3,2013-01-30,State revenue projections have missed the mark month after month,10.0,2013-01-15,"stated on January 15, 2013 in a press release:",Georgia:::State Budget:::Steve Henson,Georgia,,,steve-henson,Steve Henson,DEM,"Steve Henson, a Democrat, is the minority leader in the Georgia state Senate. He represents a district located in central DeKalb County.",Eric Stirgus,https://www.politifact.com/factchecks/2013/jan/30/steve-henson/democrat-leader-says-gop-policies-not-doing-enough/,https://www.politifact.com/personalities/steve-henson/,https://politifact.com/staff/eric-stirgus/,
glenn-hegar-says-texas-owns-its-public-lands-uncle,politifact,half-true,"""Texas still owns all of its public lands. If the federal gov't wants to create a park, they must ask permission!""",Soprano et al,REP_HALFTRUE_doc9,3,2015-07-17,Texas still owns all of its public lands If the federal govt wants to create a park they must ask permission,21.0,2015-06-24,"stated on June 24, 2015 in a tweet:",History:::Recreation:::States:::Texas:::Glenn Hegar,Texas,Texas,,glenn-hegar,Glenn Hegar,,"Glenn Hegar, a former Texas House member initially elected to the Senate in 2007, was elected Texas state comptroller in 2014. Hegar describes himself as a sixth-generation Texan who farms land that's been in his family since the 1800s. He is the former chair of the Sunset Advisory Commission.",W. Gardner Selby,https://www.politifact.com/factchecks/2015/jul/17/glenn-hegar/glenn-hegar-says-texas-owns-its-public-lands-uncle/,https://www.politifact.com/personalities/glenn-hegar/,https://politifact.com/staff/w-gardner-selby/,
perry-says-houston-has-more-debt-capita-california,politifact,half-true,"""The city of Houston now has more debt per capita than California.""",Soprano et al,REP_HALFTRUE_doc5,3,2010-05-14,The city of Houston now has more debt per capita than California,12.0,2010-05-03,"stated on May 3, 2010 in a Web ad:",Message Machine 2010:::State Budget:::Texas:::Rick Perry,Texas,California,,rick-perry,Rick Perry,,"Rick Perry is the U.S. Energy Secretary and was governor of Texas from late December 2000 through 2014. He was re-elected in 2002, 2006 and 2010. He unsucessfully ran for president in 2012 and 2016.",Ciara O'Rourke,https://www.politifact.com/factchecks/2010/may/14/rick-perry/perry-says-houston-has-more-debt-capita-california/,https://www.politifact.com/personalities/rick-perry/,https://politifact.com/staff/ciara-orourke/,
mitt-romney-says-annual-new-business-startups-have,politifact,half-true,"""The number of new businesses started per year has dropped by 100,000 during this president’s term.""",Soprano et al,REP_HALFTRUE_doc4,3,2012-04-22,The number of new businesses started per year has dropped by 100000 during this presidents term,16.0,2012-04-11,"stated on April 11, 2012 in a campaign speech:",Rhode Island:::Corporations:::Economy:::Elections:::Jobs:::Small Business:::Mitt Romney,Rhode Island,,,mitt-romney,Mitt Romney,REP,"Mitt Romney is a U.S. senator from Utah. He ran for president in 2012 as the Republican nominee, losing to incumbent President Barack Obama. Prior to that, Romney served one term as governor of Massachusetts, elected to the post in 2002. He was born in 1947 in Michigan, where his father was governor from 1963 to 1969. Romney graduated from Brigham Young University and received both a law degree and an MBA from Harvard University. Romney helped found the investment firm Bain Capital in 1984, which launched or rebuilt such companies as Staples and Dominos Pizza. Romney managed the Winter Olympics in Salt Lake City from 1999-2002. He ran for president in 2008 but lost the Republican nomination. He and his wife, Ann, have five sons, Tagg, Craig, Matt, Ben and Josh.",Alex Kuffner,https://www.politifact.com/factchecks/2012/apr/22/mitt-romney/mitt-romney-says-annual-new-business-startups-have/,https://www.politifact.com/personalities/mitt-romney/,https://politifact.com/staff/alex-kuffner/,
democratic-challenger-gov-scott-walker-says-state-,politifact,half-true,"""The state budget has actually grown by $4.6 billion under"" Gov. Scott Walker’s actions.",Soprano et al,DEM_HALFTRUE_doc2,3,2013-11-24,The state budget has actually grown by 46 billion under Gov Scott Walkers actions,14.0,2013-11-05,"stated on November 5, 2013 in an interview:",Debt:::Medicaid:::State Budget:::Taxes:::Wisconsin:::Mary Burke,Wisconsin,,,mary-burke,Mary Burke,REP:::DEM,"Burke is a former Trek Bicycle executive and former Wisconsin Commerce Department secretary who announced on Oct. 7, 2013 that she would seek the Democratic nomination for governor in Wisconsin in the fall 2014 election against incument Republican Gov. Scott Walker. She lost to Walker on Nov. 4, 2014. She is a school board member in Madison, Wisconsin.",Tom Kertscher,https://www.politifact.com/factchecks/2013/nov/24/mary-burke/democratic-challenger-gov-scott-walker-says-state-/,https://www.politifact.com/personalities/mary-burke/,https://politifact.com/staff/tom-kertscher/,
pence-says-democrats-plan-spend-tarp-money-economi,politifact,half-true,"""To use money from the TARP fund in the manner that is being discussed by the White House and congressional Democrats would be a violation of the law.""",Soprano et al,REP_HALFTRUE_doc3,3,2009-12-08,To use money from the TARP fund in the manner that is being discussed by the White House and congressional Democrats would be a violation of the law,28.0,2009-12-08,"stated on December 8, 2009 in a speech on the House floor:",National:::Economy:::Federal Budget:::Stimulus:::Mike Pence,,,,mike-pence,Mike Pence,REP,"Mike Pence is the former vice president of the United States. A Republican, Pence was elected governor of Indiana in 2012. Pence previously served for 12 years as a congressman from Indiana representing the Sixth Congressional District; he was first elected in 2000. During his time in the U.S. House of Represenatives, he served as House Republican Conference chairman and chairman of the House Republican Study Committee. Pence was born in Columbus, Ind. He earned a bachelor's degree in 1981 from Hanover College and a law degree in 1986 from Indiana University. After accepting Donald Trump's offer to be running mate, Pence ended his 2016 campaign to be re-elected as Indiana governor. He sought the 2024 Republican presidential nomination but suspended his campaign in late October 2023.",Robert Farley,https://www.politifact.com/factchecks/2009/dec/08/mike-pence/pence-says-democrats-plan-spend-tarp-money-economi/,https://www.politifact.com/personalities/mike-pence/,https://politifact.com/staff/robert-farley/,
wisconsin-visit-barack-obama-brags-he-reduced-fede,politifact,mostly-true,"""We've cut the deficit by two-thirds.""",Soprano et al,DEM_MOSTLYTRUE_doc3,4,2015-07-08,Weve cut the deficit by twothirds,6,,a speech,,,,DEM,,Barack Obama,DEM,,,https://www.politifact.com/factchecks/2015/jul/08/barack-obama/wisconsin-visit-barack-obama-brags-he-reduced-fede/,,,6
chris-christie-claims-he-stopped-assembly-democrat,politifact,mostly-false,"""(Assembly Democrats) wanted to raise the gas tax by $2.4 billion. We said no to that....They’re down on the ground. They’re sweating. They’re twitching. It’s ugly, ‘cause I keep saying no.""",Soprano et al,REP_BARELYTRUE_doc10,2,2012-06-21,Assembly Democrats wanted to raise the gas tax by 24 billion We said no to thatTheyre down on the ground Theyre sweating Theyre twitching Its ugly cause I keep saying no,31.0,2012-06-14,"stated on June 14, 2012 in a video posted on YouTube:",New Jersey:::Taxes:::Chris Christie,New Jersey,,,chris-christie,Chris Christie,REP,"Chris Christie announced June 6, 2023 that he is running for the Republican nomination for president and dropped out shortly before the Iowa caucus in January 2024. Christie was the governor of New Jersey and a candidate for the Republican nomination for president in 2016. As governor, Christie won office in 2010 and was re-elected in 2014. Prior to that, he was U.S. Attorney for the District of New Jersey from 2002 to 2008.",Bill Wichert,https://www.politifact.com/factchecks/2012/jun/21/chris-christie/chris-christie-claims-he-stopped-assembly-democrat/,https://www.politifact.com/personalities/chris-christie/,https://politifact.com/staff/bill-wichert/,
trying-to-out-rudy-rudy,politifact,mostly-false,"""Here's a man who brags about how he made the city safe. It was the Biden crime bill that became the Clinton crime bill that allowed him to do that.""",Soprano et al,DEM_BARELYTRUE_doc6,2,2007-11-02,Heres a man who brags about how he made the city safe It was the Biden crime bill that became the Clinton crime bill that allowed him to do that,,2007-10-30,"stated on October 30, 2007 in Philadelphia:",National:::Crime:::Joe Biden,,,,joe-biden,Joe Biden,DEM,"('Joe Biden is the president of the United States. A Democrat, Biden served as a Delaware senator from 1973 (elected at the age of 29) until 2009. During his time in the Senate, he served as chair of the Foreign Relations Committee, chair of the International Narcotics Control Caucus and chair of the Judiciary Committee. He subsequently served as Barack Obama’s vice president from 2009 to 2016. Biden launched unsuccessful presidential campaigns in 1988 and 2008. He received a degree in history and political science from the University of Delaware and his J.D. from Syracuse School of Law.',)",Wes Allison,https://www.politifact.com/factchecks/2007/nov/02/joe-biden/trying-to-out-rudy-rudy/,https://www.politifact.com/personalities/joe-biden/,https://www.politifact.com/staff/wes-allison/,29
dewhurst-didnt-personally-cut-taxes-and-some-incre,politifact,mostly-false,"""I have cut taxes 63 times, including a 2006 property tax reduction that ranks as the largest in state history.""",Soprano et al,REP_BARELYTRUE_doc9,2,2013-12-08,I have cut taxes 63 times including a 2006 property tax reduction that ranks as the largest in state history,20.0,2013-10-01,"stated on October 1, 2013 in a blog post on his campaign website:",Candidate Biography:::Education:::Small Business:::Taxes:::Texas:::David Dewhurst,Texas,,,david-dewhurst,David Dewhurst,REP,"David Dewhurst, the former state land commissioner, was initially elected lieutenant governor of Texas in 2002. He lost his 2012 bid for the Republican nomination for U.S. Senate and lost his bid for re-nomination in 2014.",W. Gardner Selby,https://www.politifact.com/factchecks/2013/dec/08/david-dewhurst/dewhurst-didnt-personally-cut-taxes-and-some-incre/,https://www.politifact.com/personalities/david-dewhurst/,https://politifact.com/staff/w-gardner-selby/,
joe-biden-says-closing-northeast-corridor-would-fo,politifact,mostly-false,"""If you shut down Amtrak's Northeast Corridor, it's estimated you'd have to add seven new lanes to I-95 to accommodate the increased traffic.""",Soprano et al,DEM_BARELYTRUE_doc4,2,2011-02-11,If you shut down Amtraks Northeast Corridor its estimated youd have to add seven new lanes to I95 to accommodate the increased traffic,23.0,2011-02-08,"stated on February 8, 2011 in a speech in Philadelphia:",National:::Census:::Transportation:::Joe Biden,,,,joe-biden,Joe Biden,DEM,"Joe Biden is the president of the United States and is running for re-election in 2024. A Democrat, Biden served as a Delaware senator from 1973 (elected at the age of 29) until 2009. During his time in the Senate, he served as chair of the Foreign Relations Committee, chair of the International Narcotics Control Caucus and chair of the Judiciary Committee. He subsequently served as Barack Obama’s vice president from 2009 to 2016. Biden launched unsuccessful presidential campaigns in 1988 and 2008. He received a degree in history and political science from the University of Delaware and his J.D. from Syracuse School of Law.",Louis Jacobson,https://www.politifact.com/factchecks/2011/feb/11/joe-biden/joe-biden-says-closing-northeast-corridor-would-fo/,https://www.politifact.com/personalities/joe-biden/,https://politifact.com/staff/louis-jacobson/,
mccain-thinks-yucca-site-will-be-more-secure,politifact,mostly-false,"John McCain worries about nuclear waste in Arizona, but not in Nevada.",Soprano et al,DEM_BARELYTRUE_doc5,2,2008-08-13,John McCain worries about nuclear waste in Arizona but not in Nevada,12.0,2008-08-09,"stated on August 9, 2008 in a television ad:",National:::Energy:::Barack Obama,,Arizona:::Nevada,,barack-obama,Barack Obama,,"Barack Obama is the former president of the United States. Obama also served as a U.S. senator from Illinois. He was born in 1961 in Hawaii, where his parents met as students at the University of Hawaii. Obama's father is from Kenya and his mother is from Kansas. He graduated from Columbia University and received his law degree from Harvard Law School. Obama previously served in the Illinois state Senate and was an instructor at the University of Chicago Law School. He and his wife, Michelle, have two daughters, Malia and Sasha.",Angie Drobnic Holan,https://www.politifact.com/factchecks/2008/aug/13/barack-obama/mccain-thinks-yucca-site-will-be-more-secure/,https://www.politifact.com/personalities/barack-obama/,https://politifact.com/staff/angie-drobnic-holan/,
wisconsin-state-rep-cory-mason-says-republican-bil,politifact,mostly-false,"""Republican (small business tax cut) bill spends $80 million for better Google searches, not job creation""",Soprano et al,DEM_BARELYTRUE_doc8,2,2011-01-26,Republican small business tax cut bill spends 80 million for better Google searches not job creation,16.0,2011-01-13,"stated on January 13, 2011 in a news release:",Small Business:::Taxes:::Wisconsin:::Cory Mason,Wisconsin,,REP,cory-mason,Cory Mason,,"Wisconsin state Rep. Cory Mason (D-Racine) has been a member of the Assembly since 2006. The former union organizer represents the Racine County communities of Sturtevant and Elmwood Park, and parts of Racine and Mount Pleasant.",Tom Kertscher,https://www.politifact.com/factchecks/2011/jan/26/cory-mason/wisconsin-state-rep-cory-mason-says-republican-bil/,https://www.politifact.com/personalities/cory-mason/,https://politifact.com/staff/tom-kertscher/,
wisconsin-recall-gov-scott-walker-says-opponent-to,politifact,mostly-false,"Says Democratic recall opponent Tom Barrett is campaigning on ""lifting property tax"" limits.",Soprano et al,REP_BARELYTRUE_doc5,2,2012-05-11,Says Democratic recall opponent Tom Barrett is campaigning on lifting property tax limits,13.0,2012-05-07,"stated on May 7, 2012 in a TV ad:",City Budget:::City Government:::Message Machine 2012:::Taxes:::Wisconsin:::Scott Walker,Wisconsin,,DEM,scott-walker,Scott Walker,REP,"Scott Walker, a Republican, is the former governor of Wisconsin. He was first elected in November 2010. He survived a recall election in 2012, defeating Milwaukee Mayor Tom Barrett after igniting controversy with a bill curtailing public-employee union collective-bargaining rights.  He won re-election to a four-year term in November 2014 and was a 2016 presidential candidate before dropping out in September of 2015. He was defeated by Tony Evers in the 2018 gubernatorial election. Walker is a former Milwaukee County executive and former member of the state Assembly.",Tom Kertscher,https://www.politifact.com/factchecks/2012/may/11/scott-walker/wisconsin-recall-gov-scott-walker-says-opponent-to/,https://www.politifact.com/personalities/scott-walker/,https://politifact.com/staff/tom-kertscher/,
chris-christie-claims-again-he-was-first-governor-,politifact,pants-on-fire,"Says ""I was the first governor in America to endorse Mitt Romney.""",Soprano et al,REP_LIE_doc8,0,2012-11-11,Says I was the first governor in America to endorse Mitt Romney,12,,a news release,,,,REP,,Chris Christie,REP,,,https://www.politifact.com/factchecks/2012/nov/11/chris-christie/chris-christie-claims-again-he-was-first-governor-/,,,12
democratic-leader-offers-cautionary-tale-gov-chris,politifact,mostly-false,"Says in January 1992, George H. W. Bush ""probably had a 90 percent or even higher approval rating after the first Gulf War.""",Soprano et al,DEM_BARELYTRUE_doc2,2,2012-12-02,Says in January 1992 George H W Bush probably had a 90 percent or even higher approval rating after the first Gulf War,23.0,2012-11-27,"stated on November 27, 2012 in an interview on NJToday:",New Jersey:::Polls and Public Opinion:::John Wisniewski,New Jersey,,,john-wisniewski,John Wisniewski,DEM,John Wisniewski is a Democratic state Assemblyman representing a part of Middlesex County. Wisniewski also is chairman of the state Democratic Party.,Bill Wichert,https://www.politifact.com/factchecks/2012/dec/02/john-wisniewski/democratic-leader-offers-cautionary-tale-gov-chris/,https://www.politifact.com/personalities/john-wisniewski/,https://politifact.com/staff/bill-wichert/,
dave-brat-says-obama-has-issued-468500-pages-regul,politifact,mostly-false,"""Since President Obama took office in January 2009, the federal government has issued more than 468,500 pages of regulations.""",Soprano et al,REP_BARELYTRUE_doc8,2,2015-03-30,Since President Obama took office in January 2009 the federal government has issued more than 468500 pages of regulations,19.0,2015-03-17,"stated on March 17, 2015 in a news release.:",Regulation:::Virginia:::Dave Brat,Virginia,,,dave-brat,Dave Brat,REP:::CONSV,"Dave Brat represents Virginia's 7th Congressional District in the U.S. House of Representatives. He was first elected to the seat in 2014 after pulling of a stunning upset of Majority Leader Eric Cantor in a Republican Primary. He is active in the Freedom Caucus, a conservative wing of Republican congressmen.Prior to Congress, Brat was chairman of the business and economics department at Randolph-Macon College. Brat, a midwestern native, has obtained a Masters in Divinity from Princeton Theological Seminary and a Ph.D. in economics from American University. He began teaching at Randolph-Macon in 1996.Brat served two Governors on the Joint Advisory Board of Economists. He was president of the Virginia Association of Economists.",Sean Gorman,https://www.politifact.com/factchecks/2015/mar/30/dave-brat/dave-brat-says-obama-has-issued-468500-pages-regul/,https://www.politifact.com/personalities/dave-brat/,https://politifact.com/staff/sean-gorman/,
gov-john-kasich-touts-administration-role-creating,politifact,mostly-false,"""Since the beginning of the year we've created a net increase of 45,000 jobs.""",Soprano et al,REP_BARELYTRUE_doc1,2,2011-09-12,Since the beginning of the year weve created a net increase of 45000 jobs,14.0,2011-09-25,"stated on September 25, 2011 in a television interview:",Ohio:::Economy:::Jobs:::John Kasich,Ohio,,,john-kasich,John Kasich,REP:::DEM,"John Kasich is the governor of Ohio. A Republican and a former congressman, he defeated Democratic Gov. Ted Strickland in 2010 and was reelected in 2014. He ran for president in 2016.",Peter Krouse,https://www.politifact.com/factchecks/2011/sep/12/john-kasich/gov-john-kasich-touts-administration-role-creating/,https://www.politifact.com/personalities/john-kasich/,https://politifact.com/staff/peter-krouse/,
social-security-doesnt-contribute-national-debt-sa,politifact,mostly-false,Social Security has not contributed to the debt and the deficits.,Soprano et al,DEM_BARELYTRUE_doc1,2,2012-12-10,Social Security has not contributed to the debt and the deficits,11,,an interview,,,,DEM,,Jeanne Shaheen,DEM,,,https://www.politifact.com/factchecks/2012/dec/10/jeanne-shaheen/social-security-doesnt-contribute-national-debt-sa/,,,11
nickie-antonio-says-restrictive-abortion-laws-actu,politifact,mostly-false,"""Statistics bear out that any time a country, a state, makes more restrictive abortion laws ... fatalities go up and abortions actually increase.""",Soprano et al,DEM_BARELYTRUE_doc7,2,2012-02-10,"Statistics bear out that any time a country, a state, makes more restrictive abortion laws ... fatalities go up and abortions actually increase.",23.0,2012-01-24,"stated on January 24, 2012 in a news conference:",Abortion:::Ohio:::Government Regulation:::Women:::Nickie Antonio,Ohio,,,nickie-antonio,Nickie Antonio,,Nickie J. Antonio is a state representative for the 13th Ohio House District. She was first elected to the statehouse in 2010. She represents residents from the city of Lakewood and parts of the West Side of Cleveland.,Joe Guillen,https://www.politifact.com/factchecks/2012/feb/10/nickie-antonio/nickie-antonio-says-restrictive-abortion-laws-actu/,https://www.politifact.com/personalities/nickie-antonio/,https://politifact.com/staff/joe-guillen/,
rick-perry-says-texas-shot-no-2-no-27-high-school-,politifact,mostly-false,"""Texas’ high school graduation rate went from 27th in the country in 2002, to second highest in the country in 2013.""",Soprano et al,REP_BARELYTRUE_doc4,2,2015-07-20,Texas high school graduation rate went from 27th in the country in 2002 to second highest in the country in 2013,21.0,2015-07-02,"stated on July 2, 2015 in a speech at the National Press Club:",Education:::States:::Texas:::Rick Perry,Texas,Texas,,rick-perry,Rick Perry,,"Rick Perry is the U.S. Energy Secretary and was governor of Texas from late December 2000 through 2014. He was re-elected in 2002, 2006 and 2010. He unsucessfully ran for president in 2012 and 2016.",W. Gardner Selby,https://www.politifact.com/factchecks/2015/jul/20/rick-perry/rick-perry-says-texas-shot-no-2-no-27-high-school-/,https://www.politifact.com/personalities/rick-perry/,https://politifact.com/staff/w-gardner-selby/,
rubio-criticizes-space-budget,politifact,mostly-false,"The Obama administration ""spent more money on the Cash for Clunkers program than the space program.""",Soprano et al,REP_BARELYTRUE_doc3,2,2010-03-12,The Obama administration spent more money on the Cash for Clunkers program than the space program,16.0,2010-02-08,"stated on February 8, 2010 in a news account of a speech:",Space:::Florida:::Marco Rubio,Florida,,,marco-rubio,Marco Rubio,REP,"Marco Rubio, a U.S. senator from Florida, was a candidate for president of the United States in 2016 and then dropped out and won re-election to the Senate. He was first elected to the Senate in 2010 and took office Jan. 5, 2011. Rubio served in the Florida House of Representatives from 2000 to 2008 and is a former Speaker of the Florida House. He served on the West Miami City Commission from 1998 to 2000. He is from Miami and holds a law degree from the University of Miami.",Amy Sherman,https://www.politifact.com/factchecks/2010/mar/12/marco-rubio/rubio-criticizes-space-budget/,https://www.politifact.com/personalities/marco-rubio/,https://politifact.com/staff/amy-sherman/,
johnson-says-economy-better-obama-became-president,politifact,mostly-false,"""The economy we preside over today is better than the one we inherited.""",Soprano et al,DEM_BARELYTRUE_doc9,2,2011-01-31,The economy we preside over today is better than the one we inherited,13,,social media,,,,DEM,,Hank Johnson,DEM,,,https://www.politifact.com/factchecks/2011/jan/31/hank-johnson/johnson-says-economy-better-obama-became-president/,,,13
expiration-bush-tax-cuts-largest-increase,politifact,mostly-false,"""The expiration of the Bush-era tax cuts ... would be the biggest tax increase in the history of the country, about $4.6 trillion over 10 years.""",Soprano et al,REP_BARELYTRUE_doc2,2,2012-05-11,The expiration of the Bushera tax cutswould be the biggest tax increase in the history of the country about 46 trillion over 10 years,26.0,2012-04-03,"stated on April 3, 2012 in an interview with the editorial board of the 'Telegraph.':",New Hampshire:::Taxes:::Charles Bass,New Hampshire,,,charles-bass,Charles Bass,,Charlie Bass is a U.S. representative from New Hampshire.,Jake Berry,https://www.politifact.com/factchecks/2012/may/11/charles-bass/expiration-bush-tax-cuts-largest-increase/,https://www.politifact.com/personalities/charles-bass/,https://politifact.com/staff/jake-berry/,
george-allen-says-barack-obama-promised-stimulus-w,politifact,mostly-false,"The stimulus bill ""promised to keep unemployment under 8%.""",Soprano et al,REP_BARELYTRUE_doc7,2,2011-02-28,The stimulus bill promised to keep unemployment under 8,9,,a news release,,,,REP,,George Allen,REP,,,https://www.politifact.com/factchecks/2011/feb/28/george-allen/george-allen-says-barack-obama-promised-stimulus-w/,,,9
pro-dewhurst-political-group-says-tom-leppert-pled,politifact,mostly-false,"""Tom Leppert pledged to make Dallas a sanctuary city for illegal immigrants.""",Soprano et al,REP_BARELYTRUE_doc6,2,2012-05-14,Tom Leppert pledged to make Dallas a sanctuary city for illegal immigrants,12.0,2012-04-27,"stated on April 27, 2012 in a TV ad.:",Immigration:::Texas:::Conservative Renewal PAC,Texas,,,conservative-renewal-pac,Conservative Renewal PAC,REP:::CONSV,The Conservative Renewal PAC supports David Dewhurst for the U.S. Senate.,W. Gardner Selby,https://www.politifact.com/factchecks/2012/may/14/conservative-renewal-pac/pro-dewhurst-political-group-says-tom-leppert-pled/,https://www.politifact.com/personalities/conservative-renewal-pac/,https://politifact.com/staff/w-gardner-selby/,
olympic-medalist-carl-lewis-calls-out-state-senato,politifact,mostly-false,"""You’re paying for...(state Sen. Diane Allen’s) health care, and she took yours away.""",Soprano et al,DEM_BARELYTRUE_doc10,2,2011-11-07,Youre paying forstate Sen Diane Allens health care and she took yours away,13.0,2011-10-30,"stated on October 30, 2011 in a video posted on YouTube:",New Jersey:::Candidate Biography:::Health Care:::State Budget:::Carl Lewis,New Jersey,,,carl-lewis,Carl Lewis,DEM,Nine-time Olympic gold medalist Carl Lewis was a Democratic candidate for State Senate in the 8th Legislative District before a legal battle ultimately removed him from the ballot over residency requirements.,Bill Wichert,https://www.politifact.com/factchecks/2011/nov/07/carl-lewis/olympic-medalist-carl-lewis-calls-out-state-senato/,https://www.politifact.com/personalities/carl-lewis/,https://politifact.com/staff/bill-wichert/,
mitch-mcconnell-says-economic-uptick-coincides-exp,politifact,false,"A recent economic uptick appears to ""coincide"" with ""the expectation of a new Republican Congress.""",Soprano et al,REP_FALSE_doc4,1,2015-01-08,A recent economic uptick appears to coincide with the expectation of a new Republican Congress,15.0,2015-01-07,"stated on January 7, 2015 in a Senate floor speech:",National:::Economy:::Jobs:::Mitch McConnell,,,REP,mitch-mcconnell,Mitch McConnell,REP,Mitch McConnell is a U.S. Senator from Kentucky and the Republican minority leader in the U.S. Senate.,Louis Jacobson,https://www.politifact.com/factchecks/2015/jan/08/mitch-mcconnell/mitch-mcconnell-says-economic-uptick-coincides-exp/,https://www.politifact.com/personalities/mitch-mcconnell/,https://politifact.com/staff/louis-jacobson/,
nh-rep-bill-obrien-says-margaret-sanger-was-active,politifact,false,"Birth control pioneer Margaret Sanger was ""an active participant in the Ku Klux Klan.""",Soprano et al,REP_FALSE_doc10,1,2015-03-18,Birth control pioneer Margaret Sanger wasan active participant in the Ku Klux Klan,14.0,2015-02-08,"stated on February 8, 2015 in a Facebook post:",Abortion:::New Hampshire:::William O'Brien,New Hampshire,,,william-obrien,William O'Brien,REP,William O'Brien is a Republican from Mont Vernon who serves as speaker of the New Hampshire House of Representatives.,Clay Wirestone,https://www.politifact.com/factchecks/2015/mar/18/william-obrien/nh-rep-bill-obrien-says-margaret-sanger-was-active/,https://www.politifact.com/personalities/william-obrien/,https://politifact.com/staff/clay-wirestone/,
valerie-jarrett-says-nothing-obamacare-forces-peop,politifact,false,"""FACT: Nothing in #Obamacare forces people out of their health plans.""",Soprano et al,DEM_FALSE_doc10,1,2013-10-30,FACT Nothing in Obamacare forces people out of their health plans,11.0,2013-10-28,"stated on October 28, 2013 in a tweet:",National:::Health Care:::Valerie Jarrett,,,,valerie-jarrett,Valerie Jarrett,,a senior adviser to the president,Louis Jacobson,https://www.politifact.com/factchecks/2013/oct/30/valerie-jarrett/valerie-jarrett-says-nothing-obamacare-forces-peop/,https://www.politifact.com/personalities/valerie-jarrett/,https://politifact.com/staff/louis-jacobson/,
us-rep-gwen-moore-says-her-district-fourth-poorest,politifact,false,"""I represent the fourth-poorest (congressional) district"" in the nation.",Soprano et al,DEM_FALSE_doc2,1,2011-01-03,I represent the fourthpoorest congressional district in the nation,9.0,2010-12-15,"stated on December 15, 2010 in an interview with a weekly newspaper:",Census:::Income:::Poverty:::Wisconsin:::Gwen Moore,Wisconsin,,,gwen-moore,Gwen Moore,DEM,"U.S. Rep. Gwen Moore is a Democratic member of Congress, representing Wisconsin's 4th District, which primarily includes Milwaukee. Moore, who served in the state Legislature from 1989 to 2004, was elected to Congress in 2004.",Tom Kertscher,https://www.politifact.com/factchecks/2011/jan/03/gwen-moore/us-rep-gwen-moore-says-her-district-fourth-poorest/,https://www.politifact.com/personalities/gwen-moore/,https://politifact.com/staff/tom-kertscher/,
us-rep-lamar-smith-says-border-death-toll-28000,politifact,false,"""In the last five years, 28,000 people have been killed along the U.S.-Mexico border.""",Soprano et al,REP_FALSE_doc8,1,2010-12-31,In the last five years 28000 people have been killed along the USMexico border,14.0,2010-12-15,"stated on December 15, 2010 in a news release:",Immigration:::Homeland Security:::Crime:::Texas:::Lamar Smith,Texas,,,lamar-smith,Lamar Smith,REP,Lamar Smith is a Republican congressman from a San Antonio-based district in Texas. He became chairman of the House Judiciary Committee in January 2011.,Meghan Ashford-Grooms,https://www.politifact.com/factchecks/2010/dec/31/lamar-smith/us-rep-lamar-smith-says-border-death-toll-28000/,https://www.politifact.com/personalities/lamar-smith/,https://politifact.com/staff/meghan-ashford-grooms/,
allen-west-says-more-americans-receive-food-aid-wo,politifact,false,"""More Americans receive food aid than work in (the) private sector.""",Soprano et al,REP_FALSE_doc9,1,2013-07-10,More Americans receive food aid than work in the private sector,11,,social media,,,,REP,,Allen West,REP,,,https://www.politifact.com/factchecks/2013/jul/10/allen-west/allen-west-says-more-americans-receive-food-aid-wo/,,,11
scott-walker-says-mary-burke-supported-18-percent-,politifact,false,"""My opponent supported policies that increased tuition by 18 percent.""",Soprano et al,REP_FALSE_doc6,1,2014-10-27,My opponent supported policies that increased tuition by 18 percent,10.0,2014-10-20,"stated on October 20, 2014 in a campaign TV ad:",Education:::Wisconsin:::Scott Walker,Wisconsin,,,scott-walker,Scott Walker,REP,"Scott Walker, a Republican, is the former governor of Wisconsin. He was first elected in November 2010. He survived a recall election in 2012, defeating Milwaukee Mayor Tom Barrett after igniting controversy with a bill curtailing public-employee union collective-bargaining rights.  He won re-election to a four-year term in November 2014 and was a 2016 presidential candidate before dropping out in September of 2015. He was defeated by Tony Evers in the 2018 gubernatorial election. Walker is a former Milwaukee County executive and former member of the state Assembly.",Dave Umhoefer,https://www.politifact.com/factchecks/2014/oct/27/scott-walker/scott-walker-says-mary-burke-supported-18-percent-/,https://www.politifact.com/personalities/scott-walker/,https://politifact.com/staff/dave-umhoefer/,
robert-menendez-says-new-jersey-budget-shortfall-m,politifact,false,"""New Jersey alone, my home state, is facing a ten-and-a-half billion dollar shortfall in its 2012 fiscal budget. This means more cuts in state and local spending for education, which means our kids are hurt.""",Soprano et al,DEM_FALSE_doc4,1,2011-11-03,New Jersey alone my home state is facing a tenandahalf billion dollar shortfall in its 2012 fiscal budget This means more cuts in state and local spending for education which means our kids are hurt,35.0,2011-10-18,"stated on October 18, 2011 in a speech:",New Jersey:::Education:::State Budget:::Robert Menendez,New Jersey,New Jersey,,robert-menendez,Robert Menendez,DEM,"Robert Menendez, a Democrat, has been serving as one of New Jersey's U.S. Senators since January 2006. Menendez previously served as a member of the House of Representatives.",Bill Wichert,https://www.politifact.com/factchecks/2011/nov/03/robert-menendez/robert-menendez-says-new-jersey-budget-shortfall-m/,https://www.politifact.com/personalities/robert-menendez/,https://politifact.com/staff/bill-wichert/,
mccain-ad-repeats-error,politifact,false,"""Obama says Iran is a 'tiny' country, 'doesn't pose a serious threat.'""",Soprano et al,REP_FALSE_doc5,1,2008-08-27,Obama says Iran is a tiny country doesnt pose a serious threat,12.0,2008-08-27,"stated on August 27, 2008 in a TV ad:",National:::Foreign Policy:::John McCain,,,,john-mccain,John McCain,REP,"John McCain was a U.S. senator from Arizona, a post he held from 1987 to his death in 2018. He previously served two terms in the U.S. House. He was the Republican nominee for president in 2008. McCain was a graduate of the U.S. Naval Academy and spent his career in the military, as his father did. He was a combat pilot in Vietnam who was shot down and spent 5 1/2 years as a prisoner of war. He was born in 1936 in Panama.",Bart Jansen,https://www.politifact.com/factchecks/2008/aug/27/john-mccain/mccain-ad-repeats-error/,https://www.politifact.com/personalities/john-mccain/,https://politifact.com/staff/bart-jansen/,
frank-pallone-says-twitter-republicans-have-contro,politifact,false,"""One year today since #GOP took control of the House"" and ""no new jobs.""",Soprano et al,DEM_FALSE_doc9,1,2012-01-13,One year today since GOP took control of the House and no new jobs,14.0,2012-01-05,"stated on January 5, 2012 in a tweet:",New Jersey:::Bipartisanship:::Jobs:::Frank Pallone,New Jersey,,REP,frank-pallone-jr,Frank Pallone,DEM,"Frank Pallone Jr. is a Democratic Congressman representing New Jersey's 6th district, which includes parts of Middlesex and Monmouth counties.",Erin O'Neill,https://www.politifact.com/factchecks/2012/jan/13/frank-pallone-jr/frank-pallone-says-twitter-republicans-have-contro/,https://www.politifact.com/personalities/frank-pallone-jr/,https://politifact.com/staff/erin-oneill/,
rep-marcy-kaptur-says-lake-erie-has-more-native-fi,politifact,mostly-true,Says Lake Erie contains more native fish than all the other Great Lakes combined.,Soprano et al,DEM_MOSTLYTRUE_doc4,4,2012-03-22,Says Lake Erie contains more native fish than all the other Great Lakes combined,14,,a speech,,,,DEM,,Marcy Kaptur,DEM,,,https://www.politifact.com/factchecks/2012/mar/22/marcy-kaptur/rep-marcy-kaptur-says-lake-erie-has-more-native-fi/,,,14
obama-ad-says-romney-opposes-gay-adoption,politifact,false,Says Mitt Romney would deny gay people the right to adopt children.,Soprano et al,DEM_FALSE_doc5,1,2012-05-14,Says Mitt Romney would deny gay people the right to adopt children,12.0,2012-05-10,"stated on May 10, 2012 in a Web ad:",National:::LGBTQ:::Message Machine 2012:::Barack Obama,,,,barack-obama,Barack Obama,,"Barack Obama is the former president of the United States. Obama also served as a U.S. senator from Illinois. He was born in 1961 in Hawaii, where his parents met as students at the University of Hawaii. Obama's father is from Kenya and his mother is from Kansas. He graduated from Columbia University and received his law degree from Harvard Law School. Obama previously served in the Illinois state Senate and was an instructor at the University of Chicago Law School. He and his wife, Michelle, have two daughters, Malia and Sasha.",Molly Moorhead,https://www.politifact.com/factchecks/2012/may/14/barack-obama/obama-ad-says-romney-opposes-gay-adoption/,https://www.politifact.com/personalities/barack-obama/,https://politifact.com/staff/molly-moorhead/,
race-metro-bob-stacey-says-tom-hughes-wants-turn-p,politifact,false,Says Tom Hughes supports paving over thousands of acres with over-development and sprawl.,Soprano et al,DEM_FALSE_doc6,1,2010-10-20,Says Tom Hughes supports paving over thousands of acres with overdevelopment and sprawl,13.0,2010-10-19,"stated on October 19, 2010 in a television ad:",Environment:::Oregon:::Housing:::Bob Stacey,Oregon,,,bob-stacey,Bob Stacey,,Bob Stacey was executive director of 1000 Friends of Oregon until 2009. He also has worked as chief of staff for Rep. Earl Blumenauer and for the Ball Janik law firm. He also has worked for TriMet and for then-Gov. Barbara Roberts as a senior policy adviser. He was elected to the Metro Council in May 2012.,Janie Har,https://www.politifact.com/factchecks/2010/oct/20/bob-stacey/race-metro-bob-stacey-says-tom-hughes-wants-turn-p/,https://www.politifact.com/personalities/bob-stacey/,https://politifact.com/staff/janie-har/,
mary-burke-abbott-deal-had-strong-protections-taxp,politifact,false,"Says a $12.5 million incentive deal she approved for Abbott Laboratories contained ""strong protections for taxpayers if job creation goals were not met.""",Soprano et al,DEM_FALSE_doc8,1,2014-08-03,Says a 125 million incentive deal she approved for Abbott Laboratories contained strong protections for taxpayers if job creation goals were not met,23.0,2014-07-09,"stated on July 9, 2014 in a news release:",Jobs:::State Budget:::Wisconsin:::Mary Burke,Wisconsin,,,mary-burke,Mary Burke,REP:::DEM,"Burke is a former Trek Bicycle executive and former Wisconsin Commerce Department secretary who announced on Oct. 7, 2013 that she would seek the Democratic nomination for governor in Wisconsin in the fall 2014 election against incument Republican Gov. Scott Walker. She lost to Walker on Nov. 4, 2014. She is a school board member in Madison, Wisconsin.",Dave Umhoefer,https://www.politifact.com/factchecks/2014/aug/03/mary-burke/mary-burke-abbott-deal-had-strong-protections-taxp/,https://www.politifact.com/personalities/mary-burke/,https://politifact.com/staff/dave-umhoefer/,
ron-paul-says-newsletters-contained-only-eight-or-,politifact,false,"Says there were only ""about eight or 10"" inflammatory sentences in his newsletters.",Soprano et al,REP_FALSE_doc1,1,2011-12-31,Says there were only about eight or 10 inflammatory sentences in his newsletters,13.0,2011-12-29,"stated on December 29, 2011 in a radio interview:",Candidate Biography:::Texas:::Ron Paul,Texas,,,ron-paul,Ron Paul,REP:::LIBERT,"Ron Paul, a Texas physician, served two stints in the U.S. House. He also was the Libertarian Party nominee for president in 1988 before later seeking the Republican presidential nomination in 2008 and 2012. He didn't seek re-election to the House in 2012.",Meghan Ashford-Grooms,https://www.politifact.com/factchecks/2011/dec/31/ron-paul/ron-paul-says-newsletters-contained-only-eight-or-/,https://www.politifact.com/personalities/ron-paul/,https://politifact.com/staff/meghan-ashford-grooms/,
scott-walker-says-scientists-agree-adult-stem-cell,politifact,false,"""Scientists have shown us (that) the greater possibilities, the real science movement, has been with adult stem cell research. It has not been with embryonic.""",Soprano et al,REP_FALSE_doc7,1,2010-10-21,Scientists have shown us that the greater possibilities the real science movement has been with adult stem cell research It has not been with embryonic,25.0,2010-10-12,"stated on October 12, 2010 in a news conference with reporters:",Health Care:::Wisconsin:::Scott Walker,Wisconsin,,,scott-walker,Scott Walker,REP,"Scott Walker, a Republican, is the former governor of Wisconsin. He was first elected in November 2010. He survived a recall election in 2012, defeating Milwaukee Mayor Tom Barrett after igniting controversy with a bill curtailing public-employee union collective-bargaining rights.  He won re-election to a four-year term in November 2014 and was a 2016 presidential candidate before dropping out in September of 2015. He was defeated by Tony Evers in the 2018 gubernatorial election. Walker is a former Milwaukee County executive and former member of the state Assembly.",Tom Kertscher,https://www.politifact.com/factchecks/2010/oct/21/scott-walker/scott-walker-says-scientists-agree-adult-stem-cell/,https://www.politifact.com/personalities/scott-walker/,https://politifact.com/staff/tom-kertscher/,
obama-knows-mccains-intentions-better-than-mccain,politifact,false,"""Senator McCain would pay for part of his (health care) plan by making drastic cuts in Medicare — $882-billion worth.""",Soprano et al,DEM_FALSE_doc3,1,2008-12-03,Senator McCain would pay for part of his health care plan by making drastic cuts in Medicare 882billion worth,20.0,2008-10-17,"stated on October 17, 2008 in a speech in Roanoke, Va.:",National:::Health Care:::Barack Obama,,,,barack-obama,Barack Obama,,"Barack Obama is the former president of the United States. Obama also served as a U.S. senator from Illinois. He was born in 1961 in Hawaii, where his parents met as students at the University of Hawaii. Obama's father is from Kenya and his mother is from Kansas. He graduated from Columbia University and received his law degree from Harvard Law School. Obama previously served in the Illinois state Senate and was an instructor at the University of Chicago Law School. He and his wife, Michelle, have two daughters, Malia and Sasha.",Adriel Bettelheim,https://www.politifact.com/factchecks/2008/dec/03/barack-obama/obama-knows-mccains-intentions-better-than-mccain/,https://www.politifact.com/personalities/barack-obama/,https://politifact.com/staff/adriel-bettelheim/,
allen-west-says-spending-cuts-are-part-debt-ceilin,politifact,false,"""This is the first time in the history that we've had the raising of a debt limit also with spending cuts.""",Soprano et al,REP_FALSE_doc2,1,2011-07-29,This is the first time in the history that weve had the raising of a debt limit also with spending cuts,21.0,2011-07-27,"stated on July 27, 2011 in an interview on CNN:",Federal Budget:::History:::Florida:::Allen West,Florida,,,allen-west,Allen West,REP,"Allen West announced in July 2021 that he is running for the Republican primary for Texas governor. He served for about a year as chairman of the Texas Republican Party, stepping down in June 2021. West represented Florida's 22nd congressional district in the U.S. House of Representatives from 2011 to 2013. Lieutenant Colonel West retired from the Army in 2004 after 22 years of service.",Angie Drobnic Holan,https://www.politifact.com/factchecks/2011/jul/29/allen-west/allen-west-says-spending-cuts-are-part-debt-ceilin/,https://www.politifact.com/personalities/allen-west/,https://politifact.com/staff/angie-drobnic-holan/,
armstrong-says-jobs-are-down-southside-and-southwe,politifact,false,"Under Gov. Bob McDonnell, more jobs have been lost than created in Southside and Southwest Virginia.",Soprano et al,DEM_FALSE_doc7,1,2011-05-28,Under Gov Bob McDonnell more jobs have been lost than created in Southside and Southwest Virginia,16.0,2011-05-23,"stated on May 23, 2011 in a news release.:",Corrections and Updates:::Economy:::Jobs:::Virginia:::Ward Armstrong,Virginia,Virginia,,ward-armstrong,Ward Armstrong,REP,"Ward Armstrong, D-Henry County,  was a  a member of the Virginia House of Delegates from 1992 to 2012, serving the final five years as minority leader. He served on the Courts of Justice, Finance, and Rules committees. In 2011, House Republicans merged Armstrong's district with that of another incumbent, Republican Charles Poindexter. Armstrong was defeated by Poindexter that fall.,",Sean Gorman,https://www.politifact.com/factchecks/2011/may/28/ward-armstrong/armstrong-says-jobs-are-down-southside-and-southwe/,https://www.politifact.com/personalities/ward-armstrong/,https://politifact.com/staff/sean-gorman/,
rick-scott-touts-record-funding-environmental-prot,politifact,false,"""We have invested record funding in protecting our environment.""",Soprano et al,REP_FALSE_doc3,1,2014-03-06,We have invested record funding in protecting our environment,9.0,2014-03-04,"stated on March 4, 2014 in his State of the State speech:",Environment:::Florida:::Rick Scott,Florida,,,rick-scott,Rick Scott,REP,"Rick Scott, a wealthy Florida businessman, was first elected Florida's 45th governor on Nov. 2, 2010 and re-elected Nov. 4, 2014. He was elected to the U.S. Senate in 2018 and is running for re-election in 2024.",Amy Sherman,https://www.politifact.com/factchecks/2014/mar/06/rick-scott/rick-scott-touts-record-funding-environmental-prot/,https://www.politifact.com/personalities/rick-scott/,https://politifact.com/staff/amy-sherman/,
cory-booker-claims-jobless-rate-fell-two-percentag,politifact,false,"""We've seen in this last year tremendous things happening, including our unemployment rate come down 2 percentage points.""",Soprano et al,DEM_FALSE_doc1,1,2012-03-01,Weve seen in this last year tremendous things happening including our unemployment rate come down 2 percentage points,18.0,2012-02-23,"stated on February 23, 2012 in an interview on WBGO’s “Newark Today”:",New Jersey:::Jobs:::Cory Booker,New Jersey,,,cory-booker,Cory Booker,DEM,"Cory Booker is a senator from New Jersey. He was first elected to the Senate in 2013, making him the first African-American senator from New Jersey and the first African-American elected to the Senate since Barack Obama in 2004. Booker served as mayor of Newark from 2006 until 2013. He has a bachelor's degree in political science and a master’s degree in sociology from Stanford University, an honors degree in United States history from The Queens College as a Rhodes Scholar and a J.D. from Yale Law School. In 2019, he ran for the Democratic nomination for president and suspended his campaign in January 2020.",Erin O'Neill,https://www.politifact.com/factchecks/2012/mar/01/cory-booker/cory-booker-claims-jobless-rate-fell-two-percentag/,https://www.politifact.com/personalities/cory-booker/,https://politifact.com/staff/erin-oneill/,
adler-supporters-mike-martinez-money-claim-unsuppo,politifact,pants-on-fire,"Austin mayoral candidate ""Mike Martinez takes corporate money.""",Soprano et al,DEM_LIE_doc9,0,2014-08-07,Austin mayoral candidate Mike Martinez takes corporate money,8.0,2014-07-29,"stated on July 29, 2014 in a Facebook post:",Campaign Finance:::Candidate Biography:::City Government:::Corporations:::Texas:::Eugene Sepulveda,Texas,,,eugene-sepulveda,Eugene Sepulveda,,"Eugene Sepulveda, a longtime Austin social entrepreneur and philanthropist, is the treasurer for Steve Adler's 2014 mayoral campaign.",W. Gardner Selby,https://www.politifact.com/factchecks/2014/aug/07/eugene-sepulveda/adler-supporters-mike-martinez-money-claim-unsuppo/,https://www.politifact.com/personalities/eugene-sepulveda/,https://politifact.com/staff/w-gardner-selby/,
craig-james-says-barack-obama-and-hillary-clinton-,politifact,pants-on-fire,"""Barack Obama and Hillary Clinton are negotiating with the United Nations about doing a treaty that will ban the use of firearms.""",Soprano et al,REP_LIE_doc4,0,2012-05-17,Barack Obama and Hillary Clinton are negotiating with the United Nations about doing a treaty that will ban the use of firearms,22.0,2012-05-16,"stated on May 16, 2012 in a speech in Tyler, Texas.:",Foreign Policy:::Guns:::Texas:::Craig James,Texas,,,craig-james,Craig James,REP,Craig James has been a football analyst for ESPN. He's a former star running back who played in Texas for the Southern Methodist University Mustangs. He unsuccessfully sought the Republican U.S. Senate nomination in 2012.,W. Gardner Selby,https://www.politifact.com/factchecks/2012/may/17/craig-james/craig-james-says-barack-obama-and-hillary-clinton-/,https://www.politifact.com/personalities/craig-james/,https://politifact.com/staff/w-gardner-selby/,
vin-gopal-targeted-gop-attack-ad-new-jersey-assemb,politifact,pants-on-fire,"""Corrupt political bosses. Money laundering. Fraud. It’s just another day at the office for Vin Gopal.""",Soprano et al,REP_LIE_doc6,0,2011-11-04,Corrupt political bosses Money laundering Fraud Its just another day at the office for Vin Gopal,16.0,2011-11-03,"stated on November 3, 2011 in a political advertisement:",New Jersey:::Elections:::Message Machine 2012:::New Jersey Republican State Committee,New Jersey,,,new-jersey-republican-state-committee,New Jersey Republican State Committee,REP,The New Jersey Republican State Committee represents the GOP in the Garden State.,Caryn Shinske,https://www.politifact.com/factchecks/2011/nov/04/new-jersey-republican-state-committee/vin-gopal-targeted-gop-attack-ad-new-jersey-assemb/,https://www.politifact.com/personalities/new-jersey-republican-state-committee/,https://politifact.com/staff/caryn-shinske/,
wisconsin-state-sen-lena-taylor-d-milwaukee-says-h,politifact,pants-on-fire,"Hitler ""abolished unions and that’s what"" Wisconsin Gov. Scott Walker is ""doing today.""",Soprano et al,DEM_LIE_doc1,0,2011-02-22,Hitler abolished unions and thats what Wisconsin Gov Scott Walker is doing today,13.0,2011-02-15,"stated on February 15, 2011 in in a TV interview, as well as other venues:",Labor:::State Budget:::Wisconsin:::Lena Taylor,Wisconsin,Wisconsin,,lena-taylor,Lena Taylor,DEM,"Lena Taylor is a Milwaukee Democrat, was elected to the Wisconsin Senate in 2004. She previously served for nearly two years in the state Assembly.",Tom Kertscher,https://www.politifact.com/factchecks/2011/feb/22/lena-taylor/wisconsin-state-sen-lena-taylor-d-milwaukee-says-h/,https://www.politifact.com/personalities/lena-taylor/,https://politifact.com/staff/tom-kertscher/,
fred-karger-says-mitt-romney-would-have-put-loyalt,politifact,pants-on-fire,"""If a President Romney got a call from the president of the (Mormon church), he has no choice but to obey. It is obedience over family and country.""",Soprano et al,REP_LIE_doc1,0,2011-10-18,If a President Romney got a call from the president of the Mormon church he has no choice but to obey It is obedience over family and country,28.0,2011-10-15,"stated on October 15, 2011 in an interview with The Guardian:",National:::Religion:::Fred Karger,,,,fred-karger,Fred Karger,REP,Fred Karger is a candidate for the Republican presidential nomination. He is the first openly gay presidential candidate from a major political party.,Louis Jacobson,https://www.politifact.com/factchecks/2011/oct/18/fred-karger/fred-karger-says-mitt-romney-would-have-put-loyalt/,https://www.politifact.com/personalities/fred-karger/,https://politifact.com/staff/louis-jacobson/,
lawmaker-claims-democrats-want-hit-small-businesse,politifact,pants-on-fire,"""Ninety-four percent of small businesses will face higher taxes under the Democrats' plan.""",Soprano et al,REP_LIE_doc9,0,2010-08-04,Ninetyfour percent of small businesses will face higher taxes under the Democrats plan,13.0,2010-07-29,"stated on July 29, 2010 in a Townhall.com guest blog post:",National:::Economy:::Federal Budget:::Taxes:::Randy Neugebauer,,,,randy-neugebauer,Randy Neugebauer,,Rep. Randy Neugebauer represents the 19th District of Texas.,Lukas Pleva,https://www.politifact.com/factchecks/2010/aug/04/randy-neugebauer/lawmaker-claims-democrats-want-hit-small-businesse/,https://www.politifact.com/personalities/randy-neugebauer/,https://politifact.com/staff/lukas-pleva/,
michele-bachmann-says-70-percent-food-stamp-fundin,politifact,pants-on-fire,"Of every ""three dollars in food stamps for the needy, seven dollars in salaries and pensions (go to) the bureaucrats who are supposed to be taking care of the poor.""",Soprano et al,REP_LIE_doc3,0,2013-03-19,Of every three dollars in food stamps for the needy seven dollars in salaries and pensions go to the bureaucrats who are supposed to be taking care of the poor,30.0,2013-03-16,"stated on March 16, 2013 in a speech at the conservative CPAC conference:",National:::Federal Budget:::Poverty:::Michele Bachmann,,,,michele-bachmann,Michele Bachmann,REP,"Michele Bachmann, first elected to the U.S. Congress in 2006, represents the 6th Congressional District of Minnesota. She was reelected in 2008. Previously, she served in the Minnesota State Senate. Prior to that, she spent five years as a federal tax litigation attorney. Bachmann and her husband, Marcus, who have five children and have opened their home to 23 foster children, live in Stillwater, Minn., and own a mental health care practice.",Louis Jacobson,https://www.politifact.com/factchecks/2013/mar/19/michele-bachmann/michele-bachmann-says-70-percent-food-stamp-fundin/,https://www.politifact.com/personalities/michele-bachmann/,https://politifact.com/staff/louis-jacobson/,
gina-raimondo-says-providence-taxes-rose-nearly-27,politifact,pants-on-fire,"""Residential property taxes [in Providence] are up nearly 27 percent under Mayor Taveras.""",Soprano et al,DEM_LIE_doc8,0,2014-05-04,Residential property taxes in Providence are up nearly 27 percent under Mayor Taveras,13.0,2014-04-28,"stated on April 28, 2014 in a news release:",Rhode Island:::City Budget:::Negative Campaigning:::Taxes:::Gina Raimondo,Rhode Island,,,gina-raimondo,Gina Raimondo,,"Gina Raimondo served a four-year term as Rhode Island's general treasurer beginning in Jan. 4, 2011 before being elected governor in 2014. She cofounded and served as a general partner of Point Judith Capital. She is a graduate of Yale Law School and a Rhodes Scholar. She is married with two children.",C. Eugene Emery Jr.,https://www.politifact.com/factchecks/2014/may/04/gina-raimondo/gina-raimondo-says-providence-taxes-rose-nearly-27/,https://www.politifact.com/personalities/gina-raimondo/,https://politifact.com/staff/c-eugene-emery/,
mitt-romney-obama-chrysler-sold-italians-china-ame,politifact,pants-on-fire,"Says Barack Obama ""sold Chrysler to Italians who are going to build Jeeps in China"" at the cost of American jobs.",Soprano et al,REP_LIE_doc5,0,2012-10-30,Says Barack Obama sold Chrysler to Italians who are going to build Jeeps in China at the cost of American jobs,21.0,2012-10-29,"stated on October 29, 2012 in a television ad:",National:::China:::Jobs:::Message Machine 2012:::Workers:::Mitt Romney,,,,mitt-romney,Mitt Romney,REP,"Mitt Romney is a U.S. senator from Utah. He ran for president in 2012 as the Republican nominee, losing to incumbent President Barack Obama. Prior to that, Romney served one term as governor of Massachusetts, elected to the post in 2002. He was born in 1947 in Michigan, where his father was governor from 1963 to 1969. Romney graduated from Brigham Young University and received both a law degree and an MBA from Harvard University. Romney helped found the investment firm Bain Capital in 1984, which launched or rebuilt such companies as Staples and Dominos Pizza. Romney managed the Winter Olympics in Salt Lake City from 1999-2002. He ran for president in 2008 but lost the Republican nomination. He and his wife, Ann, have five sons, Tagg, Craig, Matt, Ben and Josh.",Jon Greenberg,https://www.politifact.com/factchecks/2012/oct/30/mitt-romney/mitt-romney-obama-chrysler-sold-italians-china-ame/,https://www.politifact.com/personalities/mitt-romney/,https://politifact.com/staff/jon-greenberg/,
obamacare-largest-ever-tax-middle-class-gop-us-sen,politifact,pants-on-fire,"Says ""Obamacare"" is ""the largest middle-class tax increase in history.""",Soprano et al,REP_LIE_doc10,0,2012-07-23,Says Obamacare is the largest middleclass tax increase in history,10,,social media,,,,REP,,Jeff Fitzgerald,REP,,,https://www.politifact.com/factchecks/2012/jul/23/jeff-fitzgerald/obamacare-largest-ever-tax-middle-class-gop-us-sen/,,,10
sen-sandra-cunningham-claims-new-jersey-residents-,politifact,pants-on-fire,Says a Senate resolution would restore $140 in monthly general assistance payments and prevent people from committing crime.,Soprano et al,DEM_LIE_doc4,0,2011-08-18,Says a Senate resolution would restore 140 in monthly general assistance payments and prevent people from committing crime,18.0,2011-07-11,"stated on July 11, 2011 in a speech on the State Senate floor:",New Jersey:::Crime:::Poverty:::State Budget:::Sandra Cunningham,New Jersey,,,sandra-cunningham,Sandra Cunningham,DEM,"Sandra Cunningham is a New Jersey State Senator. A Democrat, she represents a part of Hudson County.",Erin O'Neill,https://www.politifact.com/factchecks/2011/aug/18/sandra-cunningham/sen-sandra-cunningham-claims-new-jersey-residents-/,https://www.politifact.com/personalities/sandra-cunningham/,https://politifact.com/staff/erin-oneill/,
wisconsin-democratic-party-spokesman-zielinski-say,politifact,pants-on-fire,"Says the Wisconsin Republican Party tweeted ""Happy International Women's Day! You ladies should get paid less and not be able to make health care decisions.""",Soprano et al,DEM_LIE_doc10,0,2012-03-28,Says the Wisconsin Republican Party tweeted Happy International Womens Day You ladies should get paid less and not be able to make health care decisions,25.0,2012-03-08,"stated on March 8, 2012 in a tweet:",Women:::Wisconsin:::Graeme Zielinski,Wisconsin,Wisconsin,REP,graeme-zielinski,Graeme Zielinski,DEM,"Graeme Zielinski served as spokesman for the Democratic Party of Wisconsin until March 2013, when he was removed from the post and made a media adviser for the party.",James B. Nelson,https://www.politifact.com/factchecks/2012/mar/28/graeme-zielinski/wisconsin-democratic-party-spokesman-zielinski-say/,https://www.politifact.com/personalities/graeme-zielinski/,https://politifact.com/staff/james-b-nelson/,
newt-gingrich-blasts-1990s-ethics-investigation-hi,politifact,pants-on-fire,"Says the congressional ethics investigation against him was conducted by ""a very partisan political committee"" in a way that ""related more to the politics of the Democratic Party than to ethics.""",Soprano et al,REP_LIE_doc2,0,2011-12-08,Says the congressional ethics investigation against him was conducted by a very partisan political committee in a way that related more to the politics of the Democratic Party than to ethics,31.0,2011-12-06,"stated on December 6, 2011 in an interview with Fox News' Greta Van Susteren:",National:::Bipartisanship:::Ethics:::Newt Gingrich,,,DEM,newt-gingrich,Newt Gingrich,REP,"Newt Gingrich is a political adviser and author. A former Georgia congressman, Gingrich served as Speaker of the House of Representatives from 1995 to 1999. Gingrich sought the GOP nomination for president in 2012.",Louis Jacobson,https://www.politifact.com/factchecks/2011/dec/08/newt-gingrich/newt-gingrich-blasts-1990s-ethics-investigation-hi/,https://www.politifact.com/personalities/newt-gingrich/,https://politifact.com/staff/louis-jacobson/,
scott-walker-plans-end-income-tax-more-double-sale,politifact,pants-on-fire,"Scott Walker's income ""tax plan is a tax hike. It increases taxes for nearly 80% of the people in the state.""",Soprano et al,DEM_LIE_doc2,0,2014-01-16,Scott Walkers income tax plan is a tax hike It increases taxes for nearly 80 of the people in the state,21.0,2014-01-07,"stated on January 7, 2014 in an interview:",Income:::Jobs:::State Budget:::Taxes:::Wisconsin:::Mary Burke,Wisconsin,,,mary-burke,Mary Burke,REP:::DEM,"Burke is a former Trek Bicycle executive and former Wisconsin Commerce Department secretary who announced on Oct. 7, 2013 that she would seek the Democratic nomination for governor in Wisconsin in the fall 2014 election against incument Republican Gov. Scott Walker. She lost to Walker on Nov. 4, 2014. She is a school board member in Madison, Wisconsin.",Tom Kertscher,https://www.politifact.com/factchecks/2014/jan/16/mary-burke/scott-walker-plans-end-income-tax-more-double-sale/,https://www.politifact.com/personalities/mary-burke/,https://politifact.com/staff/tom-kertscher/,
cantor-says-us-paid-seniors-12-million-play-world-,politifact,pants-on-fire,"""The National Science Foundation spent $1.2 million paying seniors to play World of Warcraft to study the impact it had on their brain.""",Soprano et al,REP_LIE_doc7,0,2013-02-22,The National Science Foundation spent 12 million paying seniors to play World of Warcraft to study the impact it had on their brain,23.0,2013-02-19,"stated on February 19, 2013 in a news release.:",Federal Budget:::Pop Culture:::Virginia:::Eric Cantor,Virginia,,,eric-cantor,Eric Cantor,REP,"Eric Cantor is a former congressman who represented Virginia's 7th District from 2001 to 2014. He rose to House minority whip in 2009 and House majority leader in 2011. Cantor was upset by Dave Brat in the 2014 GOP primary for congress. He is now vice chairman and managing director of Moelis & Company, a global investment bank.",Sean Gorman,https://www.politifact.com/factchecks/2013/feb/22/eric-cantor/cantor-says-us-paid-seniors-12-million-play-world-/,https://www.politifact.com/personalities/eric-cantor/,https://politifact.com/staff/sean-gorman/,
rep-cicilline-says-wic-costs-100-person-and-18-per,politifact,pants-on-fire,"The WIC program ""is an incredibly cost effective program, serving nearly 10 million Americans each year and costing less than $100 per person. In my district, more than 18 percent of residents suffer from food insecurity and depend on WIC to make ends meet.""",Soprano et al,DEM_LIE_doc3,0,2011-06-26,The WIC program is an incredibly cost effective program serving nearly 10 million Americans each year and costing less than 100 per person In my district more than 18 percent of residents suffer from food insecurity and depend on WIC to make ends meet,44.0,2011-06-14,"stated on June 14, 2011 in a speech on the floor of the House of Representatives:",Rhode Island:::Children:::Federal Budget:::Health Care:::Poverty:::Women:::Taxes:::David Cicilline,Rhode Island,,,david-cicilline,David Cicilline,,"David Cicilline was elected to the 1st Congressional District in 2010. Before that, he was mayor of Providence, beginning in January, 2003. A Brown University graduate, he received his law degree from Georgetown University Law Center.",C. Eugene Emery Jr.,https://www.politifact.com/factchecks/2011/jun/26/david-cicilline/rep-cicilline-says-wic-costs-100-person-and-18-per/,https://www.politifact.com/personalities/david-cicilline/,https://politifact.com/staff/c-eugene-emery/,
paul-hirschbiel-says-newspapers-called-scott-rigel,politifact,pants-on-fire,"""Virginia papers called (Scott) Rigell’s campaign ‘Mostly False.’""",Soprano et al,DEM_LIE_doc5,0,2012-10-22,Virginia papers called Scott Rigells campaign Mostly False,8.0,2012-09-28,"stated on September 28, 2012 in a TV ad.:",Message Machine 2012:::Virginia:::Paul Hirschbiel,Virginia,Virginia,,paul-hirschbiel,Paul Hirschbiel,REP:::DEM,"Paul Hirschbiel was the 2012 Democratic nominee for Virginia's 2nd District congressional seat held by Republican Scott Rigell.Hirschbiel, a venture capitalist, is the owner and president of  Eden Capital, a Virginia Beach-based firm focusing on both for-profit and not-for-profit consulting and investing.He was a founder of a venture capital firm currently known as Cornerstone Equity, which focuses on microcomputer, retail and consumer products. The company was an early investor in Dell Computer and Hirschbiel was a member of Dell's board of directors.Hirschbiel grew up in Norfolk. He earned his B.A. and M.B.A. degrees from the University of North Carolina at Chapel Hill.Hisrscbiel lives in Virginia Beach with his wife, Susan. They have two children.",Nancy Madsen,https://www.politifact.com/factchecks/2012/oct/22/paul-hirschbiel/paul-hirschbiel-says-newspapers-called-scott-rigel/,https://www.politifact.com/personalities/paul-hirschbiel/,https://politifact.com/staff/nancy-madsen-virginia/,
sherrod-brown-josh-mandel-lying-debates,politifact,pants-on-fire,"""When Josh Mandel claims to have accepted three debates with Sen. Sherrod Brown, he is lying. He has accepted ZERO proposed debates.""",Soprano et al,DEM_LIE_doc7,0,2012-07-25,When Josh Mandel claims to have accepted three debates with Sen Sherrod Brown he is lying He has accepted ZERO proposed debates,22.0,2012-07-19,"stated on July 19, 2012 in a news release:",Ohio:::Elections:::Negative Campaigning:::Sherrod Brown,Ohio,,,sherrod-brown,Sherrod Brown,DEM,Sherrod Brown is a Democratic U.S. Senator representing Ohio. He won his first elected office to the Ohio House of Representatives in 1974. He later served as Ohio secretary of state and was elected to Congress in 1992. He first joined the U.S. Senate in 2007.,Henry J. Gomez,https://www.politifact.com/factchecks/2012/jul/25/sherrod-brown/sherrod-brown-josh-mandel-lying-debates/,https://www.politifact.com/personalities/sherrod-brown/,https://politifact.com/staff/henry-gomez/,
