task_name,batch_name,worker_id,paid,unit_id,try_current,time_submit,questionnaire_index,questionnaire_position,questionnaire_allow_back,questionnaire_type,questionnaire_time_elapsed,questionnaire_accesses,question_attribute_index,question_attribute_name,question_attribute_type,question_attribute_text,question_answers_values,question_answers_labels,question_answer_value,question_answer_text,time_submit_parsed
Soprano et al,Big-0,worker_67,True,unit_47,1.0,2020-06-01 14:51:03,0.0,start,False,crt,36.7,1.0,0.0,marks,number,,,,9.0,,2020-06-01 14:51:03
Soprano et al,Big-0,worker_67,True,unit_47,1.0,2020-06-01 14:50:01,0.0,start,False,standard,24.16,1.0,8.0,taxes,mcq,"Last year what was your total family income from all sources, before taxes?",0:::1:::2:::3:::4:::5:::6:::7:::8,"Less than 10,000:::10,000 to less than 20,000:::20,000 to less than 30,000:::30,000 to less than 40,000:::40,000 to less than 50,000:::50,000 to less than 75,000:::75,000 to less than 100,000:::100,000 to less than 150,000:::150,000 or more",4.0,"40,000 to less than 50,000",2020-06-01 14:50:01
Soprano et al,Big-0,worker_67,True,unit_47,1.0,2020-06-01 14:50:01,0.0,start,False,standard,24.16,1.0,4.0,political_views,mcq,"In general, would you describe your political views as",0:::1:::2:::3:::4,Very conservative:::Conservative:::Moderate:::Liberal:::Very liberal,3.0,Liberal,2020-06-01 14:50:01
Soprano et al,Big-0,worker_67,True,unit_47,1.0,2020-06-01 14:50:01,0.0,start,False,standard,24.16,1.0,3.0,consideration,mcq,"In politics today, do you consider yourself a",0:::1:::2:::3,Republican:::Democrat:::Independent:::Something else,1.0,Democrat,2020-06-01 14:50:01
Soprano et al,Big-0,worker_67,True,unit_47,1.0,2020-06-01 14:50:01,0.0,start,False,standard,24.16,1.0,2.0,southern_border,mcq,Should the U.S. build a wall along the southern border?,0:::1:::2,Agree:::Disagree:::No opinion either way,1.0,Disagree,2020-06-01 14:50:01
Soprano et al,Big-0,worker_67,True,unit_47,1.0,2020-06-01 14:50:01,0.0,start,False,standard,24.16,1.0,2.0,environment,mcq,Should the government increase environmental regulations to prevent climate change?,0:::1:::2,Agree:::Disagree:::No opinion either way,0.0,Agree,2020-06-01 14:50:01
Soprano et al,Big-0,worker_67,True,unit_47,1.0,2020-06-01 14:50:01,0.0,start,False,standard,24.16,1.0,5.0,school,mcq,What is the highest level of school you have completed or the highest degree you have received?,0:::1:::2:::3:::4:::5,"High school incomplete or less:::High school graduate or GED (includes technical/vocational training that doesn’t towards college credit):::Some college (some community college, associate’s degree):::Four year college degree/bachelor’s degree:::Some postgraduate or professional schooling, no postgraduate degree:::Postgraduate or professional degree, including master’s, doctorate, medical or law degree",2.0,"Some college (some community college, associate’s degree)",2020-06-01 14:50:01
Soprano et al,Big-0,worker_67,True,unit_47,1.0,2020-06-01 14:51:22,0.0,start,False,crt,18.67,1.0,0.0,athletics,number,,,,4.0,,2020-06-01 14:51:22
Soprano et al,Big-0,worker_67,True,unit_47,1.0,2020-06-01 14:50:01,0.0,start,False,standard,24.16,1.0,5.0,age,mcq,What is your age range?,0:::1:::2:::3:::4:::5,0-18:::19-25:::26-35:::36-50:::50-80:::80,4.0,50-80,2020-06-01 14:50:01
Soprano et al,Big-0,worker_67,True,unit_47,1.0,2020-06-01 14:50:26,0.0,start,False,crt,25.8,1.0,0.0,farmers,number,,,,3.0,,2020-06-01 14:50:26
Soprano et al,Big-0,worker_33,True,unit_115,1.0,2020-06-01 14:54:57,0.0,start,False,crt,7.42,1.0,0.0,marks,number,,,,9.0,,2020-06-01 14:54:57
Soprano et al,Big-0,worker_33,True,unit_115,1.0,2020-06-01 14:54:49,0.0,start,False,crt,10.54,1.0,0.0,farmers,number,,,,3.0,,2020-06-01 14:54:49
Soprano et al,Big-0,worker_33,True,unit_115,1.0,2020-06-01 14:54:39,0.0,start,False,standard,19.33,1.0,5.0,school,mcq,What is the highest level of school you have completed or the highest degree you have received?,0:::1:::2:::3:::4:::5,"High school incomplete or less:::High school graduate or GED (includes technical/vocational training that doesn’t towards college credit):::Some college (some community college, associate’s degree):::Four year college degree/bachelor’s degree:::Some postgraduate or professional schooling, no postgraduate degree:::Postgraduate or professional degree, including master’s, doctorate, medical or law degree",1.0,High school graduate or GED (includes technical/vocational training that doesn’t towards college credit),2020-06-01 14:54:39
Soprano et al,Big-0,worker_33,True,unit_115,1.0,2020-06-01 14:54:39,0.0,start,False,standard,19.33,1.0,5.0,age,mcq,What is your age range?,0:::1:::2:::3:::4:::5,0-18:::19-25:::26-35:::36-50:::50-80:::80,2.0,26-35,2020-06-01 14:54:39
Soprano et al,Big-0,worker_33,True,unit_115,1.0,2020-06-01 14:54:39,0.0,start,False,standard,19.33,1.0,2.0,environment,mcq,Should the government increase environmental regulations to prevent climate change?,0:::1:::2,Agree:::Disagree:::No opinion either way,0.0,Agree,2020-06-01 14:54:39
Soprano et al,Big-0,worker_33,True,unit_115,1.0,2020-06-01 14:54:39,0.0,start,False,standard,19.33,1.0,2.0,southern_border,mcq,Should the U.S. build a wall along the southern border?,0:::1:::2,Agree:::Disagree:::No opinion either way,1.0,Disagree,2020-06-01 14:54:39
Soprano et al,Big-0,worker_33,True,unit_115,1.0,2020-06-01 14:54:39,0.0,start,False,standard,19.33,1.0,4.0,political_views,mcq,"In general, would you describe your political views as",0:::1:::2:::3:::4,Very conservative:::Conservative:::Moderate:::Liberal:::Very liberal,4.0,Very liberal,2020-06-01 14:54:39
Soprano et al,Big-0,worker_33,True,unit_115,1.0,2020-06-01 14:54:39,0.0,start,False,standard,19.33,1.0,8.0,taxes,mcq,"Last year what was your total family income from all sources, before taxes?",0:::1:::2:::3:::4:::5:::6:::7:::8,"Less than 10,000:::10,000 to less than 20,000:::20,000 to less than 30,000:::30,000 to less than 40,000:::40,000 to less than 50,000:::50,000 to less than 75,000:::75,000 to less than 100,000:::100,000 to less than 150,000:::150,000 or more",4.0,"40,000 to less than 50,000",2020-06-01 14:54:39
Soprano et al,Big-0,worker_33,True,unit_115,1.0,2020-06-01 14:55:05,0.0,start,False,crt,7.8,1.0,0.0,athletics,number,,,,16.0,,2020-06-01 14:55:05
Soprano et al,Big-0,worker_33,True,unit_115,1.0,2020-06-01 14:54:39,0.0,start,False,standard,19.33,1.0,3.0,consideration,mcq,"In politics today, do you consider yourself a",0:::1:::2:::3,Republican:::Democrat:::Independent:::Something else,1.0,Democrat,2020-06-01 14:54:39
Soprano et al,Big-0,worker_181,True,unit_73,1.0,2020-06-01 14:55:21,0.0,start,False,standard,31.39,1.0,8.0,taxes,mcq,"Last year what was your total family income from all sources, before taxes?",0:::1:::2:::3:::4:::5:::6:::7:::8,"Less than 10,000:::10,000 to less than 20,000:::20,000 to less than 30,000:::30,000 to less than 40,000:::40,000 to less than 50,000:::50,000 to less than 75,000:::75,000 to less than 100,000:::100,000 to less than 150,000:::150,000 or more",6.0,"75,000 to less than 100,000",2020-06-01 14:55:21
Soprano et al,Big-0,worker_181,True,unit_73,1.0,2020-06-01 14:55:21,0.0,start,False,standard,31.39,1.0,5.0,school,mcq,What is the highest level of school you have completed or the highest degree you have received?,0:::1:::2:::3:::4:::5,"High school incomplete or less:::High school graduate or GED (includes technical/vocational training that doesn’t towards college credit):::Some college (some community college, associate’s degree):::Four year college degree/bachelor’s degree:::Some postgraduate or professional schooling, no postgraduate degree:::Postgraduate or professional degree, including master’s, doctorate, medical or law degree",5.0,"Postgraduate or professional degree, including master’s, doctorate, medical or law degree",2020-06-01 14:55:21
Soprano et al,Big-0,worker_181,True,unit_73,1.0,2020-06-01 14:55:53,0.0,start,False,crt,12.76,1.0,0.0,athletics,number,,,,3.0,,2020-06-01 14:55:53
Soprano et al,Big-0,worker_181,True,unit_73,1.0,2020-06-01 14:55:33,0.0,start,False,crt,12.25,1.0,0.0,farmers,number,,,,3.0,,2020-06-01 14:55:33
Soprano et al,Big-0,worker_181,True,unit_73,1.0,2020-06-01 14:55:40,0.0,start,False,crt,6.98,1.0,0.0,marks,number,,,,9.0,,2020-06-01 14:55:40
Soprano et al,Big-0,worker_181,True,unit_73,1.0,2020-06-01 14:55:21,0.0,start,False,standard,31.39,1.0,2.0,southern_border,mcq,Should the U.S. build a wall along the southern border?,0:::1:::2,Agree:::Disagree:::No opinion either way,1.0,Disagree,2020-06-01 14:55:21
Soprano et al,Big-0,worker_181,True,unit_73,1.0,2020-06-01 14:55:21,0.0,start,False,standard,31.39,1.0,5.0,age,mcq,What is your age range?,0:::1:::2:::3:::4:::5,0-18:::19-25:::26-35:::36-50:::50-80:::80,2.0,26-35,2020-06-01 14:55:21
Soprano et al,Big-0,worker_181,True,unit_73,1.0,2020-06-01 14:55:21,0.0,start,False,standard,31.39,1.0,2.0,environment,mcq,Should the government increase environmental regulations to prevent climate change?,0:::1:::2,Agree:::Disagree:::No opinion either way,1.0,Disagree,2020-06-01 14:55:21
Soprano et al,Big-0,worker_181,True,unit_73,1.0,2020-06-01 14:55:21,0.0,start,False,standard,31.39,1.0,3.0,consideration,mcq,"In politics today, do you consider yourself a",0:::1:::2:::3,Republican:::Democrat:::Independent:::Something else,0.0,Republican,2020-06-01 14:55:21
Soprano et al,Big-0,worker_181,True,unit_73,1.0,2020-06-01 14:55:21,0.0,start,False,standard,31.39,1.0,4.0,political_views,mcq,"In general, would you describe your political views as",0:::1:::2:::3:::4,Very conservative:::Conservative:::Moderate:::Liberal:::Very liberal,0.0,Very conservative,2020-06-01 14:55:21
Soprano et al,Big-0,worker_97,True,unit_159,1.0,2020-06-01 14:59:31,0.0,start,False,crt,61.92,1.0,0.0,athletics,number,,,,5.0,,2020-06-01 14:59:31
Soprano et al,Big-0,worker_97,True,unit_159,1.0,2020-06-01 14:57:43,0.0,start,False,standard,25.82,1.0,5.0,school,mcq,What is the highest level of school you have completed or the highest degree you have received?,0:::1:::2:::3:::4:::5,"High school incomplete or less:::High school graduate or GED (includes technical/vocational training that doesn’t towards college credit):::Some college (some community college, associate’s degree):::Four year college degree/bachelor’s degree:::Some postgraduate or professional schooling, no postgraduate degree:::Postgraduate or professional degree, including master’s, doctorate, medical or law degree",3.0,Four year college degree/bachelor’s degree,2020-06-01 14:57:43
Soprano et al,Big-0,worker_97,True,unit_159,1.0,2020-06-01 14:57:43,0.0,start,False,standard,25.82,1.0,8.0,taxes,mcq,"Last year what was your total family income from all sources, before taxes?",0:::1:::2:::3:::4:::5:::6:::7:::8,"Less than 10,000:::10,000 to less than 20,000:::20,000 to less than 30,000:::30,000 to less than 40,000:::40,000 to less than 50,000:::50,000 to less than 75,000:::75,000 to less than 100,000:::100,000 to less than 150,000:::150,000 or more",3.0,"30,000 to less than 40,000",2020-06-01 14:57:43
Soprano et al,Big-0,worker_97,True,unit_159,1.0,2020-06-01 14:57:43,0.0,start,False,standard,25.82,1.0,4.0,political_views,mcq,"In general, would you describe your political views as",0:::1:::2:::3:::4,Very conservative:::Conservative:::Moderate:::Liberal:::Very liberal,2.0,Moderate,2020-06-01 14:57:43
Soprano et al,Big-0,worker_97,True,unit_159,1.0,2020-06-01 14:57:43,0.0,start,False,standard,25.82,1.0,3.0,consideration,mcq,"In politics today, do you consider yourself a",0:::1:::2:::3,Republican:::Democrat:::Independent:::Something else,2.0,Independent,2020-06-01 14:57:43
Soprano et al,Big-0,worker_97,True,unit_159,1.0,2020-06-01 14:57:43,0.0,start,False,standard,25.82,1.0,2.0,environment,mcq,Should the government increase environmental regulations to prevent climate change?,0:::1:::2,Agree:::Disagree:::No opinion either way,0.0,Agree,2020-06-01 14:57:43
Soprano et al,Big-0,worker_97,True,unit_159,1.0,2020-06-01 14:57:43,0.0,start,False,standard,25.82,1.0,5.0,age,mcq,What is your age range?,0:::1:::2:::3:::4:::5,0-18:::19-25:::26-35:::36-50:::50-80:::80,2.0,26-35,2020-06-01 14:57:43
Soprano et al,Big-0,worker_97,True,unit_159,1.0,2020-06-01 14:58:05,0.0,start,False,crt,21.8,1.0,0.0,farmers,number,,,,9.0,,2020-06-01 14:58:05
Soprano et al,Big-0,worker_97,True,unit_159,1.0,2020-06-01 14:58:29,0.0,start,False,crt,23.76,1.0,0.0,marks,number,,,,10.0,,2020-06-01 14:58:29
Soprano et al,Big-0,worker_97,True,unit_159,1.0,2020-06-01 14:57:43,0.0,start,False,standard,25.82,1.0,2.0,southern_border,mcq,Should the U.S. build a wall along the southern border?,0:::1:::2,Agree:::Disagree:::No opinion either way,0.0,Agree,2020-06-01 14:57:43
Soprano et al,Big-0,worker_1,True,unit_53,1.0,2020-06-01 15:00:43,0.0,start,False,crt,21.55,1.0,0.0,farmers,number,,,,3.0,,2020-06-01 15:00:43
Soprano et al,Big-0,worker_1,True,unit_53,1.0,2020-06-01 15:00:21,0.0,start,False,standard,146.76,1.0,5.0,school,mcq,What is the highest level of school you have completed or the highest degree you have received?,0:::1:::2:::3:::4:::5,"High school incomplete or less:::High school graduate or GED (includes technical/vocational training that doesn’t towards college credit):::Some college (some community college, associate’s degree):::Four year college degree/bachelor’s degree:::Some postgraduate or professional schooling, no postgraduate degree:::Postgraduate or professional degree, including master’s, doctorate, medical or law degree",3.0,Four year college degree/bachelor’s degree,2020-06-01 15:00:21
Soprano et al,Big-0,worker_1,True,unit_53,1.0,2020-06-01 15:00:54,0.0,start,False,crt,11.08,1.0,0.0,marks,number,,,,9.0,,2020-06-01 15:00:54
Soprano et al,Big-0,worker_1,True,unit_53,1.0,2020-06-01 15:00:21,0.0,start,False,standard,146.76,1.0,2.0,environment,mcq,Should the government increase environmental regulations to prevent climate change?,0:::1:::2,Agree:::Disagree:::No opinion either way,2.0,No opinion either way,2020-06-01 15:00:21
Soprano et al,Big-0,worker_1,True,unit_53,1.0,2020-06-01 15:00:21,0.0,start,False,standard,146.76,1.0,5.0,age,mcq,What is your age range?,0:::1:::2:::3:::4:::5,0-18:::19-25:::26-35:::36-50:::50-80:::80,2.0,26-35,2020-06-01 15:00:21
Soprano et al,Big-0,worker_1,True,unit_53,1.0,2020-06-01 15:00:21,0.0,start,False,standard,146.76,1.0,2.0,southern_border,mcq,Should the U.S. build a wall along the southern border?,0:::1:::2,Agree:::Disagree:::No opinion either way,1.0,Disagree,2020-06-01 15:00:21
Soprano et al,Big-0,worker_1,True,unit_53,1.0,2020-06-01 15:00:21,0.0,start,False,standard,146.76,1.0,4.0,political_views,mcq,"In general, would you describe your political views as",0:::1:::2:::3:::4,Very conservative:::Conservative:::Moderate:::Liberal:::Very liberal,4.0,Very liberal,2020-06-01 15:00:21
Soprano et al,Big-0,worker_1,True,unit_53,1.0,2020-06-01 15:00:21,0.0,start,False,standard,146.76,1.0,8.0,taxes,mcq,"Last year what was your total family income from all sources, before taxes?",0:::1:::2:::3:::4:::5:::6:::7:::8,"Less than 10,000:::10,000 to less than 20,000:::20,000 to less than 30,000:::30,000 to less than 40,000:::40,000 to less than 50,000:::50,000 to less than 75,000:::75,000 to less than 100,000:::100,000 to less than 150,000:::150,000 or more",0.0,"Less than 10,000",2020-06-01 15:00:21
Soprano et al,Big-0,worker_1,True,unit_53,1.0,2020-06-01 15:01:14,0.0,start,False,crt,19.71,1.0,0.0,athletics,number,,,,4.0,,2020-06-01 15:01:14
Soprano et al,Big-0,worker_1,True,unit_53,1.0,2020-06-01 15:00:21,0.0,start,False,standard,146.76,1.0,3.0,consideration,mcq,"In politics today, do you consider yourself a",0:::1:::2:::3,Republican:::Democrat:::Independent:::Something else,1.0,Democrat,2020-06-01 15:00:21
Soprano et al,Big-0,worker_188,True,unit_37,1.0,2020-06-01 14:59:08,0.0,start,False,standard,67.29,1.0,2.0,environment,mcq,Should the government increase environmental regulations to prevent climate change?,0:::1:::2,Agree:::Disagree:::No opinion either way,0.0,Agree,2020-06-01 14:59:08
Soprano et al,Big-0,worker_188,True,unit_37,1.0,2020-06-01 14:59:08,0.0,start,False,standard,67.29,1.0,5.0,school,mcq,What is the highest level of school you have completed or the highest degree you have received?,0:::1:::2:::3:::4:::5,"High school incomplete or less:::High school graduate or GED (includes technical/vocational training that doesn’t towards college credit):::Some college (some community college, associate’s degree):::Four year college degree/bachelor’s degree:::Some postgraduate or professional schooling, no postgraduate degree:::Postgraduate or professional degree, including master’s, doctorate, medical or law degree",5.0,"Postgraduate or professional degree, including master’s, doctorate, medical or law degree",2020-06-01 14:59:08
Soprano et al,Big-0,worker_188,True,unit_37,1.0,2020-06-01 14:59:08,0.0,start,False,standard,67.29,1.0,8.0,taxes,mcq,"Last year what was your total family income from all sources, before taxes?",0:::1:::2:::3:::4:::5:::6:::7:::8,"Less than 10,000:::10,000 to less than 20,000:::20,000 to less than 30,000:::30,000 to less than 40,000:::40,000 to less than 50,000:::50,000 to less than 75,000:::75,000 to less than 100,000:::100,000 to less than 150,000:::150,000 or more",6.0,"75,000 to less than 100,000",2020-06-01 14:59:08
Soprano et al,Big-0,worker_188,True,unit_37,1.0,2020-06-01 14:59:08,0.0,start,False,standard,67.29,1.0,2.0,southern_border,mcq,Should the U.S. build a wall along the southern border?,0:::1:::2,Agree:::Disagree:::No opinion either way,0.0,Agree,2020-06-01 14:59:08
Soprano et al,Big-0,worker_188,True,unit_37,1.0,2020-06-01 14:59:08,0.0,start,False,standard,67.29,1.0,4.0,political_views,mcq,"In general, would you describe your political views as",0:::1:::2:::3:::4,Very conservative:::Conservative:::Moderate:::Liberal:::Very liberal,4.0,Very liberal,2020-06-01 14:59:08
Soprano et al,Big-0,worker_188,True,unit_37,1.0,2020-06-01 14:59:29,0.0,start,False,crt,21.58,1.0,0.0,farmers,number,,,,9.0,,2020-06-01 14:59:29
Soprano et al,Big-0,worker_188,True,unit_37,1.0,2020-06-01 15:01:05,0.0,start,False,crt,69.14,1.0,0.0,athletics,number,,,,5.0,,2020-06-01 15:01:05
Soprano et al,Big-0,worker_188,True,unit_37,1.0,2020-06-01 14:59:08,0.0,start,False,standard,67.29,1.0,3.0,consideration,mcq,"In politics today, do you consider yourself a",0:::1:::2:::3,Republican:::Democrat:::Independent:::Something else,1.0,Democrat,2020-06-01 14:59:08
Soprano et al,Big-0,worker_188,True,unit_37,1.0,2020-06-01 14:59:08,0.0,start,False,standard,67.29,1.0,5.0,age,mcq,What is your age range?,0:::1:::2:::3:::4:::5,0-18:::19-25:::26-35:::36-50:::50-80:::80,3.0,36-50,2020-06-01 14:59:08
Soprano et al,Big-0,worker_188,True,unit_37,1.0,2020-06-01 14:59:56,0.0,start,False,crt,26.33,1.0,0.0,marks,number,,,,10.0,,2020-06-01 14:59:56
Soprano et al,Big-0,worker_120,True,unit_173,1.0,2020-06-01 15:01:16,0.0,start,False,standard,16.8,1.0,5.0,age,mcq,What is your age range?,0:::1:::2:::3:::4:::5,0-18:::19-25:::26-35:::36-50:::50-80:::80,1.0,19-25,2020-06-01 15:01:16
Soprano et al,Big-0,worker_120,True,unit_173,1.0,2020-06-01 15:01:16,0.0,start,False,standard,16.8,1.0,5.0,school,mcq,What is the highest level of school you have completed or the highest degree you have received?,0:::1:::2:::3:::4:::5,"High school incomplete or less:::High school graduate or GED (includes technical/vocational training that doesn’t towards college credit):::Some college (some community college, associate’s degree):::Four year college degree/bachelor’s degree:::Some postgraduate or professional schooling, no postgraduate degree:::Postgraduate or professional degree, including master’s, doctorate, medical or law degree",3.0,Four year college degree/bachelor’s degree,2020-06-01 15:01:16
Soprano et al,Big-0,worker_120,True,unit_173,1.0,2020-06-01 15:01:16,0.0,start,False,standard,16.8,1.0,8.0,taxes,mcq,"Last year what was your total family income from all sources, before taxes?",0:::1:::2:::3:::4:::5:::6:::7:::8,"Less than 10,000:::10,000 to less than 20,000:::20,000 to less than 30,000:::30,000 to less than 40,000:::40,000 to less than 50,000:::50,000 to less than 75,000:::75,000 to less than 100,000:::100,000 to less than 150,000:::150,000 or more",4.0,"40,000 to less than 50,000",2020-06-01 15:01:16
Soprano et al,Big-0,worker_120,True,unit_173,1.0,2020-06-01 15:01:16,0.0,start,False,standard,16.8,1.0,4.0,political_views,mcq,"In general, would you describe your political views as",0:::1:::2:::3:::4,Very conservative:::Conservative:::Moderate:::Liberal:::Very liberal,0.0,Very conservative,2020-06-01 15:01:16
Soprano et al,Big-0,worker_120,True,unit_173,1.0,2020-06-01 15:01:43,0.0,start,False,crt,4.44,1.0,0.0,athletics,number,,,,7.0,,2020-06-01 15:01:43
Soprano et al,Big-0,worker_120,True,unit_173,1.0,2020-06-01 15:01:16,0.0,start,False,standard,16.8,1.0,2.0,southern_border,mcq,Should the U.S. build a wall along the southern border?,0:::1:::2,Agree:::Disagree:::No opinion either way,0.0,Agree,2020-06-01 15:01:16
Soprano et al,Big-0,worker_120,True,unit_173,1.0,2020-06-01 15:01:16,0.0,start,False,standard,16.8,1.0,2.0,environment,mcq,Should the government increase environmental regulations to prevent climate change?,0:::1:::2,Agree:::Disagree:::No opinion either way,0.0,Agree,2020-06-01 15:01:16
Soprano et al,Big-0,worker_120,True,unit_173,1.0,2020-06-01 15:01:30,0.0,start,False,crt,13.69,1.0,0.0,farmers,number,,,,8.0,,2020-06-01 15:01:30
Soprano et al,Big-0,worker_120,True,unit_173,1.0,2020-06-01 15:01:38,0.0,start,False,crt,8.22,1.0,0.0,marks,number,,,,5.0,,2020-06-01 15:01:38
Soprano et al,Big-0,worker_120,True,unit_173,1.0,2020-06-01 15:01:16,0.0,start,False,standard,16.8,1.0,3.0,consideration,mcq,"In politics today, do you consider yourself a",0:::1:::2:::3,Republican:::Democrat:::Independent:::Something else,0.0,Republican,2020-06-01 15:01:16
Soprano et al,Big-0,worker_198,True,unit_55,1.0,2020-06-01 15:03:28,0.0,start,False,crt,16.77,1.0,0.0,marks,number,,,,9.0,,2020-06-01 15:03:28
Soprano et al,Big-0,worker_198,True,unit_55,1.0,2020-06-01 15:03:46,0.0,start,False,crt,17.31,1.0,0.0,athletics,number,,,,4.0,,2020-06-01 15:03:46
Soprano et al,Big-0,worker_198,True,unit_55,1.0,2020-06-01 15:03:04,0.0,start,False,standard,13.2,1.0,2.0,environment,mcq,Should the government increase environmental regulations to prevent climate change?,0:::1:::2,Agree:::Disagree:::No opinion either way,0.0,Agree,2020-06-01 15:03:04
Soprano et al,Big-0,worker_198,True,unit_55,1.0,2020-06-01 15:03:04,0.0,start,False,standard,13.2,1.0,5.0,school,mcq,What is the highest level of school you have completed or the highest degree you have received?,0:::1:::2:::3:::4:::5,"High school incomplete or less:::High school graduate or GED (includes technical/vocational training that doesn’t towards college credit):::Some college (some community college, associate’s degree):::Four year college degree/bachelor’s degree:::Some postgraduate or professional schooling, no postgraduate degree:::Postgraduate or professional degree, including master’s, doctorate, medical or law degree",2.0,"Some college (some community college, associate’s degree)",2020-06-01 15:03:04
Soprano et al,Big-0,worker_198,True,unit_55,1.0,2020-06-01 15:03:04,0.0,start,False,standard,13.2,1.0,8.0,taxes,mcq,"Last year what was your total family income from all sources, before taxes?",0:::1:::2:::3:::4:::5:::6:::7:::8,"Less than 10,000:::10,000 to less than 20,000:::20,000 to less than 30,000:::30,000 to less than 40,000:::40,000 to less than 50,000:::50,000 to less than 75,000:::75,000 to less than 100,000:::100,000 to less than 150,000:::150,000 or more",2.0,"20,000 to less than 30,000",2020-06-01 15:03:04
Soprano et al,Big-0,worker_198,True,unit_55,1.0,2020-06-01 15:03:12,0.0,start,False,crt,7.89,1.0,0.0,farmers,number,,,,3.0,,2020-06-01 15:03:12
Soprano et al,Big-0,worker_198,True,unit_55,1.0,2020-06-01 15:03:04,0.0,start,False,standard,13.2,1.0,3.0,consideration,mcq,"In politics today, do you consider yourself a",0:::1:::2:::3,Republican:::Democrat:::Independent:::Something else,2.0,Independent,2020-06-01 15:03:04
Soprano et al,Big-0,worker_198,True,unit_55,1.0,2020-06-01 15:03:04,0.0,start,False,standard,13.2,1.0,4.0,political_views,mcq,"In general, would you describe your political views as",0:::1:::2:::3:::4,Very conservative:::Conservative:::Moderate:::Liberal:::Very liberal,4.0,Very liberal,2020-06-01 15:03:04
Soprano et al,Big-0,worker_198,True,unit_55,1.0,2020-06-01 15:03:04,0.0,start,False,standard,13.2,1.0,5.0,age,mcq,What is your age range?,0:::1:::2:::3:::4:::5,0-18:::19-25:::26-35:::36-50:::50-80:::80,2.0,26-35,2020-06-01 15:03:04
Soprano et al,Big-0,worker_198,True,unit_55,1.0,2020-06-01 15:03:04,0.0,start,False,standard,13.2,1.0,2.0,southern_border,mcq,Should the U.S. build a wall along the southern border?,0:::1:::2,Agree:::Disagree:::No opinion either way,1.0,Disagree,2020-06-01 15:03:04
Soprano et al,Big-0,worker_193,True,unit_169,1.0,2020-06-01 15:05:46,0.0,start,False,standard,111.64,1.0,5.0,age,mcq,What is your age range?,0:::1:::2:::3:::4:::5,0-18:::19-25:::26-35:::36-50:::50-80:::80,2.0,26-35,2020-06-01 15:05:46
Soprano et al,Big-0,worker_193,True,unit_169,1.0,2020-06-01 15:06:46,0.0,start,False,crt,32.31,1.0,0.0,athletics,number,,,,5.0,,2020-06-01 15:06:46
Soprano et al,Big-0,worker_193,True,unit_169,1.0,2020-06-01 15:05:58,0.0,start,False,crt,12.06,1.0,0.0,farmers,number,,,,9.0,,2020-06-01 15:05:58
Soprano et al,Big-0,worker_193,True,unit_169,1.0,2020-06-01 15:05:46,0.0,start,False,standard,111.64,1.0,5.0,school,mcq,What is the highest level of school you have completed or the highest degree you have received?,0:::1:::2:::3:::4:::5,"High school incomplete or less:::High school graduate or GED (includes technical/vocational training that doesn’t towards college credit):::Some college (some community college, associate’s degree):::Four year college degree/bachelor’s degree:::Some postgraduate or professional schooling, no postgraduate degree:::Postgraduate or professional degree, including master’s, doctorate, medical or law degree",3.0,Four year college degree/bachelor’s degree,2020-06-01 15:05:46
Soprano et al,Big-0,worker_193,True,unit_169,1.0,2020-06-01 15:05:46,0.0,start,False,standard,111.64,1.0,8.0,taxes,mcq,"Last year what was your total family income from all sources, before taxes?",0:::1:::2:::3:::4:::5:::6:::7:::8,"Less than 10,000:::10,000 to less than 20,000:::20,000 to less than 30,000:::30,000 to less than 40,000:::40,000 to less than 50,000:::50,000 to less than 75,000:::75,000 to less than 100,000:::100,000 to less than 150,000:::150,000 or more",4.0,"40,000 to less than 50,000",2020-06-01 15:05:46
Soprano et al,Big-0,worker_193,True,unit_169,1.0,2020-06-01 15:05:46,0.0,start,False,standard,111.64,1.0,4.0,political_views,mcq,"In general, would you describe your political views as",0:::1:::2:::3:::4,Very conservative:::Conservative:::Moderate:::Liberal:::Very liberal,3.0,Liberal,2020-06-01 15:05:46
Soprano et al,Big-0,worker_193,True,unit_169,1.0,2020-06-01 15:05:46,0.0,start,False,standard,111.64,1.0,3.0,consideration,mcq,"In politics today, do you consider yourself a",0:::1:::2:::3,Republican:::Democrat:::Independent:::Something else,1.0,Democrat,2020-06-01 15:05:46
Soprano et al,Big-0,worker_193,True,unit_169,1.0,2020-06-01 15:05:46,0.0,start,False,standard,111.64,1.0,2.0,southern_border,mcq,Should the U.S. build a wall along the southern border?,0:::1:::2,Agree:::Disagree:::No opinion either way,1.0,Disagree,2020-06-01 15:05:46
Soprano et al,Big-0,worker_193,True,unit_169,1.0,2020-06-01 15:05:46,0.0,start,False,standard,111.64,1.0,2.0,environment,mcq,Should the government increase environmental regulations to prevent climate change?,0:::1:::2,Agree:::Disagree:::No opinion either way,0.0,Agree,2020-06-01 15:05:46
Soprano et al,Big-0,worker_193,True,unit_169,1.0,2020-06-01 15:06:13,0.0,start,False,crt,15.18,1.0,0.0,marks,number,,,,5.0,,2020-06-01 15:06:13
Soprano et al,Big-0,worker_160,True,unit_69,1.0,2020-06-01 15:06:14,0.0,start,False,standard,28.26,1.0,2.0,southern_border,mcq,Should the U.S. build a wall along the southern border?,0:::1:::2,Agree:::Disagree:::No opinion either way,1.0,Disagree,2020-06-01 15:06:14
Soprano et al,Big-0,worker_160,True,unit_69,1.0,2020-06-01 15:06:14,0.0,start,False,standard,28.26,1.0,8.0,taxes,mcq,"Last year what was your total family income from all sources, before taxes?",0:::1:::2:::3:::4:::5:::6:::7:::8,"Less than 10,000:::10,000 to less than 20,000:::20,000 to less than 30,000:::30,000 to less than 40,000:::40,000 to less than 50,000:::50,000 to less than 75,000:::75,000 to less than 100,000:::100,000 to less than 150,000:::150,000 or more",7.0,"100,000 to less than 150,000",2020-06-01 15:06:14
Soprano et al,Big-0,worker_160,True,unit_69,1.0,2020-06-01 15:06:14,0.0,start,False,standard,28.26,1.0,5.0,school,mcq,What is the highest level of school you have completed or the highest degree you have received?,0:::1:::2:::3:::4:::5,"High school incomplete or less:::High school graduate or GED (includes technical/vocational training that doesn’t towards college credit):::Some college (some community college, associate’s degree):::Four year college degree/bachelor’s degree:::Some postgraduate or professional schooling, no postgraduate degree:::Postgraduate or professional degree, including master’s, doctorate, medical or law degree",3.0,Four year college degree/bachelor’s degree,2020-06-01 15:06:14
Soprano et al,Big-0,worker_160,True,unit_69,1.0,2020-06-01 15:06:14,0.0,start,False,standard,28.26,1.0,5.0,age,mcq,What is your age range?,0:::1:::2:::3:::4:::5,0-18:::19-25:::26-35:::36-50:::50-80:::80,3.0,36-50,2020-06-01 15:06:14
Soprano et al,Big-0,worker_160,True,unit_69,1.0,2020-06-01 15:06:38,0.0,start,False,crt,7.24,1.0,0.0,marks,number,,,,29.0,,2020-06-01 15:06:38
Soprano et al,Big-0,worker_160,True,unit_69,1.0,2020-06-01 15:06:31,0.0,start,False,crt,17.36,1.0,0.0,farmers,number,,,,3.0,,2020-06-01 15:06:31
Soprano et al,Big-0,worker_160,True,unit_69,1.0,2020-06-01 15:06:14,0.0,start,False,standard,28.26,1.0,2.0,environment,mcq,Should the government increase environmental regulations to prevent climate change?,0:::1:::2,Agree:::Disagree:::No opinion either way,2.0,No opinion either way,2020-06-01 15:06:14
Soprano et al,Big-0,worker_160,True,unit_69,1.0,2020-06-01 15:07:01,0.0,start,False,crt,22.27,1.0,0.0,athletics,number,,,,4.0,,2020-06-01 15:07:01
Soprano et al,Big-0,worker_160,True,unit_69,1.0,2020-06-01 15:06:14,0.0,start,False,standard,28.26,1.0,3.0,consideration,mcq,"In politics today, do you consider yourself a",0:::1:::2:::3,Republican:::Democrat:::Independent:::Something else,0.0,Republican,2020-06-01 15:06:14
Soprano et al,Big-0,worker_160,True,unit_69,1.0,2020-06-01 15:06:14,0.0,start,False,standard,28.26,1.0,4.0,political_views,mcq,"In general, would you describe your political views as",0:::1:::2:::3:::4,Very conservative:::Conservative:::Moderate:::Liberal:::Very liberal,1.0,Conservative,2020-06-01 15:06:14
Soprano et al,Big-0,worker_7,True,unit_145,1.0,2020-06-01 15:14:32,0.0,start,False,standard,14.71,1.0,3.0,consideration,mcq,"In politics today, do you consider yourself a",0:::1:::2:::3,Republican:::Democrat:::Independent:::Something else,1.0,Democrat,2020-06-01 15:14:32
Soprano et al,Big-0,worker_7,True,unit_145,1.0,2020-06-01 15:14:45,0.0,start,False,crt,13.23,1.0,0.0,farmers,number,,,,9.0,,2020-06-01 15:14:45
Soprano et al,Big-0,worker_7,True,unit_145,1.0,2020-06-01 15:14:32,0.0,start,False,standard,14.71,1.0,2.0,environment,mcq,Should the government increase environmental regulations to prevent climate change?,0:::1:::2,Agree:::Disagree:::No opinion either way,0.0,Agree,2020-06-01 15:14:32
Soprano et al,Big-0,worker_7,True,unit_145,1.0,2020-06-01 15:14:32,0.0,start,False,standard,14.71,1.0,2.0,southern_border,mcq,Should the U.S. build a wall along the southern border?,0:::1:::2,Agree:::Disagree:::No opinion either way,1.0,Disagree,2020-06-01 15:14:32
Soprano et al,Big-0,worker_7,True,unit_145,1.0,2020-06-01 15:14:32,0.0,start,False,standard,14.71,1.0,4.0,political_views,mcq,"In general, would you describe your political views as",0:::1:::2:::3:::4,Very conservative:::Conservative:::Moderate:::Liberal:::Very liberal,2.0,Moderate,2020-06-01 15:14:32
Soprano et al,Big-0,worker_7,True,unit_145,1.0,2020-06-01 15:14:32,0.0,start,False,standard,14.71,1.0,5.0,school,mcq,What is the highest level of school you have completed or the highest degree you have received?,0:::1:::2:::3:::4:::5,"High school incomplete or less:::High school graduate or GED (includes technical/vocational training that doesn’t towards college credit):::Some college (some community college, associate’s degree):::Four year college degree/bachelor’s degree:::Some postgraduate or professional schooling, no postgraduate degree:::Postgraduate or professional degree, including master’s, doctorate, medical or law degree",3.0,Four year college degree/bachelor’s degree,2020-06-01 15:14:32
Soprano et al,Big-0,worker_7,True,unit_145,1.0,2020-06-01 15:15:33,0.0,start,False,crt,47.1,1.0,0.0,marks,number,,,,5.0,,2020-06-01 15:15:33
Soprano et al,Big-0,worker_7,True,unit_145,1.0,2020-06-01 15:14:32,0.0,start,False,standard,14.71,1.0,5.0,age,mcq,What is your age range?,0:::1:::2:::3:::4:::5,0-18:::19-25:::26-35:::36-50:::50-80:::80,1.0,19-25,2020-06-01 15:14:32
Soprano et al,Big-0,worker_7,True,unit_145,1.0,2020-06-01 15:15:56,0.0,start,False,crt,23.34,1.0,0.0,athletics,number,,,,5.0,,2020-06-01 15:15:56
Soprano et al,Big-0,worker_7,True,unit_145,1.0,2020-06-01 15:14:32,0.0,start,False,standard,14.71,1.0,8.0,taxes,mcq,"Last year what was your total family income from all sources, before taxes?",0:::1:::2:::3:::4:::5:::6:::7:::8,"Less than 10,000:::10,000 to less than 20,000:::20,000 to less than 30,000:::30,000 to less than 40,000:::40,000 to less than 50,000:::50,000 to less than 75,000:::75,000 to less than 100,000:::100,000 to less than 150,000:::150,000 or more",5.0,"50,000 to less than 75,000",2020-06-01 15:14:32
Soprano et al,Big-0,worker_11,True,unit_157,1.0,2020-06-01 15:27:13,0.0,start,False,standard,52.42,1.0,4.0,political_views,mcq,"In general, would you describe your political views as",0:::1:::2:::3:::4,Very conservative:::Conservative:::Moderate:::Liberal:::Very liberal,0.0,Very conservative,2020-06-01 15:27:13
Soprano et al,Big-0,worker_11,True,unit_157,1.0,2020-06-01 15:27:13,0.0,start,False,standard,52.42,1.0,5.0,age,mcq,What is your age range?,0:::1:::2:::3:::4:::5,0-18:::19-25:::26-35:::36-50:::50-80:::80,1.0,19-25,2020-06-01 15:27:13
Soprano et al,Big-0,worker_11,True,unit_157,1.0,2020-06-01 15:27:13,0.0,start,False,standard,52.42,1.0,5.0,school,mcq,What is the highest level of school you have completed or the highest degree you have received?,0:::1:::2:::3:::4:::5,"High school incomplete or less:::High school graduate or GED (includes technical/vocational training that doesn’t towards college credit):::Some college (some community college, associate’s degree):::Four year college degree/bachelor’s degree:::Some postgraduate or professional schooling, no postgraduate degree:::Postgraduate or professional degree, including master’s, doctorate, medical or law degree",3.0,Four year college degree/bachelor’s degree,2020-06-01 15:27:13
Soprano et al,Big-0,worker_11,True,unit_157,1.0,2020-06-01 15:27:13,0.0,start,False,standard,52.42,1.0,8.0,taxes,mcq,"Last year what was your total family income from all sources, before taxes?",0:::1:::2:::3:::4:::5:::6:::7:::8,"Less than 10,000:::10,000 to less than 20,000:::20,000 to less than 30,000:::30,000 to less than 40,000:::40,000 to less than 50,000:::50,000 to less than 75,000:::75,000 to less than 100,000:::100,000 to less than 150,000:::150,000 or more",3.0,"30,000 to less than 40,000",2020-06-01 15:27:13
Soprano et al,Big-0,worker_11,True,unit_157,1.0,2020-06-01 15:27:13,0.0,start,False,standard,52.42,1.0,3.0,consideration,mcq,"In politics today, do you consider yourself a",0:::1:::2:::3,Republican:::Democrat:::Independent:::Something else,0.0,Republican,2020-06-01 15:27:13
Soprano et al,Big-0,worker_11,True,unit_157,1.0,2020-06-01 15:28:21,0.0,start,False,crt,20.55,1.0,0.0,athletics,number,,,,5.0,,2020-06-01 15:28:21
Soprano et al,Big-0,worker_11,True,unit_157,1.0,2020-06-01 15:27:43,0.0,start,False,crt,30.06,1.0,0.0,farmers,number,,,,9.0,,2020-06-01 15:27:43
Soprano et al,Big-0,worker_11,True,unit_157,1.0,2020-06-01 15:27:13,0.0,start,False,standard,52.42,1.0,2.0,southern_border,mcq,Should the U.S. build a wall along the southern border?,0:::1:::2,Agree:::Disagree:::No opinion either way,0.0,Agree,2020-06-01 15:27:13
Soprano et al,Big-0,worker_11,True,unit_157,1.0,2020-06-01 15:28:00,0.0,start,False,crt,16.98,1.0,0.0,marks,number,,,,5.0,,2020-06-01 15:28:00
Soprano et al,Big-0,worker_11,True,unit_157,1.0,2020-06-01 15:27:13,0.0,start,False,standard,52.42,1.0,2.0,environment,mcq,Should the government increase environmental regulations to prevent climate change?,0:::1:::2,Agree:::Disagree:::No opinion either way,0.0,Agree,2020-06-01 15:27:13
Soprano et al,Big-0,worker_31,True,unit_179,1.0,2020-06-01 15:36:13,0.0,start,False,crt,17.92,1.0,0.0,farmers,number,,,,3.0,,2020-06-01 15:36:13
Soprano et al,Big-0,worker_31,True,unit_179,1.0,2020-06-01 15:35:55,0.0,start,False,standard,70.55,1.0,8.0,taxes,mcq,"Last year what was your total family income from all sources, before taxes?",0:::1:::2:::3:::4:::5:::6:::7:::8,"Less than 10,000:::10,000 to less than 20,000:::20,000 to less than 30,000:::30,000 to less than 40,000:::40,000 to less than 50,000:::50,000 to less than 75,000:::75,000 to less than 100,000:::100,000 to less than 150,000:::150,000 or more",8.0,"150,000 or more",2020-06-01 15:35:55
Soprano et al,Big-0,worker_31,True,unit_179,1.0,2020-06-01 15:35:55,0.0,start,False,standard,70.55,1.0,4.0,political_views,mcq,"In general, would you describe your political views as",0:::1:::2:::3:::4,Very conservative:::Conservative:::Moderate:::Liberal:::Very liberal,3.0,Liberal,2020-06-01 15:35:55
Soprano et al,Big-0,worker_31,True,unit_179,1.0,2020-06-01 15:35:55,0.0,start,False,standard,70.55,1.0,3.0,consideration,mcq,"In politics today, do you consider yourself a",0:::1:::2:::3,Republican:::Democrat:::Independent:::Something else,1.0,Democrat,2020-06-01 15:35:55
Soprano et al,Big-0,worker_31,True,unit_179,1.0,2020-06-01 15:37:04,0.0,start,False,crt,51.19,1.0,0.0,marks,number,,,,10.0,,2020-06-01 15:37:04
Soprano et al,Big-0,worker_31,True,unit_179,1.0,2020-06-01 15:35:55,0.0,start,False,standard,70.55,1.0,2.0,southern_border,mcq,Should the U.S. build a wall along the southern border?,0:::1:::2,Agree:::Disagree:::No opinion either way,0.0,Agree,2020-06-01 15:35:55
Soprano et al,Big-0,worker_31,True,unit_179,1.0,2020-06-01 15:35:55,0.0,start,False,standard,70.55,1.0,5.0,school,mcq,What is the highest level of school you have completed or the highest degree you have received?,0:::1:::2:::3:::4:::5,"High school incomplete or less:::High school graduate or GED (includes technical/vocational training that doesn’t towards college credit):::Some college (some community college, associate’s degree):::Four year college degree/bachelor’s degree:::Some postgraduate or professional schooling, no postgraduate degree:::Postgraduate or professional degree, including master’s, doctorate, medical or law degree",5.0,"Postgraduate or professional degree, including master’s, doctorate, medical or law degree",2020-06-01 15:35:55
Soprano et al,Big-0,worker_31,True,unit_179,1.0,2020-06-01 15:35:55,0.0,start,False,standard,70.55,1.0,5.0,age,mcq,What is your age range?,0:::1:::2:::3:::4:::5,0-18:::19-25:::26-35:::36-50:::50-80:::80,3.0,36-50,2020-06-01 15:35:55
Soprano et al,Big-0,worker_31,True,unit_179,1.0,2020-06-01 15:35:55,0.0,start,False,standard,70.55,1.0,2.0,environment,mcq,Should the government increase environmental regulations to prevent climate change?,0:::1:::2,Agree:::Disagree:::No opinion either way,0.0,Agree,2020-06-01 15:35:55
Soprano et al,Big-0,worker_31,True,unit_179,1.0,2020-06-01 15:38:04,0.0,start,False,crt,60.08,1.0,0.0,athletics,number,,,,4.0,,2020-06-01 15:38:04
Soprano et al,Big-0,worker_125,True,unit_23,1.0,2020-06-01 16:07:41,0.0,start,False,standard,141.06,1.0,3.0,consideration,mcq,"In politics today, do you consider yourself a",0:::1:::2:::3,Republican:::Democrat:::Independent:::Something else,0.0,Republican,2020-06-01 16:07:41
Soprano et al,Big-0,worker_125,True,unit_23,1.0,2020-06-01 16:07:41,0.0,start,False,standard,141.06,1.0,8.0,taxes,mcq,"Last year what was your total family income from all sources, before taxes?",0:::1:::2:::3:::4:::5:::6:::7:::8,"Less than 10,000:::10,000 to less than 20,000:::20,000 to less than 30,000:::30,000 to less than 40,000:::40,000 to less than 50,000:::50,000 to less than 75,000:::75,000 to less than 100,000:::100,000 to less than 150,000:::150,000 or more",6.0,"75,000 to less than 100,000",2020-06-01 16:07:41
Soprano et al,Big-0,worker_125,True,unit_23,1.0,2020-06-01 16:07:41,0.0,start,False,standard,141.06,1.0,4.0,political_views,mcq,"In general, would you describe your political views as",0:::1:::2:::3:::4,Very conservative:::Conservative:::Moderate:::Liberal:::Very liberal,0.0,Very conservative,2020-06-01 16:07:41
Soprano et al,Big-0,worker_125,True,unit_23,1.0,2020-06-01 16:07:41,0.0,start,False,standard,141.06,1.0,2.0,southern_border,mcq,Should the U.S. build a wall along the southern border?,0:::1:::2,Agree:::Disagree:::No opinion either way,0.0,Agree,2020-06-01 16:07:41
Soprano et al,Big-0,worker_125,True,unit_23,1.0,2020-06-01 16:07:41,0.0,start,False,standard,141.06,1.0,5.0,age,mcq,What is your age range?,0:::1:::2:::3:::4:::5,0-18:::19-25:::26-35:::36-50:::50-80:::80,3.0,36-50,2020-06-01 16:07:41
Soprano et al,Big-0,worker_125,True,unit_23,1.0,2020-06-01 16:09:01,0.0,start,False,crt,80.02,1.0,0.0,farmers,number,,,,9.0,,2020-06-01 16:09:01
Soprano et al,Big-0,worker_125,True,unit_23,1.0,2020-06-01 16:07:41,0.0,start,False,standard,141.06,1.0,5.0,school,mcq,What is the highest level of school you have completed or the highest degree you have received?,0:::1:::2:::3:::4:::5,"High school incomplete or less:::High school graduate or GED (includes technical/vocational training that doesn’t towards college credit):::Some college (some community college, associate’s degree):::Four year college degree/bachelor’s degree:::Some postgraduate or professional schooling, no postgraduate degree:::Postgraduate or professional degree, including master’s, doctorate, medical or law degree",4.0,"Some postgraduate or professional schooling, no postgraduate degree",2020-06-01 16:07:41
Soprano et al,Big-0,worker_125,True,unit_23,1.0,2020-06-01 16:10:13,0.0,start,False,crt,72.39,1.0,0.0,marks,number,,,,10.0,,2020-06-01 16:10:13
Soprano et al,Big-0,worker_125,True,unit_23,1.0,2020-06-01 16:11:23,0.0,start,False,crt,70.2,1.0,0.0,athletics,number,,,,5.0,,2020-06-01 16:11:23
Soprano et al,Big-0,worker_125,True,unit_23,1.0,2020-06-01 16:07:41,0.0,start,False,standard,141.06,1.0,2.0,environment,mcq,Should the government increase environmental regulations to prevent climate change?,0:::1:::2,Agree:::Disagree:::No opinion either way,0.0,Agree,2020-06-01 16:07:41
Soprano et al,Big-0,worker_124,True,unit_143,1.0,2020-06-01 16:14:24,0.0,start,False,crt,8.66,1.0,0.0,marks,number,,,,9.0,,2020-06-01 16:14:24
Soprano et al,Big-0,worker_124,True,unit_143,1.0,2020-06-01 16:13:54,0.0,start,False,standard,22.7,1.0,5.0,age,mcq,What is your age range?,0:::1:::2:::3:::4:::5,0-18:::19-25:::26-35:::36-50:::50-80:::80,3.0,36-50,2020-06-01 16:13:54
Soprano et al,Big-0,worker_124,True,unit_143,1.0,2020-06-01 16:13:54,0.0,start,False,standard,22.7,1.0,5.0,school,mcq,What is the highest level of school you have completed or the highest degree you have received?,0:::1:::2:::3:::4:::5,"High school incomplete or less:::High school graduate or GED (includes technical/vocational training that doesn’t towards college credit):::Some college (some community college, associate’s degree):::Four year college degree/bachelor’s degree:::Some postgraduate or professional schooling, no postgraduate degree:::Postgraduate or professional degree, including master’s, doctorate, medical or law degree",3.0,Four year college degree/bachelor’s degree,2020-06-01 16:13:54
Soprano et al,Big-0,worker_124,True,unit_143,1.0,2020-06-01 16:13:54,0.0,start,False,standard,22.7,1.0,8.0,taxes,mcq,"Last year what was your total family income from all sources, before taxes?",0:::1:::2:::3:::4:::5:::6:::7:::8,"Less than 10,000:::10,000 to less than 20,000:::20,000 to less than 30,000:::30,000 to less than 40,000:::40,000 to less than 50,000:::50,000 to less than 75,000:::75,000 to less than 100,000:::100,000 to less than 150,000:::150,000 or more",4.0,"40,000 to less than 50,000",2020-06-01 16:13:54
Soprano et al,Big-0,worker_124,True,unit_143,1.0,2020-06-01 16:13:54,0.0,start,False,standard,22.7,1.0,4.0,political_views,mcq,"In general, would you describe your political views as",0:::1:::2:::3:::4,Very conservative:::Conservative:::Moderate:::Liberal:::Very liberal,2.0,Moderate,2020-06-01 16:13:54
Soprano et al,Big-0,worker_124,True,unit_143,1.0,2020-06-01 16:13:54,0.0,start,False,standard,22.7,1.0,2.0,southern_border,mcq,Should the U.S. build a wall along the southern border?,0:::1:::2,Agree:::Disagree:::No opinion either way,1.0,Disagree,2020-06-01 16:13:54
Soprano et al,Big-0,worker_124,True,unit_143,1.0,2020-06-01 16:14:15,0.0,start,False,crt,21.0,1.0,0.0,farmers,number,,,,3.0,,2020-06-01 16:14:15
Soprano et al,Big-0,worker_124,True,unit_143,1.0,2020-06-01 16:14:50,0.0,start,False,crt,26.24,1.0,0.0,athletics,number,,,,16.0,,2020-06-01 16:14:50
Soprano et al,Big-0,worker_124,True,unit_143,1.0,2020-06-01 16:13:54,0.0,start,False,standard,22.7,1.0,3.0,consideration,mcq,"In politics today, do you consider yourself a",0:::1:::2:::3,Republican:::Democrat:::Independent:::Something else,1.0,Democrat,2020-06-01 16:13:54
Soprano et al,Big-0,worker_124,True,unit_143,1.0,2020-06-01 16:13:54,0.0,start,False,standard,22.7,1.0,2.0,environment,mcq,Should the government increase environmental regulations to prevent climate change?,0:::1:::2,Agree:::Disagree:::No opinion either way,0.0,Agree,2020-06-01 16:13:54
Soprano et al,Big-0,worker_44,True,unit_71,1.0,2020-06-01 16:20:22,0.0,start,False,crt,201.88,1.0,0.0,marks,number,,,,10.0,,2020-06-01 16:20:22
Soprano et al,Big-0,worker_44,True,unit_71,1.0,2020-06-01 16:16:37,0.0,start,False,standard,53.68,1.0,4.0,political_views,mcq,"In general, would you describe your political views as",0:::1:::2:::3:::4,Very conservative:::Conservative:::Moderate:::Liberal:::Very liberal,0.0,Very conservative,2020-06-01 16:16:37
Soprano et al,Big-0,worker_44,True,unit_71,1.0,2020-06-01 16:16:37,0.0,start,False,standard,53.68,1.0,2.0,environment,mcq,Should the government increase environmental regulations to prevent climate change?,0:::1:::2,Agree:::Disagree:::No opinion either way,0.0,Agree,2020-06-01 16:16:37
Soprano et al,Big-0,worker_44,True,unit_71,1.0,2020-06-01 16:16:37,0.0,start,False,standard,53.68,1.0,3.0,consideration,mcq,"In politics today, do you consider yourself a",0:::1:::2:::3,Republican:::Democrat:::Independent:::Something else,0.0,Republican,2020-06-01 16:16:37
Soprano et al,Big-0,worker_44,True,unit_71,1.0,2020-06-01 16:17:00,0.0,start,False,crt,22.51,1.0,0.0,farmers,number,,,,9.0,,2020-06-01 16:17:00
Soprano et al,Big-0,worker_44,True,unit_71,1.0,2020-06-01 16:16:37,0.0,start,False,standard,53.68,1.0,8.0,taxes,mcq,"Last year what was your total family income from all sources, before taxes?",0:::1:::2:::3:::4:::5:::6:::7:::8,"Less than 10,000:::10,000 to less than 20,000:::20,000 to less than 30,000:::30,000 to less than 40,000:::40,000 to less than 50,000:::50,000 to less than 75,000:::75,000 to less than 100,000:::100,000 to less than 150,000:::150,000 or more",5.0,"50,000 to less than 75,000",2020-06-01 16:16:37
Soprano et al,Big-0,worker_44,True,unit_71,1.0,2020-06-01 16:16:37,0.0,start,False,standard,53.68,1.0,5.0,age,mcq,What is your age range?,0:::1:::2:::3:::4:::5,0-18:::19-25:::26-35:::36-50:::50-80:::80,2.0,26-35,2020-06-01 16:16:37
Soprano et al,Big-0,worker_44,True,unit_71,1.0,2020-06-01 16:16:37,0.0,start,False,standard,53.68,1.0,2.0,southern_border,mcq,Should the U.S. build a wall along the southern border?,0:::1:::2,Agree:::Disagree:::No opinion either way,0.0,Agree,2020-06-01 16:16:37
Soprano et al,Big-0,worker_44,True,unit_71,1.0,2020-06-01 16:25:31,0.0,start,False,crt,309.13,1.0,0.0,athletics,number,,,,4.0,,2020-06-01 16:25:31
Soprano et al,Big-0,worker_44,True,unit_71,1.0,2020-06-01 16:16:37,0.0,start,False,standard,53.68,1.0,5.0,school,mcq,What is the highest level of school you have completed or the highest degree you have received?,0:::1:::2:::3:::4:::5,"High school incomplete or less:::High school graduate or GED (includes technical/vocational training that doesn’t towards college credit):::Some college (some community college, associate’s degree):::Four year college degree/bachelor’s degree:::Some postgraduate or professional schooling, no postgraduate degree:::Postgraduate or professional degree, including master’s, doctorate, medical or law degree",5.0,"Postgraduate or professional degree, including master’s, doctorate, medical or law degree",2020-06-01 16:16:37
Soprano et al,Big-0,worker_156,True,unit_129,1.0,2020-06-01 16:47:15,0.0,start,False,standard,17.44,1.0,3.0,consideration,mcq,"In politics today, do you consider yourself a",0:::1:::2:::3,Republican:::Democrat:::Independent:::Something else,1.0,Democrat,2020-06-01 16:47:15
Soprano et al,Big-0,worker_156,True,unit_129,1.0,2020-06-01 16:47:15,0.0,start,False,standard,17.44,1.0,2.0,southern_border,mcq,Should the U.S. build a wall along the southern border?,0:::1:::2,Agree:::Disagree:::No opinion either way,0.0,Agree,2020-06-01 16:47:15
Soprano et al,Big-0,worker_156,True,unit_129,1.0,2020-06-01 16:47:34,0.0,start,False,crt,8.76,1.0,0.0,marks,number,,,,6.0,,2020-06-01 16:47:34
Soprano et al,Big-0,worker_156,True,unit_129,1.0,2020-06-01 16:47:15,0.0,start,False,standard,17.44,1.0,2.0,environment,mcq,Should the government increase environmental regulations to prevent climate change?,0:::1:::2,Agree:::Disagree:::No opinion either way,0.0,Agree,2020-06-01 16:47:15
Soprano et al,Big-0,worker_156,True,unit_129,1.0,2020-06-01 16:47:25,0.0,start,False,crt,10.22,1.0,0.0,farmers,number,,,,22.0,,2020-06-01 16:47:25
Soprano et al,Big-0,worker_156,True,unit_129,1.0,2020-06-01 16:47:15,0.0,start,False,standard,17.44,1.0,4.0,political_views,mcq,"In general, would you describe your political views as",0:::1:::2:::3:::4,Very conservative:::Conservative:::Moderate:::Liberal:::Very liberal,3.0,Liberal,2020-06-01 16:47:15
Soprano et al,Big-0,worker_156,True,unit_129,1.0,2020-06-01 16:47:15,0.0,start,False,standard,17.44,1.0,5.0,age,mcq,What is your age range?,0:::1:::2:::3:::4:::5,0-18:::19-25:::26-35:::36-50:::50-80:::80,1.0,19-25,2020-06-01 16:47:15
Soprano et al,Big-0,worker_156,True,unit_129,1.0,2020-06-01 16:47:43,0.0,start,False,crt,9.07,1.0,0.0,athletics,number,,,,6.0,,2020-06-01 16:47:43
Soprano et al,Big-0,worker_156,True,unit_129,1.0,2020-06-01 16:47:15,0.0,start,False,standard,17.44,1.0,8.0,taxes,mcq,"Last year what was your total family income from all sources, before taxes?",0:::1:::2:::3:::4:::5:::6:::7:::8,"Less than 10,000:::10,000 to less than 20,000:::20,000 to less than 30,000:::30,000 to less than 40,000:::40,000 to less than 50,000:::50,000 to less than 75,000:::75,000 to less than 100,000:::100,000 to less than 150,000:::150,000 or more",4.0,"40,000 to less than 50,000",2020-06-01 16:47:15
Soprano et al,Big-0,worker_156,True,unit_129,1.0,2020-06-01 16:47:15,0.0,start,False,standard,17.44,1.0,5.0,school,mcq,What is the highest level of school you have completed or the highest degree you have received?,0:::1:::2:::3:::4:::5,"High school incomplete or less:::High school graduate or GED (includes technical/vocational training that doesn’t towards college credit):::Some college (some community college, associate’s degree):::Four year college degree/bachelor’s degree:::Some postgraduate or professional schooling, no postgraduate degree:::Postgraduate or professional degree, including master’s, doctorate, medical or law degree",3.0,Four year college degree/bachelor’s degree,2020-06-01 16:47:15
Soprano et al,Big-0,worker_32,True,unit_67,1.0,2020-06-01 16:50:25,0.0,start,False,standard,23.42,1.0,5.0,age,mcq,What is your age range?,0:::1:::2:::3:::4:::5,0-18:::19-25:::26-35:::36-50:::50-80:::80,3.0,36-50,2020-06-01 16:50:25
Soprano et al,Big-0,worker_32,True,unit_67,1.0,2020-06-01 16:50:25,0.0,start,False,standard,23.42,1.0,5.0,school,mcq,What is the highest level of school you have completed or the highest degree you have received?,0:::1:::2:::3:::4:::5,"High school incomplete or less:::High school graduate or GED (includes technical/vocational training that doesn’t towards college credit):::Some college (some community college, associate’s degree):::Four year college degree/bachelor’s degree:::Some postgraduate or professional schooling, no postgraduate degree:::Postgraduate or professional degree, including master’s, doctorate, medical or law degree",5.0,"Postgraduate or professional degree, including master’s, doctorate, medical or law degree",2020-06-01 16:50:25
Soprano et al,Big-0,worker_32,True,unit_67,1.0,2020-06-01 16:50:50,0.0,start,False,crt,9.69,1.0,0.0,marks,number,,,,9.0,,2020-06-01 16:50:50
Soprano et al,Big-0,worker_32,True,unit_67,1.0,2020-06-01 16:50:25,0.0,start,False,standard,23.42,1.0,4.0,political_views,mcq,"In general, would you describe your political views as",0:::1:::2:::3:::4,Very conservative:::Conservative:::Moderate:::Liberal:::Very liberal,3.0,Liberal,2020-06-01 16:50:25
Soprano et al,Big-0,worker_32,True,unit_67,1.0,2020-06-01 16:50:40,0.0,start,False,crt,14.99,1.0,0.0,farmers,number,,,,3.0,,2020-06-01 16:50:40
Soprano et al,Big-0,worker_32,True,unit_67,1.0,2020-06-01 16:50:25,0.0,start,False,standard,23.42,1.0,8.0,taxes,mcq,"Last year what was your total family income from all sources, before taxes?",0:::1:::2:::3:::4:::5:::6:::7:::8,"Less than 10,000:::10,000 to less than 20,000:::20,000 to less than 30,000:::30,000 to less than 40,000:::40,000 to less than 50,000:::50,000 to less than 75,000:::75,000 to less than 100,000:::100,000 to less than 150,000:::150,000 or more",7.0,"100,000 to less than 150,000",2020-06-01 16:50:25
Soprano et al,Big-0,worker_32,True,unit_67,1.0,2020-06-01 16:50:25,0.0,start,False,standard,23.42,1.0,3.0,consideration,mcq,"In politics today, do you consider yourself a",0:::1:::2:::3,Republican:::Democrat:::Independent:::Something else,2.0,Independent,2020-06-01 16:50:25
Soprano et al,Big-0,worker_32,True,unit_67,1.0,2020-06-01 16:50:25,0.0,start,False,standard,23.42,1.0,2.0,southern_border,mcq,Should the U.S. build a wall along the southern border?,0:::1:::2,Agree:::Disagree:::No opinion either way,1.0,Disagree,2020-06-01 16:50:25
Soprano et al,Big-0,worker_32,True,unit_67,1.0,2020-06-01 16:50:25,0.0,start,False,standard,23.42,1.0,2.0,environment,mcq,Should the government increase environmental regulations to prevent climate change?,0:::1:::2,Agree:::Disagree:::No opinion either way,0.0,Agree,2020-06-01 16:50:25
Soprano et al,Big-0,worker_32,True,unit_67,1.0,2020-06-01 16:51:16,0.0,start,False,crt,26.18,1.0,0.0,athletics,number,,,,16.0,,2020-06-01 16:51:16
Soprano et al,Big-0,worker_191,True,unit_147,1.0,2020-06-01 16:53:42,0.0,start,False,standard,145.25,1.0,4.0,political_views,mcq,"In general, would you describe your political views as",0:::1:::2:::3:::4,Very conservative:::Conservative:::Moderate:::Liberal:::Very liberal,3.0,Liberal,2020-06-01 16:53:42
Soprano et al,Big-0,worker_191,True,unit_147,1.0,2020-06-01 16:53:42,0.0,start,False,standard,145.25,1.0,5.0,age,mcq,What is your age range?,0:::1:::2:::3:::4:::5,0-18:::19-25:::26-35:::36-50:::50-80:::80,3.0,36-50,2020-06-01 16:53:42
Soprano et al,Big-0,worker_191,True,unit_147,1.0,2020-06-01 16:53:42,0.0,start,False,standard,145.25,1.0,8.0,taxes,mcq,"Last year what was your total family income from all sources, before taxes?",0:::1:::2:::3:::4:::5:::6:::7:::8,"Less than 10,000:::10,000 to less than 20,000:::20,000 to less than 30,000:::30,000 to less than 40,000:::40,000 to less than 50,000:::50,000 to less than 75,000:::75,000 to less than 100,000:::100,000 to less than 150,000:::150,000 or more",6.0,"75,000 to less than 100,000",2020-06-01 16:53:42
Soprano et al,Big-0,worker_191,True,unit_147,1.0,2020-06-01 16:53:42,0.0,start,False,standard,145.25,1.0,2.0,environment,mcq,Should the government increase environmental regulations to prevent climate change?,0:::1:::2,Agree:::Disagree:::No opinion either way,0.0,Agree,2020-06-01 16:53:42
Soprano et al,Big-0,worker_191,True,unit_147,1.0,2020-06-01 16:53:42,0.0,start,False,standard,145.25,1.0,3.0,consideration,mcq,"In politics today, do you consider yourself a",0:::1:::2:::3,Republican:::Democrat:::Independent:::Something else,0.0,Republican,2020-06-01 16:53:42
Soprano et al,Big-0,worker_191,True,unit_147,1.0,2020-06-01 16:57:07,0.0,start,False,crt,146.98,1.0,0.0,marks,number,,,,5.0,,2020-06-01 16:57:07
Soprano et al,Big-0,worker_191,True,unit_147,1.0,2020-06-01 16:54:40,0.0,start,False,crt,57.91,1.0,0.0,farmers,number,,,,3.0,,2020-06-01 16:54:40
Soprano et al,Big-0,worker_191,True,unit_147,1.0,2020-06-01 16:53:42,0.0,start,False,standard,145.25,1.0,5.0,school,mcq,What is the highest level of school you have completed or the highest degree you have received?,0:::1:::2:::3:::4:::5,"High school incomplete or less:::High school graduate or GED (includes technical/vocational training that doesn’t towards college credit):::Some college (some community college, associate’s degree):::Four year college degree/bachelor’s degree:::Some postgraduate or professional schooling, no postgraduate degree:::Postgraduate or professional degree, including master’s, doctorate, medical or law degree",4.0,"Some postgraduate or professional schooling, no postgraduate degree",2020-06-01 16:53:42
Soprano et al,Big-0,worker_191,True,unit_147,1.0,2020-06-01 16:53:42,0.0,start,False,standard,145.25,1.0,2.0,southern_border,mcq,Should the U.S. build a wall along the southern border?,0:::1:::2,Agree:::Disagree:::No opinion either way,0.0,Agree,2020-06-01 16:53:42
Soprano et al,Big-0,worker_191,True,unit_147,1.0,2020-06-01 16:57:58,0.0,start,False,crt,51.73,1.0,0.0,athletics,number,,,,4.0,,2020-06-01 16:57:58
Soprano et al,Big-0,worker_158,True,unit_77,1.0,2020-06-01 17:00:34,0.0,start,False,standard,137.75,1.0,3.0,consideration,mcq,"In politics today, do you consider yourself a",0:::1:::2:::3,Republican:::Democrat:::Independent:::Something else,0.0,Republican,2020-06-01 17:00:34
Soprano et al,Big-0,worker_158,True,unit_77,1.0,2020-06-01 17:01:22,0.0,start,False,crt,47.57,1.0,0.0,farmers,number,,,,9.0,,2020-06-01 17:01:22
Soprano et al,Big-0,worker_158,True,unit_77,1.0,2020-06-01 17:00:34,0.0,start,False,standard,137.75,1.0,2.0,environment,mcq,Should the government increase environmental regulations to prevent climate change?,0:::1:::2,Agree:::Disagree:::No opinion either way,0.0,Agree,2020-06-01 17:00:34
Soprano et al,Big-0,worker_158,True,unit_77,1.0,2020-06-01 17:00:34,0.0,start,False,standard,137.75,1.0,2.0,southern_border,mcq,Should the U.S. build a wall along the southern border?,0:::1:::2,Agree:::Disagree:::No opinion either way,0.0,Agree,2020-06-01 17:00:34
Soprano et al,Big-0,worker_158,True,unit_77,1.0,2020-06-01 17:03:09,0.0,start,False,crt,106.9,1.0,0.0,marks,number,,,,10.0,,2020-06-01 17:03:09
Soprano et al,Big-0,worker_158,True,unit_77,1.0,2020-06-01 17:00:34,0.0,start,False,standard,137.75,1.0,4.0,political_views,mcq,"In general, would you describe your political views as",0:::1:::2:::3:::4,Very conservative:::Conservative:::Moderate:::Liberal:::Very liberal,2.0,Moderate,2020-06-01 17:00:34
Soprano et al,Big-0,worker_158,True,unit_77,1.0,2020-06-01 17:00:34,0.0,start,False,standard,137.75,1.0,8.0,taxes,mcq,"Last year what was your total family income from all sources, before taxes?",0:::1:::2:::3:::4:::5:::6:::7:::8,"Less than 10,000:::10,000 to less than 20,000:::20,000 to less than 30,000:::30,000 to less than 40,000:::40,000 to less than 50,000:::50,000 to less than 75,000:::75,000 to less than 100,000:::100,000 to less than 150,000:::150,000 or more",5.0,"50,000 to less than 75,000",2020-06-01 17:00:34
Soprano et al,Big-0,worker_158,True,unit_77,1.0,2020-06-01 17:00:34,0.0,start,False,standard,137.75,1.0,5.0,school,mcq,What is the highest level of school you have completed or the highest degree you have received?,0:::1:::2:::3:::4:::5,"High school incomplete or less:::High school graduate or GED (includes technical/vocational training that doesn’t towards college credit):::Some college (some community college, associate’s degree):::Four year college degree/bachelor’s degree:::Some postgraduate or professional schooling, no postgraduate degree:::Postgraduate or professional degree, including master’s, doctorate, medical or law degree",3.0,Four year college degree/bachelor’s degree,2020-06-01 17:00:34
Soprano et al,Big-0,worker_158,True,unit_77,1.0,2020-06-01 17:00:34,0.0,start,False,standard,137.75,1.0,5.0,age,mcq,What is your age range?,0:::1:::2:::3:::4:::5,0-18:::19-25:::26-35:::36-50:::50-80:::80,3.0,36-50,2020-06-01 17:00:34
Soprano et al,Big-0,worker_158,True,unit_77,1.0,2020-06-01 17:04:46,0.0,start,False,crt,97.71,1.0,0.0,athletics,number,,,,4.0,,2020-06-01 17:04:46
Soprano et al,Big-0,worker_64,True,unit_111,1.0,2020-06-01 17:00:55,0.0,start,False,standard,15.28,1.0,5.0,age,mcq,What is your age range?,0:::1:::2:::3:::4:::5,0-18:::19-25:::26-35:::36-50:::50-80:::80,2.0,26-35,2020-06-01 17:00:55
Soprano et al,Big-0,worker_64,True,unit_111,1.0,2020-06-01 17:00:55,0.0,start,False,standard,15.28,1.0,8.0,taxes,mcq,"Last year what was your total family income from all sources, before taxes?",0:::1:::2:::3:::4:::5:::6:::7:::8,"Less than 10,000:::10,000 to less than 20,000:::20,000 to less than 30,000:::30,000 to less than 40,000:::40,000 to less than 50,000:::50,000 to less than 75,000:::75,000 to less than 100,000:::100,000 to less than 150,000:::150,000 or more",6.0,"75,000 to less than 100,000",2020-06-01 17:00:55
Soprano et al,Big-0,worker_64,True,unit_111,1.0,2020-06-01 17:00:55,0.0,start,False,standard,15.28,1.0,4.0,political_views,mcq,"In general, would you describe your political views as",0:::1:::2:::3:::4,Very conservative:::Conservative:::Moderate:::Liberal:::Very liberal,4.0,Very liberal,2020-06-01 17:00:55
Soprano et al,Big-0,worker_64,True,unit_111,1.0,2020-06-01 17:00:55,0.0,start,False,standard,15.28,1.0,2.0,southern_border,mcq,Should the U.S. build a wall along the southern border?,0:::1:::2,Agree:::Disagree:::No opinion either way,1.0,Disagree,2020-06-01 17:00:55
Soprano et al,Big-0,worker_64,True,unit_111,1.0,2020-06-01 17:00:55,0.0,start,False,standard,15.28,1.0,5.0,school,mcq,What is the highest level of school you have completed or the highest degree you have received?,0:::1:::2:::3:::4:::5,"High school incomplete or less:::High school graduate or GED (includes technical/vocational training that doesn’t towards college credit):::Some college (some community college, associate’s degree):::Four year college degree/bachelor’s degree:::Some postgraduate or professional schooling, no postgraduate degree:::Postgraduate or professional degree, including master’s, doctorate, medical or law degree",3.0,Four year college degree/bachelor’s degree,2020-06-01 17:00:55
Soprano et al,Big-0,worker_64,True,unit_111,1.0,2020-06-01 17:01:11,0.0,start,False,crt,16.29,1.0,0.0,farmers,number,,,,9.0,,2020-06-01 17:01:11
Soprano et al,Big-0,worker_64,True,unit_111,1.0,2020-06-01 17:01:40,0.0,start,False,crt,20.28,1.0,0.0,athletics,number,,,,4.0,,2020-06-01 17:01:40
Soprano et al,Big-0,worker_64,True,unit_111,1.0,2020-06-01 17:00:55,0.0,start,False,standard,15.28,1.0,2.0,environment,mcq,Should the government increase environmental regulations to prevent climate change?,0:::1:::2,Agree:::Disagree:::No opinion either way,0.0,Agree,2020-06-01 17:00:55
Soprano et al,Big-0,worker_64,True,unit_111,1.0,2020-06-01 17:00:55,0.0,start,False,standard,15.28,1.0,3.0,consideration,mcq,"In politics today, do you consider yourself a",0:::1:::2:::3,Republican:::Democrat:::Independent:::Something else,1.0,Democrat,2020-06-01 17:00:55
Soprano et al,Big-0,worker_64,True,unit_111,1.0,2020-06-01 17:01:19,0.0,start,False,crt,8.37,1.0,0.0,marks,number,,,,5.0,,2020-06-01 17:01:19
Soprano et al,Big-0,worker_102,True,unit_61,1.0,2020-06-01 17:02:27,0.0,start,False,standard,39.17,1.0,2.0,southern_border,mcq,Should the U.S. build a wall along the southern border?,0:::1:::2,Agree:::Disagree:::No opinion either way,1.0,Disagree,2020-06-01 17:02:27
Soprano et al,Big-0,worker_102,True,unit_61,1.0,2020-06-01 17:05:16,0.0,start,False,crt,65.95,1.0,0.0,marks,number,,,,5.0,,2020-06-01 17:05:16
Soprano et al,Big-0,worker_102,True,unit_61,1.0,2020-06-01 17:02:27,0.0,start,False,standard,39.17,1.0,4.0,political_views,mcq,"In general, would you describe your political views as",0:::1:::2:::3:::4,Very conservative:::Conservative:::Moderate:::Liberal:::Very liberal,3.0,Liberal,2020-06-01 17:02:27
Soprano et al,Big-0,worker_102,True,unit_61,1.0,2020-06-01 17:02:27,0.0,start,False,standard,39.17,1.0,8.0,taxes,mcq,"Last year what was your total family income from all sources, before taxes?",0:::1:::2:::3:::4:::5:::6:::7:::8,"Less than 10,000:::10,000 to less than 20,000:::20,000 to less than 30,000:::30,000 to less than 40,000:::40,000 to less than 50,000:::50,000 to less than 75,000:::75,000 to less than 100,000:::100,000 to less than 150,000:::150,000 or more",6.0,"75,000 to less than 100,000",2020-06-01 17:02:27
Soprano et al,Big-0,worker_102,True,unit_61,1.0,2020-06-01 17:02:27,0.0,start,False,standard,39.17,1.0,5.0,school,mcq,What is the highest level of school you have completed or the highest degree you have received?,0:::1:::2:::3:::4:::5,"High school incomplete or less:::High school graduate or GED (includes technical/vocational training that doesn’t towards college credit):::Some college (some community college, associate’s degree):::Four year college degree/bachelor’s degree:::Some postgraduate or professional schooling, no postgraduate degree:::Postgraduate or professional degree, including master’s, doctorate, medical or law degree",1.0,High school graduate or GED (includes technical/vocational training that doesn’t towards college credit),2020-06-01 17:02:27
Soprano et al,Big-0,worker_102,True,unit_61,1.0,2020-06-01 17:02:27,0.0,start,False,standard,39.17,1.0,5.0,age,mcq,What is your age range?,0:::1:::2:::3:::4:::5,0-18:::19-25:::26-35:::36-50:::50-80:::80,1.0,19-25,2020-06-01 17:02:27
Soprano et al,Big-0,worker_102,True,unit_61,1.0,2020-06-01 17:04:10,0.0,start,False,crt,103.28,1.0,0.0,farmers,number,,,,3.0,,2020-06-01 17:04:10
Soprano et al,Big-0,worker_102,True,unit_61,1.0,2020-06-01 17:02:27,0.0,start,False,standard,39.17,1.0,3.0,consideration,mcq,"In politics today, do you consider yourself a",0:::1:::2:::3,Republican:::Democrat:::Independent:::Something else,1.0,Democrat,2020-06-01 17:02:27
Soprano et al,Big-0,worker_102,True,unit_61,1.0,2020-06-01 17:05:47,0.0,start,False,crt,30.87,1.0,0.0,athletics,number,,,,5.0,,2020-06-01 17:05:47
Soprano et al,Big-0,worker_102,True,unit_61,1.0,2020-06-01 17:02:27,0.0,start,False,standard,39.17,1.0,2.0,environment,mcq,Should the government increase environmental regulations to prevent climate change?,0:::1:::2,Agree:::Disagree:::No opinion either way,0.0,Agree,2020-06-01 17:02:27
Soprano et al,Big-0,worker_85,True,unit_149,1.0,2020-06-01 17:05:53,0.0,start,False,crt,21.79,1.0,0.0,farmers,number,,,,3.0,,2020-06-01 17:05:53
Soprano et al,Big-0,worker_85,True,unit_149,1.0,2020-06-01 17:06:12,0.0,start,False,crt,8.51,1.0,0.0,athletics,number,,,,5.0,,2020-06-01 17:06:12
Soprano et al,Big-0,worker_85,True,unit_149,1.0,2020-06-01 17:05:31,0.0,start,False,standard,15.79,1.0,5.0,age,mcq,What is your age range?,0:::1:::2:::3:::4:::5,0-18:::19-25:::26-35:::36-50:::50-80:::80,2.0,26-35,2020-06-01 17:05:31
Soprano et al,Big-0,worker_85,True,unit_149,1.0,2020-06-01 17:05:31,0.0,start,False,standard,15.79,1.0,8.0,taxes,mcq,"Last year what was your total family income from all sources, before taxes?",0:::1:::2:::3:::4:::5:::6:::7:::8,"Less than 10,000:::10,000 to less than 20,000:::20,000 to less than 30,000:::30,000 to less than 40,000:::40,000 to less than 50,000:::50,000 to less than 75,000:::75,000 to less than 100,000:::100,000 to less than 150,000:::150,000 or more",5.0,"50,000 to less than 75,000",2020-06-01 17:05:31
Soprano et al,Big-0,worker_85,True,unit_149,1.0,2020-06-01 17:05:31,0.0,start,False,standard,15.79,1.0,5.0,school,mcq,What is the highest level of school you have completed or the highest degree you have received?,0:::1:::2:::3:::4:::5,"High school incomplete or less:::High school graduate or GED (includes technical/vocational training that doesn’t towards college credit):::Some college (some community college, associate’s degree):::Four year college degree/bachelor’s degree:::Some postgraduate or professional schooling, no postgraduate degree:::Postgraduate or professional degree, including master’s, doctorate, medical or law degree",5.0,"Postgraduate or professional degree, including master’s, doctorate, medical or law degree",2020-06-01 17:05:31
Soprano et al,Big-0,worker_85,True,unit_149,1.0,2020-06-01 17:05:31,0.0,start,False,standard,15.79,1.0,3.0,consideration,mcq,"In politics today, do you consider yourself a",0:::1:::2:::3,Republican:::Democrat:::Independent:::Something else,1.0,Democrat,2020-06-01 17:05:31
Soprano et al,Big-0,worker_85,True,unit_149,1.0,2020-06-01 17:05:31,0.0,start,False,standard,15.79,1.0,2.0,southern_border,mcq,Should the U.S. build a wall along the southern border?,0:::1:::2,Agree:::Disagree:::No opinion either way,1.0,Disagree,2020-06-01 17:05:31
Soprano et al,Big-0,worker_85,True,unit_149,1.0,2020-06-01 17:05:31,0.0,start,False,standard,15.79,1.0,2.0,environment,mcq,Should the government increase environmental regulations to prevent climate change?,0:::1:::2,Agree:::Disagree:::No opinion either way,0.0,Agree,2020-06-01 17:05:31
Soprano et al,Big-0,worker_85,True,unit_149,1.0,2020-06-01 17:06:04,0.0,start,False,crt,10.5,1.0,0.0,marks,number,,,,10.0,,2020-06-01 17:06:04
Soprano et al,Big-0,worker_85,True,unit_149,1.0,2020-06-01 17:05:31,0.0,start,False,standard,15.79,1.0,4.0,political_views,mcq,"In general, would you describe your political views as",0:::1:::2:::3:::4,Very conservative:::Conservative:::Moderate:::Liberal:::Very liberal,3.0,Liberal,2020-06-01 17:05:31
Soprano et al,Big-0,worker_145,True,unit_93,1.0,2020-06-01 17:08:01,0.0,start,False,standard,45.78,1.0,4.0,political_views,mcq,"In general, would you describe your political views as",0:::1:::2:::3:::4,Very conservative:::Conservative:::Moderate:::Liberal:::Very liberal,3.0,Liberal,2020-06-01 17:08:01
Soprano et al,Big-0,worker_145,True,unit_93,1.0,2020-06-01 17:08:01,0.0,start,False,standard,45.78,1.0,5.0,age,mcq,What is your age range?,0:::1:::2:::3:::4:::5,0-18:::19-25:::26-35:::36-50:::50-80:::80,2.0,26-35,2020-06-01 17:08:01
Soprano et al,Big-0,worker_145,True,unit_93,1.0,2020-06-01 17:08:01,0.0,start,False,standard,45.78,1.0,5.0,school,mcq,What is the highest level of school you have completed or the highest degree you have received?,0:::1:::2:::3:::4:::5,"High school incomplete or less:::High school graduate or GED (includes technical/vocational training that doesn’t towards college credit):::Some college (some community college, associate’s degree):::Four year college degree/bachelor’s degree:::Some postgraduate or professional schooling, no postgraduate degree:::Postgraduate or professional degree, including master’s, doctorate, medical or law degree",3.0,Four year college degree/bachelor’s degree,2020-06-01 17:08:01
Soprano et al,Big-0,worker_145,True,unit_93,1.0,2020-06-01 17:08:01,0.0,start,False,standard,45.78,1.0,8.0,taxes,mcq,"Last year what was your total family income from all sources, before taxes?",0:::1:::2:::3:::4:::5:::6:::7:::8,"Less than 10,000:::10,000 to less than 20,000:::20,000 to less than 30,000:::30,000 to less than 40,000:::40,000 to less than 50,000:::50,000 to less than 75,000:::75,000 to less than 100,000:::100,000 to less than 150,000:::150,000 or more",5.0,"50,000 to less than 75,000",2020-06-01 17:08:01
Soprano et al,Big-0,worker_145,True,unit_93,1.0,2020-06-01 17:08:11,0.0,start,False,crt,9.72,1.0,0.0,farmers,number,,,,1.0,,2020-06-01 17:08:11
Soprano et al,Big-0,worker_145,True,unit_93,1.0,2020-06-01 17:08:01,0.0,start,False,standard,45.78,1.0,3.0,consideration,mcq,"In politics today, do you consider yourself a",0:::1:::2:::3,Republican:::Democrat:::Independent:::Something else,1.0,Democrat,2020-06-01 17:08:01
Soprano et al,Big-0,worker_145,True,unit_93,1.0,2020-06-01 17:08:01,0.0,start,False,standard,45.78,1.0,2.0,environment,mcq,Should the government increase environmental regulations to prevent climate change?,0:::1:::2,Agree:::Disagree:::No opinion either way,0.0,Agree,2020-06-01 17:08:01
Soprano et al,Big-0,worker_145,True,unit_93,1.0,2020-06-01 17:08:33,0.0,start,False,crt,17.23,1.0,0.0,athletics,number,,,,5.0,,2020-06-01 17:08:33
Soprano et al,Big-0,worker_145,True,unit_93,1.0,2020-06-01 17:08:16,0.0,start,False,crt,5.11,1.0,0.0,marks,number,,,,10.0,,2020-06-01 17:08:16
Soprano et al,Big-0,worker_145,True,unit_93,1.0,2020-06-01 17:08:01,0.0,start,False,standard,45.78,1.0,2.0,southern_border,mcq,Should the U.S. build a wall along the southern border?,0:::1:::2,Agree:::Disagree:::No opinion either way,0.0,Agree,2020-06-01 17:08:01
Soprano et al,Big-0,worker_61,True,unit_79,1.0,2020-06-01 17:14:24,0.0,start,False,crt,12.47,1.0,0.0,farmers,number,,,,9.0,,2020-06-01 17:14:24
Soprano et al,Big-0,worker_61,True,unit_79,1.0,2020-06-01 17:14:12,0.0,start,False,standard,20.35,1.0,5.0,school,mcq,What is the highest level of school you have completed or the highest degree you have received?,0:::1:::2:::3:::4:::5,"High school incomplete or less:::High school graduate or GED (includes technical/vocational training that doesn’t towards college credit):::Some college (some community college, associate’s degree):::Four year college degree/bachelor’s degree:::Some postgraduate or professional schooling, no postgraduate degree:::Postgraduate or professional degree, including master’s, doctorate, medical or law degree",5.0,"Postgraduate or professional degree, including master’s, doctorate, medical or law degree",2020-06-01 17:14:12
Soprano et al,Big-0,worker_61,True,unit_79,1.0,2020-06-01 17:14:47,0.0,start,False,crt,16.28,1.0,0.0,athletics,number,,,,4.0,,2020-06-01 17:14:47
Soprano et al,Big-0,worker_61,True,unit_79,1.0,2020-06-01 17:14:12,0.0,start,False,standard,20.35,1.0,5.0,age,mcq,What is your age range?,0:::1:::2:::3:::4:::5,0-18:::19-25:::26-35:::36-50:::50-80:::80,2.0,26-35,2020-06-01 17:14:12
Soprano et al,Big-0,worker_61,True,unit_79,1.0,2020-06-01 17:14:12,0.0,start,False,standard,20.35,1.0,2.0,environment,mcq,Should the government increase environmental regulations to prevent climate change?,0:::1:::2,Agree:::Disagree:::No opinion either way,1.0,Disagree,2020-06-01 17:14:12
Soprano et al,Big-0,worker_61,True,unit_79,1.0,2020-06-01 17:14:30,0.0,start,False,crt,6.08,1.0,0.0,marks,number,,,,10.0,,2020-06-01 17:14:30
Soprano et al,Big-0,worker_61,True,unit_79,1.0,2020-06-01 17:14:12,0.0,start,False,standard,20.35,1.0,3.0,consideration,mcq,"In politics today, do you consider yourself a",0:::1:::2:::3,Republican:::Democrat:::Independent:::Something else,2.0,Independent,2020-06-01 17:14:12
Soprano et al,Big-0,worker_61,True,unit_79,1.0,2020-06-01 17:14:12,0.0,start,False,standard,20.35,1.0,4.0,political_views,mcq,"In general, would you describe your political views as",0:::1:::2:::3:::4,Very conservative:::Conservative:::Moderate:::Liberal:::Very liberal,2.0,Moderate,2020-06-01 17:14:12
Soprano et al,Big-0,worker_61,True,unit_79,1.0,2020-06-01 17:14:12,0.0,start,False,standard,20.35,1.0,8.0,taxes,mcq,"Last year what was your total family income from all sources, before taxes?",0:::1:::2:::3:::4:::5:::6:::7:::8,"Less than 10,000:::10,000 to less than 20,000:::20,000 to less than 30,000:::30,000 to less than 40,000:::40,000 to less than 50,000:::50,000 to less than 75,000:::75,000 to less than 100,000:::100,000 to less than 150,000:::150,000 or more",5.0,"50,000 to less than 75,000",2020-06-01 17:14:12
Soprano et al,Big-0,worker_61,True,unit_79,1.0,2020-06-01 17:14:12,0.0,start,False,standard,20.35,1.0,2.0,southern_border,mcq,Should the U.S. build a wall along the southern border?,0:::1:::2,Agree:::Disagree:::No opinion either way,1.0,Disagree,2020-06-01 17:14:12
Soprano et al,Big-0,worker_82,True,unit_5,1.0,2020-06-01 17:17:11,0.0,start,False,crt,54.41,1.0,0.0,marks,number,,,,5.0,,2020-06-01 17:17:11
Soprano et al,Big-0,worker_82,True,unit_5,1.0,2020-06-01 17:15:39,0.0,start,False,standard,80.59,1.0,2.0,southern_border,mcq,Should the U.S. build a wall along the southern border?,0:::1:::2,Agree:::Disagree:::No opinion either way,0.0,Agree,2020-06-01 17:15:39
Soprano et al,Big-0,worker_82,True,unit_5,1.0,2020-06-01 17:15:39,0.0,start,False,standard,80.59,1.0,3.0,consideration,mcq,"In politics today, do you consider yourself a",0:::1:::2:::3,Republican:::Democrat:::Independent:::Something else,0.0,Republican,2020-06-01 17:15:39
Soprano et al,Big-0,worker_82,True,unit_5,1.0,2020-06-01 17:16:17,0.0,start,False,crt,37.46,1.0,0.0,farmers,number,,,,10.0,,2020-06-01 17:16:17
Soprano et al,Big-0,worker_82,True,unit_5,1.0,2020-06-01 17:18:51,0.0,start,False,crt,99.68,1.0,0.0,athletics,number,,,,4.0,,2020-06-01 17:18:51
Soprano et al,Big-0,worker_82,True,unit_5,1.0,2020-06-01 17:15:39,0.0,start,False,standard,80.59,1.0,4.0,political_views,mcq,"In general, would you describe your political views as",0:::1:::2:::3:::4,Very conservative:::Conservative:::Moderate:::Liberal:::Very liberal,4.0,Very liberal,2020-06-01 17:15:39
Soprano et al,Big-0,worker_82,True,unit_5,1.0,2020-06-01 17:15:39,0.0,start,False,standard,80.59,1.0,5.0,age,mcq,What is your age range?,0:::1:::2:::3:::4:::5,0-18:::19-25:::26-35:::36-50:::50-80:::80,2.0,26-35,2020-06-01 17:15:39
Soprano et al,Big-0,worker_82,True,unit_5,1.0,2020-06-01 17:15:39,0.0,start,False,standard,80.59,1.0,2.0,environment,mcq,Should the government increase environmental regulations to prevent climate change?,0:::1:::2,Agree:::Disagree:::No opinion either way,0.0,Agree,2020-06-01 17:15:39
Soprano et al,Big-0,worker_82,True,unit_5,1.0,2020-06-01 17:15:39,0.0,start,False,standard,80.59,1.0,8.0,taxes,mcq,"Last year what was your total family income from all sources, before taxes?",0:::1:::2:::3:::4:::5:::6:::7:::8,"Less than 10,000:::10,000 to less than 20,000:::20,000 to less than 30,000:::30,000 to less than 40,000:::40,000 to less than 50,000:::50,000 to less than 75,000:::75,000 to less than 100,000:::100,000 to less than 150,000:::150,000 or more",5.0,"50,000 to less than 75,000",2020-06-01 17:15:39
Soprano et al,Big-0,worker_82,True,unit_5,1.0,2020-06-01 17:15:39,0.0,start,False,standard,80.59,1.0,5.0,school,mcq,What is the highest level of school you have completed or the highest degree you have received?,0:::1:::2:::3:::4:::5,"High school incomplete or less:::High school graduate or GED (includes technical/vocational training that doesn’t towards college credit):::Some college (some community college, associate’s degree):::Four year college degree/bachelor’s degree:::Some postgraduate or professional schooling, no postgraduate degree:::Postgraduate or professional degree, including master’s, doctorate, medical or law degree",3.0,Four year college degree/bachelor’s degree,2020-06-01 17:15:39
Soprano et al,Big-0,worker_134,True,unit_15,1.0,2020-06-01 17:24:42,0.0,start,False,crt,24.35,1.0,0.0,athletics,number,,,,4.0,,2020-06-01 17:24:42
Soprano et al,Big-0,worker_134,True,unit_15,1.0,2020-06-01 17:24:17,0.0,start,False,crt,27.92,1.0,0.0,marks,number,,,,9.0,,2020-06-01 17:24:17
Soprano et al,Big-0,worker_134,True,unit_15,1.0,2020-06-01 17:23:21,0.0,start,False,standard,26.65,1.0,5.0,age,mcq,What is your age range?,0:::1:::2:::3:::4:::5,0-18:::19-25:::26-35:::36-50:::50-80:::80,4.0,50-80,2020-06-01 17:23:21
Soprano et al,Big-0,worker_134,True,unit_15,1.0,2020-06-01 17:23:49,0.0,start,False,crt,28.34,1.0,0.0,farmers,number,,,,1.0,,2020-06-01 17:23:49
Soprano et al,Big-0,worker_134,True,unit_15,1.0,2020-06-01 17:23:21,0.0,start,False,standard,26.65,1.0,2.0,environment,mcq,Should the government increase environmental regulations to prevent climate change?,0:::1:::2,Agree:::Disagree:::No opinion either way,0.0,Agree,2020-06-01 17:23:21
Soprano et al,Big-0,worker_134,True,unit_15,1.0,2020-06-01 17:23:21,0.0,start,False,standard,26.65,1.0,2.0,southern_border,mcq,Should the U.S. build a wall along the southern border?,0:::1:::2,Agree:::Disagree:::No opinion either way,1.0,Disagree,2020-06-01 17:23:21
Soprano et al,Big-0,worker_134,True,unit_15,1.0,2020-06-01 17:23:21,0.0,start,False,standard,26.65,1.0,4.0,political_views,mcq,"In general, would you describe your political views as",0:::1:::2:::3:::4,Very conservative:::Conservative:::Moderate:::Liberal:::Very liberal,3.0,Liberal,2020-06-01 17:23:21
Soprano et al,Big-0,worker_134,True,unit_15,1.0,2020-06-01 17:23:21,0.0,start,False,standard,26.65,1.0,8.0,taxes,mcq,"Last year what was your total family income from all sources, before taxes?",0:::1:::2:::3:::4:::5:::6:::7:::8,"Less than 10,000:::10,000 to less than 20,000:::20,000 to less than 30,000:::30,000 to less than 40,000:::40,000 to less than 50,000:::50,000 to less than 75,000:::75,000 to less than 100,000:::100,000 to less than 150,000:::150,000 or more",1.0,"10,000 to less than 20,000",2020-06-01 17:23:21
Soprano et al,Big-0,worker_134,True,unit_15,1.0,2020-06-01 17:23:21,0.0,start,False,standard,26.65,1.0,5.0,school,mcq,What is the highest level of school you have completed or the highest degree you have received?,0:::1:::2:::3:::4:::5,"High school incomplete or less:::High school graduate or GED (includes technical/vocational training that doesn’t towards college credit):::Some college (some community college, associate’s degree):::Four year college degree/bachelor’s degree:::Some postgraduate or professional schooling, no postgraduate degree:::Postgraduate or professional degree, including master’s, doctorate, medical or law degree",5.0,"Postgraduate or professional degree, including master’s, doctorate, medical or law degree",2020-06-01 17:23:21
Soprano et al,Big-0,worker_134,True,unit_15,1.0,2020-06-01 17:23:21,0.0,start,False,standard,26.65,1.0,3.0,consideration,mcq,"In politics today, do you consider yourself a",0:::1:::2:::3,Republican:::Democrat:::Independent:::Something else,1.0,Democrat,2020-06-01 17:23:21
Soprano et al,Big-0,worker_168,True,unit_103,1.0,2020-06-01 17:27:11,0.0,start,False,standard,44.09,1.0,4.0,political_views,mcq,"In general, would you describe your political views as",0:::1:::2:::3:::4,Very conservative:::Conservative:::Moderate:::Liberal:::Very liberal,4.0,Very liberal,2020-06-01 17:27:11
Soprano et al,Big-0,worker_168,True,unit_103,1.0,2020-06-01 17:27:11,0.0,start,False,standard,44.09,1.0,5.0,school,mcq,What is the highest level of school you have completed or the highest degree you have received?,0:::1:::2:::3:::4:::5,"High school incomplete or less:::High school graduate or GED (includes technical/vocational training that doesn’t towards college credit):::Some college (some community college, associate’s degree):::Four year college degree/bachelor’s degree:::Some postgraduate or professional schooling, no postgraduate degree:::Postgraduate or professional degree, including master’s, doctorate, medical or law degree",4.0,"Some postgraduate or professional schooling, no postgraduate degree",2020-06-01 17:27:11
Soprano et al,Big-0,worker_168,True,unit_103,1.0,2020-06-01 17:27:11,0.0,start,False,standard,44.09,1.0,5.0,age,mcq,What is your age range?,0:::1:::2:::3:::4:::5,0-18:::19-25:::26-35:::36-50:::50-80:::80,3.0,36-50,2020-06-01 17:27:11
Soprano et al,Big-0,worker_168,True,unit_103,1.0,2020-06-01 17:27:11,0.0,start,False,standard,44.09,1.0,2.0,southern_border,mcq,Should the U.S. build a wall along the southern border?,0:::1:::2,Agree:::Disagree:::No opinion either way,1.0,Disagree,2020-06-01 17:27:11
Soprano et al,Big-0,worker_168,True,unit_103,1.0,2020-06-01 17:27:11,0.0,start,False,standard,44.09,1.0,8.0,taxes,mcq,"Last year what was your total family income from all sources, before taxes?",0:::1:::2:::3:::4:::5:::6:::7:::8,"Less than 10,000:::10,000 to less than 20,000:::20,000 to less than 30,000:::30,000 to less than 40,000:::40,000 to less than 50,000:::50,000 to less than 75,000:::75,000 to less than 100,000:::100,000 to less than 150,000:::150,000 or more",5.0,"50,000 to less than 75,000",2020-06-01 17:27:11
Soprano et al,Big-0,worker_168,True,unit_103,1.0,2020-06-01 17:28:25,0.0,start,False,crt,15.26,1.0,0.0,marks,number,,,,9.0,,2020-06-01 17:28:25
Soprano et al,Big-0,worker_168,True,unit_103,1.0,2020-06-01 17:29:08,0.0,start,False,crt,42.45,1.0,0.0,athletics,number,,,,4.0,,2020-06-01 17:29:08
Soprano et al,Big-0,worker_168,True,unit_103,1.0,2020-06-01 17:27:11,0.0,start,False,standard,44.09,1.0,3.0,consideration,mcq,"In politics today, do you consider yourself a",0:::1:::2:::3,Republican:::Democrat:::Independent:::Something else,2.0,Independent,2020-06-01 17:27:11
Soprano et al,Big-0,worker_168,True,unit_103,1.0,2020-06-01 17:28:10,0.0,start,False,crt,59.51,1.0,0.0,farmers,number,,,,3.0,,2020-06-01 17:28:10
Soprano et al,Big-0,worker_168,True,unit_103,1.0,2020-06-01 17:27:11,0.0,start,False,standard,44.09,1.0,2.0,environment,mcq,Should the government increase environmental regulations to prevent climate change?,0:::1:::2,Agree:::Disagree:::No opinion either way,0.0,Agree,2020-06-01 17:27:11
Soprano et al,Big-0,worker_48,True,unit_11,1.0,2020-06-01 17:30:08,0.0,start,False,crt,5.64,1.0,0.0,marks,number,,,,9.0,,2020-06-01 17:30:08
Soprano et al,Big-0,worker_48,True,unit_11,1.0,2020-06-01 17:29:42,0.0,start,False,standard,17.58,1.0,5.0,school,mcq,What is the highest level of school you have completed or the highest degree you have received?,0:::1:::2:::3:::4:::5,"High school incomplete or less:::High school graduate or GED (includes technical/vocational training that doesn’t towards college credit):::Some college (some community college, associate’s degree):::Four year college degree/bachelor’s degree:::Some postgraduate or professional schooling, no postgraduate degree:::Postgraduate or professional degree, including master’s, doctorate, medical or law degree",3.0,Four year college degree/bachelor’s degree,2020-06-01 17:29:42
Soprano et al,Big-0,worker_48,True,unit_11,1.0,2020-06-01 17:29:42,0.0,start,False,standard,17.58,1.0,5.0,age,mcq,What is your age range?,0:::1:::2:::3:::4:::5,0-18:::19-25:::26-35:::36-50:::50-80:::80,3.0,36-50,2020-06-01 17:29:42
Soprano et al,Big-0,worker_48,True,unit_11,1.0,2020-06-01 17:29:42,0.0,start,False,standard,17.58,1.0,2.0,environment,mcq,Should the government increase environmental regulations to prevent climate change?,0:::1:::2,Agree:::Disagree:::No opinion either way,0.0,Agree,2020-06-01 17:29:42
Soprano et al,Big-0,worker_48,True,unit_11,1.0,2020-06-01 17:29:42,0.0,start,False,standard,17.58,1.0,8.0,taxes,mcq,"Last year what was your total family income from all sources, before taxes?",0:::1:::2:::3:::4:::5:::6:::7:::8,"Less than 10,000:::10,000 to less than 20,000:::20,000 to less than 30,000:::30,000 to less than 40,000:::40,000 to less than 50,000:::50,000 to less than 75,000:::75,000 to less than 100,000:::100,000 to less than 150,000:::150,000 or more",6.0,"75,000 to less than 100,000",2020-06-01 17:29:42
Soprano et al,Big-0,worker_48,True,unit_11,1.0,2020-06-01 17:29:42,0.0,start,False,standard,17.58,1.0,4.0,political_views,mcq,"In general, would you describe your political views as",0:::1:::2:::3:::4,Very conservative:::Conservative:::Moderate:::Liberal:::Very liberal,3.0,Liberal,2020-06-01 17:29:42
Soprano et al,Big-0,worker_48,True,unit_11,1.0,2020-06-01 17:29:42,0.0,start,False,standard,17.58,1.0,3.0,consideration,mcq,"In politics today, do you consider yourself a",0:::1:::2:::3,Republican:::Democrat:::Independent:::Something else,1.0,Democrat,2020-06-01 17:29:42
Soprano et al,Big-0,worker_48,True,unit_11,1.0,2020-06-01 17:29:42,0.0,start,False,standard,17.58,1.0,2.0,southern_border,mcq,Should the U.S. build a wall along the southern border?,0:::1:::2,Agree:::Disagree:::No opinion either way,1.0,Disagree,2020-06-01 17:29:42
Soprano et al,Big-0,worker_48,True,unit_11,1.0,2020-06-01 17:30:02,0.0,start,False,crt,20.0,1.0,0.0,farmers,number,,,,3.0,,2020-06-01 17:30:02
Soprano et al,Big-0,worker_48,True,unit_11,1.0,2020-06-01 17:30:21,0.0,start,False,crt,13.08,1.0,0.0,athletics,number,,,,4.0,,2020-06-01 17:30:21
Soprano et al,Big-0,worker_121,True,unit_57,1.0,2020-06-01 17:34:43,0.0,start,False,standard,33.68,1.0,2.0,southern_border,mcq,Should the U.S. build a wall along the southern border?,0:::1:::2,Agree:::Disagree:::No opinion either way,2.0,No opinion either way,2020-06-01 17:34:43
Soprano et al,Big-0,worker_121,True,unit_57,1.0,2020-06-01 17:34:43,0.0,start,False,standard,33.68,1.0,5.0,school,mcq,What is the highest level of school you have completed or the highest degree you have received?,0:::1:::2:::3:::4:::5,"High school incomplete or less:::High school graduate or GED (includes technical/vocational training that doesn’t towards college credit):::Some college (some community college, associate’s degree):::Four year college degree/bachelor’s degree:::Some postgraduate or professional schooling, no postgraduate degree:::Postgraduate or professional degree, including master’s, doctorate, medical or law degree",2.0,"Some college (some community college, associate’s degree)",2020-06-01 17:34:43
Soprano et al,Big-0,worker_121,True,unit_57,1.0,2020-06-01 17:34:43,0.0,start,False,standard,33.68,1.0,8.0,taxes,mcq,"Last year what was your total family income from all sources, before taxes?",0:::1:::2:::3:::4:::5:::6:::7:::8,"Less than 10,000:::10,000 to less than 20,000:::20,000 to less than 30,000:::30,000 to less than 40,000:::40,000 to less than 50,000:::50,000 to less than 75,000:::75,000 to less than 100,000:::100,000 to less than 150,000:::150,000 or more",3.0,"30,000 to less than 40,000",2020-06-01 17:34:43
Soprano et al,Big-0,worker_121,True,unit_57,1.0,2020-06-01 17:34:43,0.0,start,False,standard,33.68,1.0,4.0,political_views,mcq,"In general, would you describe your political views as",0:::1:::2:::3:::4,Very conservative:::Conservative:::Moderate:::Liberal:::Very liberal,3.0,Liberal,2020-06-01 17:34:43
Soprano et al,Big-0,worker_121,True,unit_57,1.0,2020-06-01 17:34:43,0.0,start,False,standard,33.68,1.0,3.0,consideration,mcq,"In politics today, do you consider yourself a",0:::1:::2:::3,Republican:::Democrat:::Independent:::Something else,2.0,Independent,2020-06-01 17:34:43
Soprano et al,Big-0,worker_121,True,unit_57,1.0,2020-06-01 17:35:47,0.0,start,False,crt,15.13,1.0,0.0,athletics,number,,,,5.0,,2020-06-01 17:35:47
Soprano et al,Big-0,worker_121,True,unit_57,1.0,2020-06-01 17:34:43,0.0,start,False,standard,33.68,1.0,2.0,environment,mcq,Should the government increase environmental regulations to prevent climate change?,0:::1:::2,Agree:::Disagree:::No opinion either way,2.0,No opinion either way,2020-06-01 17:34:43
Soprano et al,Big-0,worker_121,True,unit_57,1.0,2020-06-01 17:34:58,0.0,start,False,crt,15.32,1.0,0.0,farmers,number,,,,9.0,,2020-06-01 17:34:58
Soprano et al,Big-0,worker_121,True,unit_57,1.0,2020-06-01 17:35:32,0.0,start,False,crt,33.38,1.0,0.0,marks,number,,,,10.0,,2020-06-01 17:35:32
Soprano et al,Big-0,worker_121,True,unit_57,1.0,2020-06-01 17:34:43,0.0,start,False,standard,33.68,1.0,5.0,age,mcq,What is your age range?,0:::1:::2:::3:::4:::5,0-18:::19-25:::26-35:::36-50:::50-80:::80,3.0,36-50,2020-06-01 17:34:43
Soprano et al,Big-0,worker_17,True,unit_195,1.0,2020-06-01 17:38:30,0.0,start,False,standard,95.32,1.0,5.0,age,mcq,What is your age range?,0:::1:::2:::3:::4:::5,0-18:::19-25:::26-35:::36-50:::50-80:::80,2.0,26-35,2020-06-01 17:38:30
Soprano et al,Big-0,worker_17,True,unit_195,1.0,2020-06-01 17:38:30,0.0,start,False,standard,95.32,1.0,5.0,school,mcq,What is the highest level of school you have completed or the highest degree you have received?,0:::1:::2:::3:::4:::5,"High school incomplete or less:::High school graduate or GED (includes technical/vocational training that doesn’t towards college credit):::Some college (some community college, associate’s degree):::Four year college degree/bachelor’s degree:::Some postgraduate or professional schooling, no postgraduate degree:::Postgraduate or professional degree, including master’s, doctorate, medical or law degree",3.0,Four year college degree/bachelor’s degree,2020-06-01 17:38:30
Soprano et al,Big-0,worker_17,True,unit_195,1.0,2020-06-01 17:38:30,0.0,start,False,standard,95.32,1.0,8.0,taxes,mcq,"Last year what was your total family income from all sources, before taxes?",0:::1:::2:::3:::4:::5:::6:::7:::8,"Less than 10,000:::10,000 to less than 20,000:::20,000 to less than 30,000:::30,000 to less than 40,000:::40,000 to less than 50,000:::50,000 to less than 75,000:::75,000 to less than 100,000:::100,000 to less than 150,000:::150,000 or more",7.0,"100,000 to less than 150,000",2020-06-01 17:38:30
Soprano et al,Big-0,worker_17,True,unit_195,1.0,2020-06-01 17:38:30,0.0,start,False,standard,95.32,1.0,4.0,political_views,mcq,"In general, would you describe your political views as",0:::1:::2:::3:::4,Very conservative:::Conservative:::Moderate:::Liberal:::Very liberal,3.0,Liberal,2020-06-01 17:38:30
Soprano et al,Big-0,worker_17,True,unit_195,1.0,2020-06-01 17:38:30,0.0,start,False,standard,95.32,1.0,2.0,southern_border,mcq,Should the U.S. build a wall along the southern border?,0:::1:::2,Agree:::Disagree:::No opinion either way,1.0,Disagree,2020-06-01 17:38:30
Soprano et al,Big-0,worker_17,True,unit_195,1.0,2020-06-01 17:38:30,0.0,start,False,standard,95.32,1.0,2.0,environment,mcq,Should the government increase environmental regulations to prevent climate change?,0:::1:::2,Agree:::Disagree:::No opinion either way,0.0,Agree,2020-06-01 17:38:30
Soprano et al,Big-0,worker_17,True,unit_195,1.0,2020-06-01 17:41:01,0.0,start,False,crt,120.07,1.0,0.0,marks,number,,,,9.0,,2020-06-01 17:41:01
Soprano et al,Big-0,worker_17,True,unit_195,1.0,2020-06-01 17:44:02,0.0,start,False,crt,181.48,1.0,0.0,athletics,number,,,,5.0,,2020-06-01 17:44:02
Soprano et al,Big-0,worker_17,True,unit_195,1.0,2020-06-01 17:39:01,0.0,start,False,crt,30.73,1.0,0.0,farmers,number,,,,9.0,,2020-06-01 17:39:01
Soprano et al,Big-0,worker_17,True,unit_195,1.0,2020-06-01 17:38:30,0.0,start,False,standard,95.32,1.0,3.0,consideration,mcq,"In politics today, do you consider yourself a",0:::1:::2:::3,Republican:::Democrat:::Independent:::Something else,1.0,Democrat,2020-06-01 17:38:30
Soprano et al,Big-0,worker_187,True,unit_165,1.0,2020-06-01 17:51:53,0.0,start,False,standard,25.18,1.0,5.0,school,mcq,What is the highest level of school you have completed or the highest degree you have received?,0:::1:::2:::3:::4:::5,"High school incomplete or less:::High school graduate or GED (includes technical/vocational training that doesn’t towards college credit):::Some college (some community college, associate’s degree):::Four year college degree/bachelor’s degree:::Some postgraduate or professional schooling, no postgraduate degree:::Postgraduate or professional degree, including master’s, doctorate, medical or law degree",3.0,Four year college degree/bachelor’s degree,2020-06-01 17:51:53
Soprano et al,Big-0,worker_187,True,unit_165,1.0,2020-06-01 17:51:53,0.0,start,False,standard,25.18,1.0,3.0,consideration,mcq,"In politics today, do you consider yourself a",0:::1:::2:::3,Republican:::Democrat:::Independent:::Something else,2.0,Independent,2020-06-01 17:51:53
Soprano et al,Big-0,worker_187,True,unit_165,1.0,2020-06-01 17:51:53,0.0,start,False,standard,25.18,1.0,4.0,political_views,mcq,"In general, would you describe your political views as",0:::1:::2:::3:::4,Very conservative:::Conservative:::Moderate:::Liberal:::Very liberal,2.0,Moderate,2020-06-01 17:51:53
Soprano et al,Big-0,worker_187,True,unit_165,1.0,2020-06-01 17:53:05,0.0,start,False,crt,72.1,1.0,0.0,farmers,number,,,,3.0,,2020-06-01 17:53:05
Soprano et al,Big-0,worker_187,True,unit_165,1.0,2020-06-01 17:51:53,0.0,start,False,standard,25.18,1.0,8.0,taxes,mcq,"Last year what was your total family income from all sources, before taxes?",0:::1:::2:::3:::4:::5:::6:::7:::8,"Less than 10,000:::10,000 to less than 20,000:::20,000 to less than 30,000:::30,000 to less than 40,000:::40,000 to less than 50,000:::50,000 to less than 75,000:::75,000 to less than 100,000:::100,000 to less than 150,000:::150,000 or more",7.0,"100,000 to less than 150,000",2020-06-01 17:51:53
Soprano et al,Big-0,worker_187,True,unit_165,1.0,2020-06-01 17:53:29,0.0,start,False,crt,24.37,1.0,0.0,marks,number,,,,10.0,,2020-06-01 17:53:29
Soprano et al,Big-0,worker_187,True,unit_165,1.0,2020-06-01 17:51:53,0.0,start,False,standard,25.18,1.0,2.0,environment,mcq,Should the government increase environmental regulations to prevent climate change?,0:::1:::2,Agree:::Disagree:::No opinion either way,0.0,Agree,2020-06-01 17:51:53
Soprano et al,Big-0,worker_187,True,unit_165,1.0,2020-06-01 17:51:53,0.0,start,False,standard,25.18,1.0,5.0,age,mcq,What is your age range?,0:::1:::2:::3:::4:::5,0-18:::19-25:::26-35:::36-50:::50-80:::80,4.0,50-80,2020-06-01 17:51:53
Soprano et al,Big-0,worker_187,True,unit_165,1.0,2020-06-01 17:51:53,0.0,start,False,standard,25.18,1.0,2.0,southern_border,mcq,Should the U.S. build a wall along the southern border?,0:::1:::2,Agree:::Disagree:::No opinion either way,2.0,No opinion either way,2020-06-01 17:51:53
Soprano et al,Big-0,worker_187,True,unit_165,1.0,2020-06-01 17:53:42,0.0,start,False,crt,12.65,1.0,0.0,athletics,number,,,,5.0,,2020-06-01 17:53:42
Soprano et al,Big-0,worker_115,True,unit_63,1.0,2020-06-01 17:59:12,0.0,start,False,crt,46.96,1.0,0.0,farmers,number,,,,9.0,,2020-06-01 17:59:12
Soprano et al,Big-0,worker_115,True,unit_63,1.0,2020-06-01 17:58:25,0.0,start,False,standard,29.8,1.0,5.0,school,mcq,What is the highest level of school you have completed or the highest degree you have received?,0:::1:::2:::3:::4:::5,"High school incomplete or less:::High school graduate or GED (includes technical/vocational training that doesn’t towards college credit):::Some college (some community college, associate’s degree):::Four year college degree/bachelor’s degree:::Some postgraduate or professional schooling, no postgraduate degree:::Postgraduate or professional degree, including master’s, doctorate, medical or law degree",3.0,Four year college degree/bachelor’s degree,2020-06-01 17:58:25
Soprano et al,Big-0,worker_115,True,unit_63,1.0,2020-06-01 17:58:25,0.0,start,False,standard,29.8,1.0,2.0,environment,mcq,Should the government increase environmental regulations to prevent climate change?,0:::1:::2,Agree:::Disagree:::No opinion either way,0.0,Agree,2020-06-01 17:58:25
Soprano et al,Big-0,worker_115,True,unit_63,1.0,2020-06-01 17:59:28,0.0,start,False,crt,15.31,1.0,0.0,marks,number,,,,5.0,,2020-06-01 17:59:28
Soprano et al,Big-0,worker_115,True,unit_63,1.0,2020-06-01 17:58:25,0.0,start,False,standard,29.8,1.0,5.0,age,mcq,What is your age range?,0:::1:::2:::3:::4:::5,0-18:::19-25:::26-35:::36-50:::50-80:::80,1.0,19-25,2020-06-01 17:58:25
Soprano et al,Big-0,worker_115,True,unit_63,1.0,2020-06-01 17:58:25,0.0,start,False,standard,29.8,1.0,8.0,taxes,mcq,"Last year what was your total family income from all sources, before taxes?",0:::1:::2:::3:::4:::5:::6:::7:::8,"Less than 10,000:::10,000 to less than 20,000:::20,000 to less than 30,000:::30,000 to less than 40,000:::40,000 to less than 50,000:::50,000 to less than 75,000:::75,000 to less than 100,000:::100,000 to less than 150,000:::150,000 or more",0.0,"Less than 10,000",2020-06-01 17:58:25
Soprano et al,Big-0,worker_115,True,unit_63,1.0,2020-06-01 17:58:25,0.0,start,False,standard,29.8,1.0,3.0,consideration,mcq,"In politics today, do you consider yourself a",0:::1:::2:::3,Republican:::Democrat:::Independent:::Something else,2.0,Independent,2020-06-01 17:58:25
Soprano et al,Big-0,worker_115,True,unit_63,1.0,2020-06-01 17:58:25,0.0,start,False,standard,29.8,1.0,2.0,southern_border,mcq,Should the U.S. build a wall along the southern border?,0:::1:::2,Agree:::Disagree:::No opinion either way,0.0,Agree,2020-06-01 17:58:25
Soprano et al,Big-0,worker_115,True,unit_63,1.0,2020-06-01 18:00:50,0.0,start,False,crt,82.73,1.0,0.0,athletics,number,,,,16.0,,2020-06-01 18:00:50
Soprano et al,Big-0,worker_115,True,unit_63,1.0,2020-06-01 17:58:25,0.0,start,False,standard,29.8,1.0,4.0,political_views,mcq,"In general, would you describe your political views as",0:::1:::2:::3:::4,Very conservative:::Conservative:::Moderate:::Liberal:::Very liberal,3.0,Liberal,2020-06-01 17:58:25
Soprano et al,Big-0,worker_110,True,unit_109,1.0,2020-06-01 18:02:20,0.0,start,False,crt,43.89,1.0,0.0,athletics,number,,,,5.0,,2020-06-01 18:02:20
Soprano et al,Big-0,worker_110,True,unit_109,1.0,2020-06-01 18:01:37,0.0,start,False,crt,42.88,1.0,0.0,marks,number,,,,10.0,,2020-06-01 18:01:37
Soprano et al,Big-0,worker_110,True,unit_109,1.0,2020-06-01 18:00:43,0.0,start,False,standard,19.71,1.0,2.0,southern_border,mcq,Should the U.S. build a wall along the southern border?,0:::1:::2,Agree:::Disagree:::No opinion either way,1.0,Disagree,2020-06-01 18:00:43
Soprano et al,Big-0,worker_110,True,unit_109,1.0,2020-06-01 18:00:43,0.0,start,False,standard,19.71,1.0,5.0,age,mcq,What is your age range?,0:::1:::2:::3:::4:::5,0-18:::19-25:::26-35:::36-50:::50-80:::80,2.0,26-35,2020-06-01 18:00:43
Soprano et al,Big-0,worker_110,True,unit_109,1.0,2020-06-01 18:00:43,0.0,start,False,standard,19.71,1.0,3.0,consideration,mcq,"In politics today, do you consider yourself a",0:::1:::2:::3,Republican:::Democrat:::Independent:::Something else,1.0,Democrat,2020-06-01 18:00:43
Soprano et al,Big-0,worker_110,True,unit_109,1.0,2020-06-01 18:00:43,0.0,start,False,standard,19.71,1.0,4.0,political_views,mcq,"In general, would you describe your political views as",0:::1:::2:::3:::4,Very conservative:::Conservative:::Moderate:::Liberal:::Very liberal,4.0,Very liberal,2020-06-01 18:00:43
Soprano et al,Big-0,worker_110,True,unit_109,1.0,2020-06-01 18:00:43,0.0,start,False,standard,19.71,1.0,8.0,taxes,mcq,"Last year what was your total family income from all sources, before taxes?",0:::1:::2:::3:::4:::5:::6:::7:::8,"Less than 10,000:::10,000 to less than 20,000:::20,000 to less than 30,000:::30,000 to less than 40,000:::40,000 to less than 50,000:::50,000 to less than 75,000:::75,000 to less than 100,000:::100,000 to less than 150,000:::150,000 or more",6.0,"75,000 to less than 100,000",2020-06-01 18:00:43
Soprano et al,Big-0,worker_110,True,unit_109,1.0,2020-06-01 18:00:43,0.0,start,False,standard,19.71,1.0,5.0,school,mcq,What is the highest level of school you have completed or the highest degree you have received?,0:::1:::2:::3:::4:::5,"High school incomplete or less:::High school graduate or GED (includes technical/vocational training that doesn’t towards college credit):::Some college (some community college, associate’s degree):::Four year college degree/bachelor’s degree:::Some postgraduate or professional schooling, no postgraduate degree:::Postgraduate or professional degree, including master’s, doctorate, medical or law degree",3.0,Four year college degree/bachelor’s degree,2020-06-01 18:00:43
Soprano et al,Big-0,worker_110,True,unit_109,1.0,2020-06-01 18:00:43,0.0,start,False,standard,19.71,1.0,2.0,environment,mcq,Should the government increase environmental regulations to prevent climate change?,0:::1:::2,Agree:::Disagree:::No opinion either way,0.0,Agree,2020-06-01 18:00:43
Soprano et al,Big-0,worker_110,True,unit_109,1.0,2020-06-01 18:00:54,0.0,start,False,crt,10.41,1.0,0.0,farmers,number,,,,9.0,,2020-06-01 18:00:54
Soprano et al,Big-0,worker_10,True,unit_51,1.0,2020-06-01 18:09:58,0.0,start,False,standard,18.03,1.0,2.0,environment,mcq,Should the government increase environmental regulations to prevent climate change?,0:::1:::2,Agree:::Disagree:::No opinion either way,1.0,Disagree,2020-06-01 18:09:58
Soprano et al,Big-0,worker_10,True,unit_51,1.0,2020-06-01 18:09:58,0.0,start,False,standard,18.03,1.0,8.0,taxes,mcq,"Last year what was your total family income from all sources, before taxes?",0:::1:::2:::3:::4:::5:::6:::7:::8,"Less than 10,000:::10,000 to less than 20,000:::20,000 to less than 30,000:::30,000 to less than 40,000:::40,000 to less than 50,000:::50,000 to less than 75,000:::75,000 to less than 100,000:::100,000 to less than 150,000:::150,000 or more",6.0,"75,000 to less than 100,000",2020-06-01 18:09:58
Soprano et al,Big-0,worker_10,True,unit_51,1.0,2020-06-01 18:12:08,0.0,start,False,crt,62.45,1.0,0.0,athletics,number,,,,5.0,,2020-06-01 18:12:08
Soprano et al,Big-0,worker_10,True,unit_51,1.0,2020-06-01 18:11:05,0.0,start,False,crt,18.65,1.0,0.0,marks,number,,,,10.0,,2020-06-01 18:11:05
Soprano et al,Big-0,worker_10,True,unit_51,1.0,2020-06-01 18:10:47,0.0,start,False,crt,49.14,1.0,0.0,farmers,number,,,,9.0,,2020-06-01 18:10:47
Soprano et al,Big-0,worker_10,True,unit_51,1.0,2020-06-01 18:09:58,0.0,start,False,standard,18.03,1.0,4.0,political_views,mcq,"In general, would you describe your political views as",0:::1:::2:::3:::4,Very conservative:::Conservative:::Moderate:::Liberal:::Very liberal,1.0,Conservative,2020-06-01 18:09:58
Soprano et al,Big-0,worker_10,True,unit_51,1.0,2020-06-01 18:09:58,0.0,start,False,standard,18.03,1.0,5.0,age,mcq,What is your age range?,0:::1:::2:::3:::4:::5,0-18:::19-25:::26-35:::36-50:::50-80:::80,2.0,26-35,2020-06-01 18:09:58
Soprano et al,Big-0,worker_10,True,unit_51,1.0,2020-06-01 18:09:58,0.0,start,False,standard,18.03,1.0,3.0,consideration,mcq,"In politics today, do you consider yourself a",0:::1:::2:::3,Republican:::Democrat:::Independent:::Something else,0.0,Republican,2020-06-01 18:09:58
Soprano et al,Big-0,worker_10,True,unit_51,1.0,2020-06-01 18:09:58,0.0,start,False,standard,18.03,1.0,2.0,southern_border,mcq,Should the U.S. build a wall along the southern border?,0:::1:::2,Agree:::Disagree:::No opinion either way,0.0,Agree,2020-06-01 18:09:58
Soprano et al,Big-0,worker_10,True,unit_51,1.0,2020-06-01 18:09:58,0.0,start,False,standard,18.03,1.0,5.0,school,mcq,What is the highest level of school you have completed or the highest degree you have received?,0:::1:::2:::3:::4:::5,"High school incomplete or less:::High school graduate or GED (includes technical/vocational training that doesn’t towards college credit):::Some college (some community college, associate’s degree):::Four year college degree/bachelor’s degree:::Some postgraduate or professional schooling, no postgraduate degree:::Postgraduate or professional degree, including master’s, doctorate, medical or law degree",2.0,"Some college (some community college, associate’s degree)",2020-06-01 18:09:58
Soprano et al,Big-0,worker_113,True,unit_191,1.0,2020-06-01 18:32:21,0.0,start,False,crt,17.33,1.0,0.0,marks,number,,,,5.0,,2020-06-01 18:32:21
Soprano et al,Big-0,worker_113,True,unit_191,1.0,2020-06-01 18:31:38,0.0,start,False,standard,31.96,1.0,3.0,consideration,mcq,"In politics today, do you consider yourself a",0:::1:::2:::3,Republican:::Democrat:::Independent:::Something else,2.0,Independent,2020-06-01 18:31:38
Soprano et al,Big-0,worker_113,True,unit_191,1.0,2020-06-01 18:31:38,0.0,start,False,standard,31.96,1.0,5.0,age,mcq,What is your age range?,0:::1:::2:::3:::4:::5,0-18:::19-25:::26-35:::36-50:::50-80:::80,2.0,26-35,2020-06-01 18:31:38
Soprano et al,Big-0,worker_113,True,unit_191,1.0,2020-06-01 18:32:04,0.0,start,False,crt,25.25,1.0,0.0,farmers,number,,,,3.0,,2020-06-01 18:32:04
Soprano et al,Big-0,worker_113,True,unit_191,1.0,2020-06-01 18:31:38,0.0,start,False,standard,31.96,1.0,2.0,environment,mcq,Should the government increase environmental regulations to prevent climate change?,0:::1:::2,Agree:::Disagree:::No opinion either way,0.0,Agree,2020-06-01 18:31:38
Soprano et al,Big-0,worker_113,True,unit_191,1.0,2020-06-01 18:31:38,0.0,start,False,standard,31.96,1.0,2.0,southern_border,mcq,Should the U.S. build a wall along the southern border?,0:::1:::2,Agree:::Disagree:::No opinion either way,2.0,No opinion either way,2020-06-01 18:31:38
Soprano et al,Big-0,worker_113,True,unit_191,1.0,2020-06-01 18:31:38,0.0,start,False,standard,31.96,1.0,8.0,taxes,mcq,"Last year what was your total family income from all sources, before taxes?",0:::1:::2:::3:::4:::5:::6:::7:::8,"Less than 10,000:::10,000 to less than 20,000:::20,000 to less than 30,000:::30,000 to less than 40,000:::40,000 to less than 50,000:::50,000 to less than 75,000:::75,000 to less than 100,000:::100,000 to less than 150,000:::150,000 or more",3.0,"30,000 to less than 40,000",2020-06-01 18:31:38
Soprano et al,Big-0,worker_113,True,unit_191,1.0,2020-06-01 18:33:19,0.0,start,False,crt,58.03,1.0,0.0,athletics,number,,,,4.0,,2020-06-01 18:33:19
Soprano et al,Big-0,worker_113,True,unit_191,1.0,2020-06-01 18:31:38,0.0,start,False,standard,31.96,1.0,5.0,school,mcq,What is the highest level of school you have completed or the highest degree you have received?,0:::1:::2:::3:::4:::5,"High school incomplete or less:::High school graduate or GED (includes technical/vocational training that doesn’t towards college credit):::Some college (some community college, associate’s degree):::Four year college degree/bachelor’s degree:::Some postgraduate or professional schooling, no postgraduate degree:::Postgraduate or professional degree, including master’s, doctorate, medical or law degree",3.0,Four year college degree/bachelor’s degree,2020-06-01 18:31:38
Soprano et al,Big-0,worker_113,True,unit_191,1.0,2020-06-01 18:31:38,0.0,start,False,standard,31.96,1.0,4.0,political_views,mcq,"In general, would you describe your political views as",0:::1:::2:::3:::4,Very conservative:::Conservative:::Moderate:::Liberal:::Very liberal,4.0,Very liberal,2020-06-01 18:31:38
Soprano et al,Big-0,worker_196,True,unit_163,1.0,2020-06-01 18:33:51,0.0,start,False,crt,40.63,1.0,0.0,marks,number,,,,9.0,,2020-06-01 18:33:51
Soprano et al,Big-0,worker_196,True,unit_163,1.0,2020-06-01 18:32:27,0.0,start,False,standard,23.25,1.0,8.0,taxes,mcq,"Last year what was your total family income from all sources, before taxes?",0:::1:::2:::3:::4:::5:::6:::7:::8,"Less than 10,000:::10,000 to less than 20,000:::20,000 to less than 30,000:::30,000 to less than 40,000:::40,000 to less than 50,000:::50,000 to less than 75,000:::75,000 to less than 100,000:::100,000 to less than 150,000:::150,000 or more",4.0,"40,000 to less than 50,000",2020-06-01 18:32:27
Soprano et al,Big-0,worker_196,True,unit_163,1.0,2020-06-01 18:34:23,0.0,start,False,crt,31.91,1.0,0.0,athletics,number,,,,4.0,,2020-06-01 18:34:23
Soprano et al,Big-0,worker_196,True,unit_163,1.0,2020-06-01 18:33:10,0.0,start,False,crt,43.44,1.0,0.0,farmers,number,,,,3.0,,2020-06-01 18:33:10
Soprano et al,Big-0,worker_196,True,unit_163,1.0,2020-06-01 18:32:27,0.0,start,False,standard,23.25,1.0,3.0,consideration,mcq,"In politics today, do you consider yourself a",0:::1:::2:::3,Republican:::Democrat:::Independent:::Something else,1.0,Democrat,2020-06-01 18:32:27
Soprano et al,Big-0,worker_196,True,unit_163,1.0,2020-06-01 18:32:27,0.0,start,False,standard,23.25,1.0,5.0,age,mcq,What is your age range?,0:::1:::2:::3:::4:::5,0-18:::19-25:::26-35:::36-50:::50-80:::80,2.0,26-35,2020-06-01 18:32:27
Soprano et al,Big-0,worker_196,True,unit_163,1.0,2020-06-01 18:32:27,0.0,start,False,standard,23.25,1.0,5.0,school,mcq,What is the highest level of school you have completed or the highest degree you have received?,0:::1:::2:::3:::4:::5,"High school incomplete or less:::High school graduate or GED (includes technical/vocational training that doesn’t towards college credit):::Some college (some community college, associate’s degree):::Four year college degree/bachelor’s degree:::Some postgraduate or professional schooling, no postgraduate degree:::Postgraduate or professional degree, including master’s, doctorate, medical or law degree",3.0,Four year college degree/bachelor’s degree,2020-06-01 18:32:27
Soprano et al,Big-0,worker_196,True,unit_163,1.0,2020-06-01 18:32:27,0.0,start,False,standard,23.25,1.0,2.0,southern_border,mcq,Should the U.S. build a wall along the southern border?,0:::1:::2,Agree:::Disagree:::No opinion either way,1.0,Disagree,2020-06-01 18:32:27
Soprano et al,Big-0,worker_196,True,unit_163,1.0,2020-06-01 18:32:27,0.0,start,False,standard,23.25,1.0,2.0,environment,mcq,Should the government increase environmental regulations to prevent climate change?,0:::1:::2,Agree:::Disagree:::No opinion either way,0.0,Agree,2020-06-01 18:32:27
Soprano et al,Big-0,worker_196,True,unit_163,1.0,2020-06-01 18:32:27,0.0,start,False,standard,23.25,1.0,4.0,political_views,mcq,"In general, would you describe your political views as",0:::1:::2:::3:::4,Very conservative:::Conservative:::Moderate:::Liberal:::Very liberal,2.0,Moderate,2020-06-01 18:32:27
Soprano et al,Big-0,worker_22,True,unit_101,1.0,2020-06-01 18:40:49,0.0,start,False,crt,9.52,1.0,0.0,marks,number,,,,9.0,,2020-06-01 18:40:49
Soprano et al,Big-0,worker_22,True,unit_101,1.0,2020-06-01 18:40:01,0.0,start,False,standard,18.54,1.0,2.0,environment,mcq,Should the government increase environmental regulations to prevent climate change?,0:::1:::2,Agree:::Disagree:::No opinion either way,0.0,Agree,2020-06-01 18:40:01
Soprano et al,Big-0,worker_22,True,unit_101,1.0,2020-06-01 18:40:01,0.0,start,False,standard,18.54,1.0,2.0,southern_border,mcq,Should the U.S. build a wall along the southern border?,0:::1:::2,Agree:::Disagree:::No opinion either way,1.0,Disagree,2020-06-01 18:40:01
Soprano et al,Big-0,worker_22,True,unit_101,1.0,2020-06-01 18:40:39,0.0,start,False,crt,38.31,1.0,0.0,farmers,number,,,,3.0,,2020-06-01 18:40:39
Soprano et al,Big-0,worker_22,True,unit_101,1.0,2020-06-01 18:40:01,0.0,start,False,standard,18.54,1.0,5.0,age,mcq,What is your age range?,0:::1:::2:::3:::4:::5,0-18:::19-25:::26-35:::36-50:::50-80:::80,1.0,19-25,2020-06-01 18:40:01
Soprano et al,Big-0,worker_22,True,unit_101,1.0,2020-06-01 18:40:01,0.0,start,False,standard,18.54,1.0,4.0,political_views,mcq,"In general, would you describe your political views as",0:::1:::2:::3:::4,Very conservative:::Conservative:::Moderate:::Liberal:::Very liberal,2.0,Moderate,2020-06-01 18:40:01
Soprano et al,Big-0,worker_22,True,unit_101,1.0,2020-06-01 18:40:01,0.0,start,False,standard,18.54,1.0,8.0,taxes,mcq,"Last year what was your total family income from all sources, before taxes?",0:::1:::2:::3:::4:::5:::6:::7:::8,"Less than 10,000:::10,000 to less than 20,000:::20,000 to less than 30,000:::30,000 to less than 40,000:::40,000 to less than 50,000:::50,000 to less than 75,000:::75,000 to less than 100,000:::100,000 to less than 150,000:::150,000 or more",5.0,"50,000 to less than 75,000",2020-06-01 18:40:01
Soprano et al,Big-0,worker_22,True,unit_101,1.0,2020-06-01 18:40:01,0.0,start,False,standard,18.54,1.0,5.0,school,mcq,What is the highest level of school you have completed or the highest degree you have received?,0:::1:::2:::3:::4:::5,"High school incomplete or less:::High school graduate or GED (includes technical/vocational training that doesn’t towards college credit):::Some college (some community college, associate’s degree):::Four year college degree/bachelor’s degree:::Some postgraduate or professional schooling, no postgraduate degree:::Postgraduate or professional degree, including master’s, doctorate, medical or law degree",4.0,"Some postgraduate or professional schooling, no postgraduate degree",2020-06-01 18:40:01
Soprano et al,Big-0,worker_130,True,unit_119,2.0,,0.0,start,False,standard,28.8,1.0,5.0,age,mcq,What is your age range?,0:::1:::2:::3:::4:::5,0-18:::19-25:::26-35:::36-50:::50-80:::80,2.0,26-35,
Soprano et al,Big-0,worker_22,True,unit_101,1.0,2020-06-01 18:40:01,0.0,start,False,standard,18.54,1.0,3.0,consideration,mcq,"In politics today, do you consider yourself a",0:::1:::2:::3,Republican:::Democrat:::Independent:::Something else,2.0,Independent,2020-06-01 18:40:01
Soprano et al,Big-0,worker_130,True,unit_119,2.0,,0.0,start,False,standard,28.8,1.0,8.0,taxes,mcq,"Last year what was your total family income from all sources, before taxes?",0:::1:::2:::3:::4:::5:::6:::7:::8,"Less than 10,000:::10,000 to less than 20,000:::20,000 to less than 30,000:::30,000 to less than 40,000:::40,000 to less than 50,000:::50,000 to less than 75,000:::75,000 to less than 100,000:::100,000 to less than 150,000:::150,000 or more",3.0,"30,000 to less than 40,000",
Soprano et al,Big-0,worker_130,True,unit_119,2.0,,0.0,start,False,standard,28.8,1.0,2.0,southern_border,mcq,Should the U.S. build a wall along the southern border?,0:::1:::2,Agree:::Disagree:::No opinion either way,0.0,Agree,
Soprano et al,Big-0,worker_130,True,unit_119,2.0,,0.0,start,False,standard,28.8,1.0,4.0,political_views,mcq,"In general, would you describe your political views as",0:::1:::2:::3:::4,Very conservative:::Conservative:::Moderate:::Liberal:::Very liberal,0.0,Very conservative,
Soprano et al,Big-0,worker_130,True,unit_119,2.0,,0.0,start,False,standard,28.8,1.0,5.0,school,mcq,What is the highest level of school you have completed or the highest degree you have received?,0:::1:::2:::3:::4:::5,"High school incomplete or less:::High school graduate or GED (includes technical/vocational training that doesn’t towards college credit):::Some college (some community college, associate’s degree):::Four year college degree/bachelor’s degree:::Some postgraduate or professional schooling, no postgraduate degree:::Postgraduate or professional degree, including master’s, doctorate, medical or law degree",5.0,"Postgraduate or professional degree, including master’s, doctorate, medical or law degree",
Soprano et al,Big-0,worker_130,True,unit_119,2.0,,0.0,start,False,crt,7.42,1.0,0.0,athletics,number,,,,4.0,,
Soprano et al,Big-0,worker_22,True,unit_101,1.0,2020-06-01 18:41:09,0.0,start,False,crt,20.35,1.0,0.0,athletics,number,,,,16.0,,2020-06-01 18:41:09
Soprano et al,Big-0,worker_130,True,unit_119,2.0,,0.0,start,False,standard,28.8,1.0,3.0,consideration,mcq,"In politics today, do you consider yourself a",0:::1:::2:::3,Republican:::Democrat:::Independent:::Something else,0.0,Republican,
Soprano et al,Big-0,worker_130,True,unit_119,2.0,,0.0,start,False,crt,23.23,1.0,0.0,farmers,number,,,,5.0,,
Soprano et al,Big-0,worker_130,True,unit_119,2.0,,0.0,start,False,standard,28.8,1.0,2.0,environment,mcq,Should the government increase environmental regulations to prevent climate change?,0:::1:::2,Agree:::Disagree:::No opinion either way,0.0,Agree,
Soprano et al,Big-0,worker_130,True,unit_119,2.0,,0.0,start,False,crt,9.98,1.0,0.0,marks,number,,,,4.0,,
Soprano et al,Big-0,worker_140,True,unit_193,1.0,2020-06-01 18:43:21,0.0,start,False,standard,30.25,1.0,5.0,school,mcq,What is the highest level of school you have completed or the highest degree you have received?,0:::1:::2:::3:::4:::5,"High school incomplete or less:::High school graduate or GED (includes technical/vocational training that doesn’t towards college credit):::Some college (some community college, associate’s degree):::Four year college degree/bachelor’s degree:::Some postgraduate or professional schooling, no postgraduate degree:::Postgraduate or professional degree, including master’s, doctorate, medical or law degree",4.0,"Some postgraduate or professional schooling, no postgraduate degree",2020-06-01 18:43:21
Soprano et al,Big-0,worker_140,True,unit_193,1.0,2020-06-01 18:43:21,0.0,start,False,standard,30.25,1.0,5.0,age,mcq,What is your age range?,0:::1:::2:::3:::4:::5,0-18:::19-25:::26-35:::36-50:::50-80:::80,2.0,26-35,2020-06-01 18:43:21
Soprano et al,Big-0,worker_140,True,unit_193,1.0,2020-06-01 18:43:21,0.0,start,False,standard,30.25,1.0,8.0,taxes,mcq,"Last year what was your total family income from all sources, before taxes?",0:::1:::2:::3:::4:::5:::6:::7:::8,"Less than 10,000:::10,000 to less than 20,000:::20,000 to less than 30,000:::30,000 to less than 40,000:::40,000 to less than 50,000:::50,000 to less than 75,000:::75,000 to less than 100,000:::100,000 to less than 150,000:::150,000 or more",5.0,"50,000 to less than 75,000",2020-06-01 18:43:21
Soprano et al,Big-0,worker_140,True,unit_193,1.0,2020-06-01 18:43:21,0.0,start,False,standard,30.25,1.0,3.0,consideration,mcq,"In politics today, do you consider yourself a",0:::1:::2:::3,Republican:::Democrat:::Independent:::Something else,1.0,Democrat,2020-06-01 18:43:21
Soprano et al,Big-0,worker_140,True,unit_193,1.0,2020-06-01 18:44:28,0.0,start,False,crt,28.43,1.0,0.0,athletics,number,,,,4.0,,2020-06-01 18:44:28
Soprano et al,Big-0,worker_140,True,unit_193,1.0,2020-06-01 18:43:21,0.0,start,False,standard,30.25,1.0,2.0,environment,mcq,Should the government increase environmental regulations to prevent climate change?,0:::1:::2,Agree:::Disagree:::No opinion either way,0.0,Agree,2020-06-01 18:43:21
Soprano et al,Big-0,worker_140,True,unit_193,1.0,2020-06-01 18:43:46,0.0,start,False,crt,25.44,1.0,0.0,farmers,number,,,,3.0,,2020-06-01 18:43:46
Soprano et al,Big-0,worker_140,True,unit_193,1.0,2020-06-01 18:43:21,0.0,start,False,standard,30.25,1.0,4.0,political_views,mcq,"In general, would you describe your political views as",0:::1:::2:::3:::4,Very conservative:::Conservative:::Moderate:::Liberal:::Very liberal,3.0,Liberal,2020-06-01 18:43:21
Soprano et al,Big-0,worker_140,True,unit_193,1.0,2020-06-01 18:43:59,0.0,start,False,crt,13.24,1.0,0.0,marks,number,,,,10.0,,2020-06-01 18:43:59
Soprano et al,Big-0,worker_140,True,unit_193,1.0,2020-06-01 18:43:21,0.0,start,False,standard,30.25,1.0,2.0,southern_border,mcq,Should the U.S. build a wall along the southern border?,0:::1:::2,Agree:::Disagree:::No opinion either way,1.0,Disagree,2020-06-01 18:43:21
Soprano et al,Big-0,worker_112,True,unit_33,1.0,2020-06-01 18:44:17,0.0,start,False,standard,31.71,1.0,2.0,environment,mcq,Should the government increase environmental regulations to prevent climate change?,0:::1:::2,Agree:::Disagree:::No opinion either way,1.0,Disagree,2020-06-01 18:44:17
Soprano et al,Big-0,worker_112,True,unit_33,1.0,2020-06-01 18:44:17,0.0,start,False,standard,31.71,1.0,5.0,age,mcq,What is your age range?,0:::1:::2:::3:::4:::5,0-18:::19-25:::26-35:::36-50:::50-80:::80,3.0,36-50,2020-06-01 18:44:17
Soprano et al,Big-0,worker_112,True,unit_33,1.0,2020-06-01 18:44:17,0.0,start,False,standard,31.71,1.0,8.0,taxes,mcq,"Last year what was your total family income from all sources, before taxes?",0:::1:::2:::3:::4:::5:::6:::7:::8,"Less than 10,000:::10,000 to less than 20,000:::20,000 to less than 30,000:::30,000 to less than 40,000:::40,000 to less than 50,000:::50,000 to less than 75,000:::75,000 to less than 100,000:::100,000 to less than 150,000:::150,000 or more",6.0,"75,000 to less than 100,000",2020-06-01 18:44:17
Soprano et al,Big-0,worker_112,True,unit_33,1.0,2020-06-01 18:45:02,0.0,start,False,crt,45.24,1.0,0.0,farmers,number,,,,3.0,,2020-06-01 18:45:02
Soprano et al,Big-0,worker_112,True,unit_33,1.0,2020-06-01 18:44:17,0.0,start,False,standard,31.71,1.0,5.0,school,mcq,What is the highest level of school you have completed or the highest degree you have received?,0:::1:::2:::3:::4:::5,"High school incomplete or less:::High school graduate or GED (includes technical/vocational training that doesn’t towards college credit):::Some college (some community college, associate’s degree):::Four year college degree/bachelor’s degree:::Some postgraduate or professional schooling, no postgraduate degree:::Postgraduate or professional degree, including master’s, doctorate, medical or law degree",5.0,"Postgraduate or professional degree, including master’s, doctorate, medical or law degree",2020-06-01 18:44:17
Soprano et al,Big-0,worker_112,True,unit_33,1.0,2020-06-01 18:44:17,0.0,start,False,standard,31.71,1.0,4.0,political_views,mcq,"In general, would you describe your political views as",0:::1:::2:::3:::4,Very conservative:::Conservative:::Moderate:::Liberal:::Very liberal,0.0,Very conservative,2020-06-01 18:44:17
Soprano et al,Big-0,worker_112,True,unit_33,1.0,2020-06-01 18:46:08,0.0,start,False,crt,33.07,1.0,0.0,athletics,number,,,,4.0,,2020-06-01 18:46:08
Soprano et al,Big-0,worker_112,True,unit_33,1.0,2020-06-01 18:45:34,0.0,start,False,crt,32.04,1.0,0.0,marks,number,,,,9.0,,2020-06-01 18:45:34
Soprano et al,Big-0,worker_112,True,unit_33,1.0,2020-06-01 18:44:17,0.0,start,False,standard,31.71,1.0,2.0,southern_border,mcq,Should the U.S. build a wall along the southern border?,0:::1:::2,Agree:::Disagree:::No opinion either way,0.0,Agree,2020-06-01 18:44:17
Soprano et al,Big-0,worker_112,True,unit_33,1.0,2020-06-01 18:44:17,0.0,start,False,standard,31.71,1.0,3.0,consideration,mcq,"In politics today, do you consider yourself a",0:::1:::2:::3,Republican:::Democrat:::Independent:::Something else,0.0,Republican,2020-06-01 18:44:17
Soprano et al,Big-0,worker_58,True,unit_35,1.0,2020-06-01 18:45:30,0.0,start,False,standard,18.31,1.0,4.0,political_views,mcq,"In general, would you describe your political views as",0:::1:::2:::3:::4,Very conservative:::Conservative:::Moderate:::Liberal:::Very liberal,1.0,Conservative,2020-06-01 18:45:30
Soprano et al,Big-0,worker_58,True,unit_35,1.0,2020-06-01 18:45:30,0.0,start,False,standard,18.31,1.0,5.0,age,mcq,What is your age range?,0:::1:::2:::3:::4:::5,0-18:::19-25:::26-35:::36-50:::50-80:::80,4.0,50-80,2020-06-01 18:45:30
Soprano et al,Big-0,worker_58,True,unit_35,1.0,2020-06-01 18:46:35,0.0,start,False,crt,22.15,1.0,0.0,athletics,number,,,,15.0,,2020-06-01 18:46:35
Soprano et al,Big-0,worker_58,True,unit_35,1.0,2020-06-01 18:45:30,0.0,start,False,standard,18.31,1.0,8.0,taxes,mcq,"Last year what was your total family income from all sources, before taxes?",0:::1:::2:::3:::4:::5:::6:::7:::8,"Less than 10,000:::10,000 to less than 20,000:::20,000 to less than 30,000:::30,000 to less than 40,000:::40,000 to less than 50,000:::50,000 to less than 75,000:::75,000 to less than 100,000:::100,000 to less than 150,000:::150,000 or more",5.0,"50,000 to less than 75,000",2020-06-01 18:45:30
Soprano et al,Big-0,worker_58,True,unit_35,1.0,2020-06-01 18:45:30,0.0,start,False,standard,18.31,1.0,3.0,consideration,mcq,"In politics today, do you consider yourself a",0:::1:::2:::3,Republican:::Democrat:::Independent:::Something else,0.0,Republican,2020-06-01 18:45:30
Soprano et al,Big-0,worker_58,True,unit_35,1.0,2020-06-01 18:45:30,0.0,start,False,standard,18.31,1.0,5.0,school,mcq,What is the highest level of school you have completed or the highest degree you have received?,0:::1:::2:::3:::4:::5,"High school incomplete or less:::High school graduate or GED (includes technical/vocational training that doesn’t towards college credit):::Some college (some community college, associate’s degree):::Four year college degree/bachelor’s degree:::Some postgraduate or professional schooling, no postgraduate degree:::Postgraduate or professional degree, including master’s, doctorate, medical or law degree",2.0,"Some college (some community college, associate’s degree)",2020-06-01 18:45:30
Soprano et al,Big-0,worker_58,True,unit_35,1.0,2020-06-01 18:45:30,0.0,start,False,standard,18.31,1.0,2.0,southern_border,mcq,Should the U.S. build a wall along the southern border?,0:::1:::2,Agree:::Disagree:::No opinion either way,0.0,Agree,2020-06-01 18:45:30
Soprano et al,Big-0,worker_58,True,unit_35,1.0,2020-06-01 18:45:30,0.0,start,False,standard,18.31,1.0,2.0,environment,mcq,Should the government increase environmental regulations to prevent climate change?,0:::1:::2,Agree:::Disagree:::No opinion either way,1.0,Disagree,2020-06-01 18:45:30
Soprano et al,Big-0,worker_58,True,unit_35,1.0,2020-06-01 18:46:04,0.0,start,False,crt,34.1,1.0,0.0,farmers,number,,,,3.0,,2020-06-01 18:46:04
Soprano et al,Big-0,worker_58,True,unit_35,1.0,2020-06-01 18:46:13,0.0,start,False,crt,9.35,1.0,0.0,marks,number,,,,10.0,,2020-06-01 18:46:13
Soprano et al,Big-0,worker_157,True,unit_197,1.0,2020-06-01 18:46:45,0.0,start,False,standard,35.45,1.0,3.0,consideration,mcq,"In politics today, do you consider yourself a",0:::1:::2:::3,Republican:::Democrat:::Independent:::Something else,1.0,Democrat,2020-06-01 18:46:45
Soprano et al,Big-0,worker_157,True,unit_197,1.0,2020-06-01 18:46:45,0.0,start,False,standard,35.45,1.0,5.0,school,mcq,What is the highest level of school you have completed or the highest degree you have received?,0:::1:::2:::3:::4:::5,"High school incomplete or less:::High school graduate or GED (includes technical/vocational training that doesn’t towards college credit):::Some college (some community college, associate’s degree):::Four year college degree/bachelor’s degree:::Some postgraduate or professional schooling, no postgraduate degree:::Postgraduate or professional degree, including master’s, doctorate, medical or law degree",4.0,"Some postgraduate or professional schooling, no postgraduate degree",2020-06-01 18:46:45
Soprano et al,Big-0,worker_157,True,unit_197,1.0,2020-06-01 18:46:45,0.0,start,False,standard,35.45,1.0,5.0,age,mcq,What is your age range?,0:::1:::2:::3:::4:::5,0-18:::19-25:::26-35:::36-50:::50-80:::80,2.0,26-35,2020-06-01 18:46:45
Soprano et al,Big-0,worker_157,True,unit_197,1.0,2020-06-01 18:46:45,0.0,start,False,standard,35.45,1.0,4.0,political_views,mcq,"In general, would you describe your political views as",0:::1:::2:::3:::4,Very conservative:::Conservative:::Moderate:::Liberal:::Very liberal,0.0,Very conservative,2020-06-01 18:46:45
Soprano et al,Big-0,worker_157,True,unit_197,1.0,2020-06-01 18:47:17,0.0,start,False,crt,31.96,1.0,0.0,farmers,number,,,,20.0,,2020-06-01 18:47:17
Soprano et al,Big-0,worker_157,True,unit_197,1.0,2020-06-01 18:47:49,0.0,start,False,crt,14.49,1.0,0.0,athletics,number,,,,21.0,,2020-06-01 18:47:49
Soprano et al,Big-0,worker_157,True,unit_197,1.0,2020-06-01 18:47:35,0.0,start,False,crt,18.06,1.0,0.0,marks,number,,,,36.0,,2020-06-01 18:47:35
Soprano et al,Big-0,worker_157,True,unit_197,1.0,2020-06-01 18:46:45,0.0,start,False,standard,35.45,1.0,2.0,environment,mcq,Should the government increase environmental regulations to prevent climate change?,0:::1:::2,Agree:::Disagree:::No opinion either way,0.0,Agree,2020-06-01 18:46:45
Soprano et al,Big-0,worker_157,True,unit_197,1.0,2020-06-01 18:46:45,0.0,start,False,standard,35.45,1.0,2.0,southern_border,mcq,Should the U.S. build a wall along the southern border?,0:::1:::2,Agree:::Disagree:::No opinion either way,0.0,Agree,2020-06-01 18:46:45
Soprano et al,Big-0,worker_157,True,unit_197,1.0,2020-06-01 18:46:45,0.0,start,False,standard,35.45,1.0,8.0,taxes,mcq,"Last year what was your total family income from all sources, before taxes?",0:::1:::2:::3:::4:::5:::6:::7:::8,"Less than 10,000:::10,000 to less than 20,000:::20,000 to less than 30,000:::30,000 to less than 40,000:::40,000 to less than 50,000:::50,000 to less than 75,000:::75,000 to less than 100,000:::100,000 to less than 150,000:::150,000 or more",3.0,"30,000 to less than 40,000",2020-06-01 18:46:45
Soprano et al,Big-0,worker_163,True,unit_17,1.0,2020-06-01 18:50:29,0.0,start,False,standard,34.68,1.0,5.0,school,mcq,What is the highest level of school you have completed or the highest degree you have received?,0:::1:::2:::3:::4:::5,"High school incomplete or less:::High school graduate or GED (includes technical/vocational training that doesn’t towards college credit):::Some college (some community college, associate’s degree):::Four year college degree/bachelor’s degree:::Some postgraduate or professional schooling, no postgraduate degree:::Postgraduate or professional degree, including master’s, doctorate, medical or law degree",5.0,"Postgraduate or professional degree, including master’s, doctorate, medical or law degree",2020-06-01 18:50:29
Soprano et al,Big-0,worker_163,True,unit_17,1.0,2020-06-01 18:50:29,0.0,start,False,standard,34.68,1.0,8.0,taxes,mcq,"Last year what was your total family income from all sources, before taxes?",0:::1:::2:::3:::4:::5:::6:::7:::8,"Less than 10,000:::10,000 to less than 20,000:::20,000 to less than 30,000:::30,000 to less than 40,000:::40,000 to less than 50,000:::50,000 to less than 75,000:::75,000 to less than 100,000:::100,000 to less than 150,000:::150,000 or more",5.0,"50,000 to less than 75,000",2020-06-01 18:50:29
Soprano et al,Big-0,worker_163,True,unit_17,1.0,2020-06-01 18:50:29,0.0,start,False,standard,34.68,1.0,5.0,age,mcq,What is your age range?,0:::1:::2:::3:::4:::5,0-18:::19-25:::26-35:::36-50:::50-80:::80,3.0,36-50,2020-06-01 18:50:29
Soprano et al,Big-0,worker_163,True,unit_17,1.0,2020-06-01 18:50:29,0.0,start,False,standard,34.68,1.0,2.0,southern_border,mcq,Should the U.S. build a wall along the southern border?,0:::1:::2,Agree:::Disagree:::No opinion either way,0.0,Agree,2020-06-01 18:50:29
Soprano et al,Big-0,worker_163,True,unit_17,1.0,2020-06-01 18:50:29,0.0,start,False,standard,34.68,1.0,4.0,political_views,mcq,"In general, would you describe your political views as",0:::1:::2:::3:::4,Very conservative:::Conservative:::Moderate:::Liberal:::Very liberal,0.0,Very conservative,2020-06-01 18:50:29
Soprano et al,Big-0,worker_163,True,unit_17,1.0,2020-06-01 18:52:56,0.0,start,False,crt,82.57,1.0,0.0,athletics,number,,,,4.0,,2020-06-01 18:52:56
Soprano et al,Big-0,worker_163,True,unit_17,1.0,2020-06-01 18:50:29,0.0,start,False,standard,34.68,1.0,2.0,environment,mcq,Should the government increase environmental regulations to prevent climate change?,0:::1:::2,Agree:::Disagree:::No opinion either way,0.0,Agree,2020-06-01 18:50:29
Soprano et al,Big-0,worker_163,True,unit_17,1.0,2020-06-01 18:51:05,0.0,start,False,crt,36.0,1.0,0.0,farmers,number,,,,3.0,,2020-06-01 18:51:05
Soprano et al,Big-0,worker_163,True,unit_17,1.0,2020-06-01 18:51:33,0.0,start,False,crt,27.76,1.0,0.0,marks,number,,,,9.0,,2020-06-01 18:51:33
Soprano et al,Big-0,worker_163,True,unit_17,1.0,2020-06-01 18:50:29,0.0,start,False,standard,34.68,1.0,3.0,consideration,mcq,"In politics today, do you consider yourself a",0:::1:::2:::3,Republican:::Democrat:::Independent:::Something else,0.0,Republican,2020-06-01 18:50:29
Soprano et al,Big-0,worker_150,True,unit_1,1.0,2020-06-01 18:55:56,0.0,start,False,standard,38.6,1.0,5.0,school,mcq,What is the highest level of school you have completed or the highest degree you have received?,0:::1:::2:::3:::4:::5,"High school incomplete or less:::High school graduate or GED (includes technical/vocational training that doesn’t towards college credit):::Some college (some community college, associate’s degree):::Four year college degree/bachelor’s degree:::Some postgraduate or professional schooling, no postgraduate degree:::Postgraduate or professional degree, including master’s, doctorate, medical or law degree",2.0,"Some college (some community college, associate’s degree)",2020-06-01 18:55:56
Soprano et al,Big-0,worker_150,True,unit_1,1.0,2020-06-01 18:55:56,0.0,start,False,standard,38.6,1.0,2.0,southern_border,mcq,Should the U.S. build a wall along the southern border?,0:::1:::2,Agree:::Disagree:::No opinion either way,1.0,Disagree,2020-06-01 18:55:56
Soprano et al,Big-0,worker_150,True,unit_1,1.0,2020-06-01 18:56:38,0.0,start,False,crt,23.91,1.0,0.0,marks,number,,,,9.0,,2020-06-01 18:56:38
Soprano et al,Big-0,worker_150,True,unit_1,1.0,2020-06-01 18:55:56,0.0,start,False,standard,38.6,1.0,5.0,age,mcq,What is your age range?,0:::1:::2:::3:::4:::5,0-18:::19-25:::26-35:::36-50:::50-80:::80,2.0,26-35,2020-06-01 18:55:56
Soprano et al,Big-0,worker_150,True,unit_1,1.0,2020-06-01 18:55:56,0.0,start,False,standard,38.6,1.0,8.0,taxes,mcq,"Last year what was your total family income from all sources, before taxes?",0:::1:::2:::3:::4:::5:::6:::7:::8,"Less than 10,000:::10,000 to less than 20,000:::20,000 to less than 30,000:::30,000 to less than 40,000:::40,000 to less than 50,000:::50,000 to less than 75,000:::75,000 to less than 100,000:::100,000 to less than 150,000:::150,000 or more",3.0,"30,000 to less than 40,000",2020-06-01 18:55:56
Soprano et al,Big-0,worker_150,True,unit_1,1.0,2020-06-01 18:55:56,0.0,start,False,standard,38.6,1.0,3.0,consideration,mcq,"In politics today, do you consider yourself a",0:::1:::2:::3,Republican:::Democrat:::Independent:::Something else,2.0,Independent,2020-06-01 18:55:56
Soprano et al,Big-0,worker_150,True,unit_1,1.0,2020-06-01 18:55:56,0.0,start,False,standard,38.6,1.0,2.0,environment,mcq,Should the government increase environmental regulations to prevent climate change?,0:::1:::2,Agree:::Disagree:::No opinion either way,0.0,Agree,2020-06-01 18:55:56
Soprano et al,Big-0,worker_150,True,unit_1,1.0,2020-06-01 18:56:14,0.0,start,False,crt,17.98,1.0,0.0,farmers,number,,,,1.0,,2020-06-01 18:56:14
Soprano et al,Big-0,worker_150,True,unit_1,1.0,2020-06-01 19:01:12,0.0,start,False,crt,274.19,1.0,0.0,athletics,number,,,,4.0,,2020-06-01 19:01:12
Soprano et al,Big-0,worker_150,True,unit_1,1.0,2020-06-01 18:55:56,0.0,start,False,standard,38.6,1.0,4.0,political_views,mcq,"In general, would you describe your political views as",0:::1:::2:::3:::4,Very conservative:::Conservative:::Moderate:::Liberal:::Very liberal,4.0,Very liberal,2020-06-01 18:55:56
Soprano et al,Big-0,worker_55,True,unit_7,1.0,2020-06-01 19:05:11,0.0,start,False,crt,14.92,1.0,0.0,farmers,number,,,,3.0,,2020-06-01 19:05:11
Soprano et al,Big-0,worker_55,True,unit_7,1.0,2020-06-01 19:05:50,0.0,start,False,crt,39.07,1.0,0.0,marks,number,,,,9.0,,2020-06-01 19:05:50
Soprano et al,Big-0,worker_55,True,unit_7,1.0,2020-06-01 19:04:56,0.0,start,False,standard,28.97,1.0,3.0,consideration,mcq,"In politics today, do you consider yourself a",0:::1:::2:::3,Republican:::Democrat:::Independent:::Something else,1.0,Democrat,2020-06-01 19:04:56
Soprano et al,Big-0,worker_55,True,unit_7,1.0,2020-06-01 19:04:56,0.0,start,False,standard,28.97,1.0,5.0,age,mcq,What is your age range?,0:::1:::2:::3:::4:::5,0-18:::19-25:::26-35:::36-50:::50-80:::80,4.0,50-80,2020-06-01 19:04:56
Soprano et al,Big-0,worker_55,True,unit_7,1.0,2020-06-01 19:04:56,0.0,start,False,standard,28.97,1.0,2.0,environment,mcq,Should the government increase environmental regulations to prevent climate change?,0:::1:::2,Agree:::Disagree:::No opinion either way,0.0,Agree,2020-06-01 19:04:56
Soprano et al,Big-0,worker_55,True,unit_7,1.0,2020-06-01 19:04:56,0.0,start,False,standard,28.97,1.0,8.0,taxes,mcq,"Last year what was your total family income from all sources, before taxes?",0:::1:::2:::3:::4:::5:::6:::7:::8,"Less than 10,000:::10,000 to less than 20,000:::20,000 to less than 30,000:::30,000 to less than 40,000:::40,000 to less than 50,000:::50,000 to less than 75,000:::75,000 to less than 100,000:::100,000 to less than 150,000:::150,000 or more",7.0,"100,000 to less than 150,000",2020-06-01 19:04:56
Soprano et al,Big-0,worker_55,True,unit_7,1.0,2020-06-01 19:06:21,0.0,start,False,crt,30.9,1.0,0.0,athletics,number,,,,4.0,,2020-06-01 19:06:21
Soprano et al,Big-0,worker_55,True,unit_7,1.0,2020-06-01 19:04:56,0.0,start,False,standard,28.97,1.0,5.0,school,mcq,What is the highest level of school you have completed or the highest degree you have received?,0:::1:::2:::3:::4:::5,"High school incomplete or less:::High school graduate or GED (includes technical/vocational training that doesn’t towards college credit):::Some college (some community college, associate’s degree):::Four year college degree/bachelor’s degree:::Some postgraduate or professional schooling, no postgraduate degree:::Postgraduate or professional degree, including master’s, doctorate, medical or law degree",5.0,"Postgraduate or professional degree, including master’s, doctorate, medical or law degree",2020-06-01 19:04:56
Soprano et al,Big-0,worker_55,True,unit_7,1.0,2020-06-01 19:04:56,0.0,start,False,standard,28.97,1.0,4.0,political_views,mcq,"In general, would you describe your political views as",0:::1:::2:::3:::4,Very conservative:::Conservative:::Moderate:::Liberal:::Very liberal,4.0,Very liberal,2020-06-01 19:04:56
Soprano et al,Big-0,worker_55,True,unit_7,1.0,2020-06-01 19:04:56,0.0,start,False,standard,28.97,1.0,2.0,southern_border,mcq,Should the U.S. build a wall along the southern border?,0:::1:::2,Agree:::Disagree:::No opinion either way,1.0,Disagree,2020-06-01 19:04:56
Soprano et al,Big-0,worker_164,True,unit_59,1.0,2020-06-01 19:05:57,0.0,start,False,standard,62.53,1.0,4.0,political_views,mcq,"In general, would you describe your political views as",0:::1:::2:::3:::4,Very conservative:::Conservative:::Moderate:::Liberal:::Very liberal,2.0,Moderate,2020-06-01 19:05:57
Soprano et al,Big-0,worker_164,True,unit_59,1.0,2020-06-01 19:05:57,0.0,start,False,standard,62.53,1.0,5.0,age,mcq,What is your age range?,0:::1:::2:::3:::4:::5,0-18:::19-25:::26-35:::36-50:::50-80:::80,2.0,26-35,2020-06-01 19:05:57
Soprano et al,Big-0,worker_164,True,unit_59,1.0,2020-06-01 19:06:45,0.0,start,False,crt,21.64,1.0,0.0,marks,number,,,,9.0,,2020-06-01 19:06:45
Soprano et al,Big-0,worker_164,True,unit_59,1.0,2020-06-01 19:05:57,0.0,start,False,standard,62.53,1.0,3.0,consideration,mcq,"In politics today, do you consider yourself a",0:::1:::2:::3,Republican:::Democrat:::Independent:::Something else,2.0,Independent,2020-06-01 19:05:57
Soprano et al,Big-0,worker_164,True,unit_59,1.0,2020-06-01 19:06:24,0.0,start,False,crt,26.59,1.0,0.0,farmers,number,,,,9.0,,2020-06-01 19:06:24
Soprano et al,Big-0,worker_164,True,unit_59,1.0,2020-06-01 19:05:57,0.0,start,False,standard,62.53,1.0,2.0,environment,mcq,Should the government increase environmental regulations to prevent climate change?,0:::1:::2,Agree:::Disagree:::No opinion either way,1.0,Disagree,2020-06-01 19:05:57
Soprano et al,Big-0,worker_164,True,unit_59,1.0,2020-06-01 19:08:08,0.0,start,False,crt,82.35,1.0,0.0,athletics,number,,,,4.0,,2020-06-01 19:08:08
Soprano et al,Big-0,worker_164,True,unit_59,1.0,2020-06-01 19:05:57,0.0,start,False,standard,62.53,1.0,8.0,taxes,mcq,"Last year what was your total family income from all sources, before taxes?",0:::1:::2:::3:::4:::5:::6:::7:::8,"Less than 10,000:::10,000 to less than 20,000:::20,000 to less than 30,000:::30,000 to less than 40,000:::40,000 to less than 50,000:::50,000 to less than 75,000:::75,000 to less than 100,000:::100,000 to less than 150,000:::150,000 or more",6.0,"75,000 to less than 100,000",2020-06-01 19:05:57
Soprano et al,Big-0,worker_164,True,unit_59,1.0,2020-06-01 19:05:57,0.0,start,False,standard,62.53,1.0,5.0,school,mcq,What is the highest level of school you have completed or the highest degree you have received?,0:::1:::2:::3:::4:::5,"High school incomplete or less:::High school graduate or GED (includes technical/vocational training that doesn’t towards college credit):::Some college (some community college, associate’s degree):::Four year college degree/bachelor’s degree:::Some postgraduate or professional schooling, no postgraduate degree:::Postgraduate or professional degree, including master’s, doctorate, medical or law degree",3.0,Four year college degree/bachelor’s degree,2020-06-01 19:05:57
Soprano et al,Big-0,worker_164,True,unit_59,1.0,2020-06-01 19:05:57,0.0,start,False,standard,62.53,1.0,2.0,southern_border,mcq,Should the U.S. build a wall along the southern border?,0:::1:::2,Agree:::Disagree:::No opinion either way,0.0,Agree,2020-06-01 19:05:57
Soprano et al,Big-0,worker_126,True,unit_175,1.0,2020-06-01 19:19:38,0.0,start,False,standard,26.14,1.0,2.0,environment,mcq,Should the government increase environmental regulations to prevent climate change?,0:::1:::2,Agree:::Disagree:::No opinion either way,1.0,Disagree,2020-06-01 19:19:38
Soprano et al,Big-0,worker_126,True,unit_175,1.0,2020-06-01 19:19:38,0.0,start,False,standard,26.14,1.0,5.0,age,mcq,What is your age range?,0:::1:::2:::3:::4:::5,0-18:::19-25:::26-35:::36-50:::50-80:::80,2.0,26-35,2020-06-01 19:19:38
Soprano et al,Big-0,worker_126,True,unit_175,1.0,2020-06-01 19:20:23,0.0,start,False,crt,12.82,1.0,0.0,marks,number,,,,5.0,,2020-06-01 19:20:23
Soprano et al,Big-0,worker_126,True,unit_175,1.0,2020-06-01 19:20:10,0.0,start,False,crt,32.09,1.0,0.0,farmers,number,,,,1.0,,2020-06-01 19:20:10
Soprano et al,Big-0,worker_126,True,unit_175,1.0,2020-06-01 19:21:04,0.0,start,False,crt,41.12,1.0,0.0,athletics,number,,,,4.0,,2020-06-01 19:21:04
Soprano et al,Big-0,worker_126,True,unit_175,1.0,2020-06-01 19:19:38,0.0,start,False,standard,26.14,1.0,2.0,southern_border,mcq,Should the U.S. build a wall along the southern border?,0:::1:::2,Agree:::Disagree:::No opinion either way,0.0,Agree,2020-06-01 19:19:38
Soprano et al,Big-0,worker_126,True,unit_175,1.0,2020-06-01 19:19:38,0.0,start,False,standard,26.14,1.0,4.0,political_views,mcq,"In general, would you describe your political views as",0:::1:::2:::3:::4,Very conservative:::Conservative:::Moderate:::Liberal:::Very liberal,0.0,Very conservative,2020-06-01 19:19:38
Soprano et al,Big-0,worker_126,True,unit_175,1.0,2020-06-01 19:19:38,0.0,start,False,standard,26.14,1.0,5.0,school,mcq,What is the highest level of school you have completed or the highest degree you have received?,0:::1:::2:::3:::4:::5,"High school incomplete or less:::High school graduate or GED (includes technical/vocational training that doesn’t towards college credit):::Some college (some community college, associate’s degree):::Four year college degree/bachelor’s degree:::Some postgraduate or professional schooling, no postgraduate degree:::Postgraduate or professional degree, including master’s, doctorate, medical or law degree",3.0,Four year college degree/bachelor’s degree,2020-06-01 19:19:38
Soprano et al,Big-0,worker_126,True,unit_175,1.0,2020-06-01 19:19:38,0.0,start,False,standard,26.14,1.0,8.0,taxes,mcq,"Last year what was your total family income from all sources, before taxes?",0:::1:::2:::3:::4:::5:::6:::7:::8,"Less than 10,000:::10,000 to less than 20,000:::20,000 to less than 30,000:::30,000 to less than 40,000:::40,000 to less than 50,000:::50,000 to less than 75,000:::75,000 to less than 100,000:::100,000 to less than 150,000:::150,000 or more",4.0,"40,000 to less than 50,000",2020-06-01 19:19:38
Soprano et al,Big-0,worker_126,True,unit_175,1.0,2020-06-01 19:19:38,0.0,start,False,standard,26.14,1.0,3.0,consideration,mcq,"In politics today, do you consider yourself a",0:::1:::2:::3,Republican:::Democrat:::Independent:::Something else,0.0,Republican,2020-06-01 19:19:38
Soprano et al,Big-0,worker_137,True,unit_107,1.0,2020-06-01 19:25:12,0.0,start,False,standard,13.97,1.0,8.0,taxes,mcq,"Last year what was your total family income from all sources, before taxes?",0:::1:::2:::3:::4:::5:::6:::7:::8,"Less than 10,000:::10,000 to less than 20,000:::20,000 to less than 30,000:::30,000 to less than 40,000:::40,000 to less than 50,000:::50,000 to less than 75,000:::75,000 to less than 100,000:::100,000 to less than 150,000:::150,000 or more",6.0,"75,000 to less than 100,000",2020-06-01 19:25:12
Soprano et al,Big-0,worker_137,True,unit_107,1.0,2020-06-01 19:26:11,0.0,start,False,crt,30.81,1.0,0.0,athletics,number,,,,8.0,,2020-06-01 19:26:11
Soprano et al,Big-0,worker_137,True,unit_107,1.0,2020-06-01 19:25:12,0.0,start,False,standard,13.97,1.0,5.0,school,mcq,What is the highest level of school you have completed or the highest degree you have received?,0:::1:::2:::3:::4:::5,"High school incomplete or less:::High school graduate or GED (includes technical/vocational training that doesn’t towards college credit):::Some college (some community college, associate’s degree):::Four year college degree/bachelor’s degree:::Some postgraduate or professional schooling, no postgraduate degree:::Postgraduate or professional degree, including master’s, doctorate, medical or law degree",3.0,Four year college degree/bachelor’s degree,2020-06-01 19:25:12
Soprano et al,Big-0,worker_137,True,unit_107,1.0,2020-06-01 19:25:12,0.0,start,False,standard,13.97,1.0,5.0,age,mcq,What is your age range?,0:::1:::2:::3:::4:::5,0-18:::19-25:::26-35:::36-50:::50-80:::80,1.0,19-25,2020-06-01 19:25:12
Soprano et al,Big-0,worker_137,True,unit_107,1.0,2020-06-01 19:25:12,0.0,start,False,standard,13.97,1.0,4.0,political_views,mcq,"In general, would you describe your political views as",0:::1:::2:::3:::4,Very conservative:::Conservative:::Moderate:::Liberal:::Very liberal,2.0,Moderate,2020-06-01 19:25:12
Soprano et al,Big-0,worker_137,True,unit_107,1.0,2020-06-01 19:25:12,0.0,start,False,standard,13.97,1.0,2.0,southern_border,mcq,Should the U.S. build a wall along the southern border?,0:::1:::2,Agree:::Disagree:::No opinion either way,0.0,Agree,2020-06-01 19:25:12
Soprano et al,Big-0,worker_137,True,unit_107,1.0,2020-06-01 19:25:40,0.0,start,False,crt,5.57,1.0,0.0,marks,number,,,,11.0,,2020-06-01 19:25:40
Soprano et al,Big-0,worker_137,True,unit_107,1.0,2020-06-01 19:25:12,0.0,start,False,standard,13.97,1.0,3.0,consideration,mcq,"In politics today, do you consider yourself a",0:::1:::2:::3,Republican:::Democrat:::Independent:::Something else,0.0,Republican,2020-06-01 19:25:12
Soprano et al,Big-0,worker_137,True,unit_107,1.0,2020-06-01 19:25:12,0.0,start,False,standard,13.97,1.0,2.0,environment,mcq,Should the government increase environmental regulations to prevent climate change?,0:::1:::2,Agree:::Disagree:::No opinion either way,0.0,Agree,2020-06-01 19:25:12
Soprano et al,Big-0,worker_137,True,unit_107,1.0,2020-06-01 19:25:35,0.0,start,False,crt,22.45,1.0,0.0,farmers,number,,,,9.0,,2020-06-01 19:25:35
Soprano et al,Big-0,worker_39,True,unit_155,1.0,2020-06-01 19:49:34,0.0,start,False,standard,18.14,1.0,8.0,taxes,mcq,"Last year what was your total family income from all sources, before taxes?",0:::1:::2:::3:::4:::5:::6:::7:::8,"Less than 10,000:::10,000 to less than 20,000:::20,000 to less than 30,000:::30,000 to less than 40,000:::40,000 to less than 50,000:::50,000 to less than 75,000:::75,000 to less than 100,000:::100,000 to less than 150,000:::150,000 or more",1.0,"10,000 to less than 20,000",2020-06-01 19:49:34
Soprano et al,Big-0,worker_39,True,unit_155,1.0,2020-06-01 19:50:36,0.0,start,False,crt,19.12,1.0,0.0,marks,number,,,,9.0,,2020-06-01 19:50:36
Soprano et al,Big-0,worker_39,True,unit_155,1.0,2020-06-01 19:49:34,0.0,start,False,standard,18.14,1.0,4.0,political_views,mcq,"In general, would you describe your political views as",0:::1:::2:::3:::4,Very conservative:::Conservative:::Moderate:::Liberal:::Very liberal,3.0,Liberal,2020-06-01 19:49:34
Soprano et al,Big-0,worker_39,True,unit_155,1.0,2020-06-01 19:49:34,0.0,start,False,standard,18.14,1.0,5.0,school,mcq,What is the highest level of school you have completed or the highest degree you have received?,0:::1:::2:::3:::4:::5,"High school incomplete or less:::High school graduate or GED (includes technical/vocational training that doesn’t towards college credit):::Some college (some community college, associate’s degree):::Four year college degree/bachelor’s degree:::Some postgraduate or professional schooling, no postgraduate degree:::Postgraduate or professional degree, including master’s, doctorate, medical or law degree",3.0,Four year college degree/bachelor’s degree,2020-06-01 19:49:34
Soprano et al,Big-0,worker_39,True,unit_155,1.0,2020-06-01 19:49:34,0.0,start,False,standard,18.14,1.0,3.0,consideration,mcq,"In politics today, do you consider yourself a",0:::1:::2:::3,Republican:::Democrat:::Independent:::Something else,1.0,Democrat,2020-06-01 19:49:34
Soprano et al,Big-0,worker_39,True,unit_155,1.0,2020-06-01 19:49:34,0.0,start,False,standard,18.14,1.0,5.0,age,mcq,What is your age range?,0:::1:::2:::3:::4:::5,0-18:::19-25:::26-35:::36-50:::50-80:::80,2.0,26-35,2020-06-01 19:49:34
Soprano et al,Big-0,worker_39,True,unit_155,1.0,2020-06-01 19:49:34,0.0,start,False,standard,18.14,1.0,2.0,environment,mcq,Should the government increase environmental regulations to prevent climate change?,0:::1:::2,Agree:::Disagree:::No opinion either way,0.0,Agree,2020-06-01 19:49:34
Soprano et al,Big-0,worker_39,True,unit_155,1.0,2020-06-01 19:50:17,0.0,start,False,crt,43.53,1.0,0.0,farmers,number,,,,3.0,,2020-06-01 19:50:17
Soprano et al,Big-0,worker_39,True,unit_155,1.0,2020-06-01 19:51:53,0.0,start,False,crt,76.97,1.0,0.0,athletics,number,,,,4.0,,2020-06-01 19:51:53
Soprano et al,Big-0,worker_39,True,unit_155,1.0,2020-06-01 19:49:34,0.0,start,False,standard,18.14,1.0,2.0,southern_border,mcq,Should the U.S. build a wall along the southern border?,0:::1:::2,Agree:::Disagree:::No opinion either way,1.0,Disagree,2020-06-01 19:49:34
Soprano et al,Big-0,worker_45,True,unit_97,1.0,2020-06-01 20:06:21,0.0,start,False,crt,186.63,1.0,0.0,marks,number,,,,9.0,,2020-06-01 20:06:21
Soprano et al,Big-0,worker_45,True,unit_97,1.0,2020-06-01 20:00:15,0.0,start,False,standard,18.19,1.0,5.0,age,mcq,What is your age range?,0:::1:::2:::3:::4:::5,0-18:::19-25:::26-35:::36-50:::50-80:::80,2.0,26-35,2020-06-01 20:00:15
Soprano et al,Big-0,worker_45,True,unit_97,1.0,2020-06-01 20:00:15,0.0,start,False,standard,18.19,1.0,3.0,consideration,mcq,"In politics today, do you consider yourself a",0:::1:::2:::3,Republican:::Democrat:::Independent:::Something else,1.0,Democrat,2020-06-01 20:00:15
Soprano et al,Big-0,worker_45,True,unit_97,1.0,2020-06-01 20:00:15,0.0,start,False,standard,18.19,1.0,5.0,school,mcq,What is the highest level of school you have completed or the highest degree you have received?,0:::1:::2:::3:::4:::5,"High school incomplete or less:::High school graduate or GED (includes technical/vocational training that doesn’t towards college credit):::Some college (some community college, associate’s degree):::Four year college degree/bachelor’s degree:::Some postgraduate or professional schooling, no postgraduate degree:::Postgraduate or professional degree, including master’s, doctorate, medical or law degree",3.0,Four year college degree/bachelor’s degree,2020-06-01 20:00:15
Soprano et al,Big-0,worker_45,True,unit_97,1.0,2020-06-01 20:08:27,0.0,start,False,crt,125.76,1.0,0.0,athletics,number,,,,4.0,,2020-06-01 20:08:27
Soprano et al,Big-0,worker_45,True,unit_97,1.0,2020-06-01 20:00:15,0.0,start,False,standard,18.19,1.0,4.0,political_views,mcq,"In general, would you describe your political views as",0:::1:::2:::3:::4,Very conservative:::Conservative:::Moderate:::Liberal:::Very liberal,4.0,Very liberal,2020-06-01 20:00:15
Soprano et al,Big-0,worker_45,True,unit_97,1.0,2020-06-01 20:03:15,0.0,start,False,crt,179.92,1.0,0.0,farmers,number,,,,3.0,,2020-06-01 20:03:15
Soprano et al,Big-0,worker_45,True,unit_97,1.0,2020-06-01 20:00:15,0.0,start,False,standard,18.19,1.0,2.0,environment,mcq,Should the government increase environmental regulations to prevent climate change?,0:::1:::2,Agree:::Disagree:::No opinion either way,0.0,Agree,2020-06-01 20:00:15
Soprano et al,Big-0,worker_45,True,unit_97,1.0,2020-06-01 20:00:15,0.0,start,False,standard,18.19,1.0,2.0,southern_border,mcq,Should the U.S. build a wall along the southern border?,0:::1:::2,Agree:::Disagree:::No opinion either way,1.0,Disagree,2020-06-01 20:00:15
Soprano et al,Big-0,worker_45,True,unit_97,1.0,2020-06-01 20:00:15,0.0,start,False,standard,18.19,1.0,8.0,taxes,mcq,"Last year what was your total family income from all sources, before taxes?",0:::1:::2:::3:::4:::5:::6:::7:::8,"Less than 10,000:::10,000 to less than 20,000:::20,000 to less than 30,000:::30,000 to less than 40,000:::40,000 to less than 50,000:::50,000 to less than 75,000:::75,000 to less than 100,000:::100,000 to less than 150,000:::150,000 or more",2.0,"20,000 to less than 30,000",2020-06-01 20:00:15
Soprano et al,Big-0,worker_77,True,unit_131,1.0,2020-06-01 20:04:17,0.0,start,False,crt,57.09,1.0,0.0,athletics,number,,,,1.0,,2020-06-01 20:04:17
Soprano et al,Big-0,worker_77,True,unit_131,1.0,2020-06-01 20:01:52,0.0,start,False,standard,54.57,1.0,4.0,political_views,mcq,"In general, would you describe your political views as",0:::1:::2:::3:::4,Very conservative:::Conservative:::Moderate:::Liberal:::Very liberal,2.0,Moderate,2020-06-01 20:01:52
Soprano et al,Big-0,worker_77,True,unit_131,1.0,2020-06-01 20:01:52,0.0,start,False,standard,54.57,1.0,5.0,age,mcq,What is your age range?,0:::1:::2:::3:::4:::5,0-18:::19-25:::26-35:::36-50:::50-80:::80,1.0,19-25,2020-06-01 20:01:52
Soprano et al,Big-0,worker_77,True,unit_131,1.0,2020-06-01 20:01:52,0.0,start,False,standard,54.57,1.0,5.0,school,mcq,What is the highest level of school you have completed or the highest degree you have received?,0:::1:::2:::3:::4:::5,"High school incomplete or less:::High school graduate or GED (includes technical/vocational training that doesn’t towards college credit):::Some college (some community college, associate’s degree):::Four year college degree/bachelor’s degree:::Some postgraduate or professional schooling, no postgraduate degree:::Postgraduate or professional degree, including master’s, doctorate, medical or law degree",3.0,Four year college degree/bachelor’s degree,2020-06-01 20:01:52
Soprano et al,Big-0,worker_77,True,unit_131,1.0,2020-06-01 20:01:52,0.0,start,False,standard,54.57,1.0,8.0,taxes,mcq,"Last year what was your total family income from all sources, before taxes?",0:::1:::2:::3:::4:::5:::6:::7:::8,"Less than 10,000:::10,000 to less than 20,000:::20,000 to less than 30,000:::30,000 to less than 40,000:::40,000 to less than 50,000:::50,000 to less than 75,000:::75,000 to less than 100,000:::100,000 to less than 150,000:::150,000 or more",3.0,"30,000 to less than 40,000",2020-06-01 20:01:52
Soprano et al,Big-0,worker_77,True,unit_131,1.0,2020-06-01 20:03:20,0.0,start,False,crt,34.73,1.0,0.0,marks,number,,,,1.0,,2020-06-01 20:03:20
Soprano et al,Big-0,worker_77,True,unit_131,1.0,2020-06-01 20:01:52,0.0,start,False,standard,54.57,1.0,2.0,southern_border,mcq,Should the U.S. build a wall along the southern border?,0:::1:::2,Agree:::Disagree:::No opinion either way,0.0,Agree,2020-06-01 20:01:52
Soprano et al,Big-0,worker_77,True,unit_131,1.0,2020-06-01 20:01:52,0.0,start,False,standard,54.57,1.0,2.0,environment,mcq,Should the government increase environmental regulations to prevent climate change?,0:::1:::2,Agree:::Disagree:::No opinion either way,0.0,Agree,2020-06-01 20:01:52
Soprano et al,Big-0,worker_77,True,unit_131,1.0,2020-06-01 20:02:45,0.0,start,False,crt,53.23,1.0,0.0,farmers,number,,,,3.0,,2020-06-01 20:02:45
Soprano et al,Big-0,worker_77,True,unit_131,1.0,2020-06-01 20:01:52,0.0,start,False,standard,54.57,1.0,3.0,consideration,mcq,"In politics today, do you consider yourself a",0:::1:::2:::3,Republican:::Democrat:::Independent:::Something else,1.0,Democrat,2020-06-01 20:01:52
Soprano et al,Big-0,worker_162,True,unit_139,1.0,2020-06-01 20:16:56,0.0,start,False,crt,27.11,1.0,0.0,athletics,number,,,,5.0,,2020-06-01 20:16:56
Soprano et al,Big-0,worker_162,True,unit_139,1.0,2020-06-01 20:15:55,0.0,start,False,standard,20.68,1.0,3.0,consideration,mcq,"In politics today, do you consider yourself a",0:::1:::2:::3,Republican:::Democrat:::Independent:::Something else,1.0,Democrat,2020-06-01 20:15:55
Soprano et al,Big-0,worker_162,True,unit_139,1.0,2020-06-01 20:15:55,0.0,start,False,standard,20.68,1.0,2.0,southern_border,mcq,Should the U.S. build a wall along the southern border?,0:::1:::2,Agree:::Disagree:::No opinion either way,1.0,Disagree,2020-06-01 20:15:55
Soprano et al,Big-0,worker_162,True,unit_139,1.0,2020-06-01 20:15:55,0.0,start,False,standard,20.68,1.0,2.0,environment,mcq,Should the government increase environmental regulations to prevent climate change?,0:::1:::2,Agree:::Disagree:::No opinion either way,0.0,Agree,2020-06-01 20:15:55
Soprano et al,Big-0,worker_162,True,unit_139,1.0,2020-06-01 20:15:55,0.0,start,False,standard,20.68,1.0,8.0,taxes,mcq,"Last year what was your total family income from all sources, before taxes?",0:::1:::2:::3:::4:::5:::6:::7:::8,"Less than 10,000:::10,000 to less than 20,000:::20,000 to less than 30,000:::30,000 to less than 40,000:::40,000 to less than 50,000:::50,000 to less than 75,000:::75,000 to less than 100,000:::100,000 to less than 150,000:::150,000 or more",1.0,"10,000 to less than 20,000",2020-06-01 20:15:55
Soprano et al,Big-0,worker_162,True,unit_139,1.0,2020-06-01 20:16:29,0.0,start,False,crt,17.34,1.0,0.0,marks,number,,,,1.0,,2020-06-01 20:16:29
Soprano et al,Big-0,worker_162,True,unit_139,1.0,2020-06-01 20:15:55,0.0,start,False,standard,20.68,1.0,5.0,school,mcq,What is the highest level of school you have completed or the highest degree you have received?,0:::1:::2:::3:::4:::5,"High school incomplete or less:::High school graduate or GED (includes technical/vocational training that doesn’t towards college credit):::Some college (some community college, associate’s degree):::Four year college degree/bachelor’s degree:::Some postgraduate or professional schooling, no postgraduate degree:::Postgraduate or professional degree, including master’s, doctorate, medical or law degree",3.0,Four year college degree/bachelor’s degree,2020-06-01 20:15:55
Soprano et al,Big-0,worker_162,True,unit_139,1.0,2020-06-01 20:15:55,0.0,start,False,standard,20.68,1.0,4.0,political_views,mcq,"In general, would you describe your political views as",0:::1:::2:::3:::4,Very conservative:::Conservative:::Moderate:::Liberal:::Very liberal,4.0,Very liberal,2020-06-01 20:15:55
Soprano et al,Big-0,worker_162,True,unit_139,1.0,2020-06-01 20:15:55,0.0,start,False,standard,20.68,1.0,5.0,age,mcq,What is your age range?,0:::1:::2:::3:::4:::5,0-18:::19-25:::26-35:::36-50:::50-80:::80,2.0,26-35,2020-06-01 20:15:55
Soprano et al,Big-0,worker_162,True,unit_139,1.0,2020-06-01 20:16:12,0.0,start,False,crt,16.61,1.0,0.0,farmers,number,,,,3.0,,2020-06-01 20:16:12
Soprano et al,Big-0,worker_41,True,unit_133,1.0,2020-06-01 20:20:03,0.0,start,False,standard,14.79,1.0,2.0,environment,mcq,Should the government increase environmental regulations to prevent climate change?,0:::1:::2,Agree:::Disagree:::No opinion either way,0.0,Agree,2020-06-01 20:20:03
Soprano et al,Big-0,worker_41,True,unit_133,1.0,2020-06-01 20:20:16,0.0,start,False,crt,12.91,1.0,0.0,farmers,number,,,,9.0,,2020-06-01 20:20:16
Soprano et al,Big-0,worker_41,True,unit_133,1.0,2020-06-01 20:20:03,0.0,start,False,standard,14.79,1.0,2.0,southern_border,mcq,Should the U.S. build a wall along the southern border?,0:::1:::2,Agree:::Disagree:::No opinion either way,1.0,Disagree,2020-06-01 20:20:03
Soprano et al,Big-0,worker_41,True,unit_133,1.0,2020-06-01 20:20:03,0.0,start,False,standard,14.79,1.0,3.0,consideration,mcq,"In politics today, do you consider yourself a",0:::1:::2:::3,Republican:::Democrat:::Independent:::Something else,1.0,Democrat,2020-06-01 20:20:03
Soprano et al,Big-0,worker_41,True,unit_133,1.0,2020-06-01 20:20:03,0.0,start,False,standard,14.79,1.0,4.0,political_views,mcq,"In general, would you describe your political views as",0:::1:::2:::3:::4,Very conservative:::Conservative:::Moderate:::Liberal:::Very liberal,3.0,Liberal,2020-06-01 20:20:03
Soprano et al,Big-0,worker_41,True,unit_133,1.0,2020-06-01 20:20:03,0.0,start,False,standard,14.79,1.0,5.0,school,mcq,What is the highest level of school you have completed or the highest degree you have received?,0:::1:::2:::3:::4:::5,"High school incomplete or less:::High school graduate or GED (includes technical/vocational training that doesn’t towards college credit):::Some college (some community college, associate’s degree):::Four year college degree/bachelor’s degree:::Some postgraduate or professional schooling, no postgraduate degree:::Postgraduate or professional degree, including master’s, doctorate, medical or law degree",3.0,Four year college degree/bachelor’s degree,2020-06-01 20:20:03
Soprano et al,Big-0,worker_41,True,unit_133,1.0,2020-06-01 20:20:03,0.0,start,False,standard,14.79,1.0,5.0,age,mcq,What is your age range?,0:::1:::2:::3:::4:::5,0-18:::19-25:::26-35:::36-50:::50-80:::80,1.0,19-25,2020-06-01 20:20:03
Soprano et al,Big-0,worker_41,True,unit_133,1.0,2020-06-01 20:20:29,0.0,start,False,crt,6.52,1.0,0.0,athletics,number,,,,10.0,,2020-06-01 20:20:29
Soprano et al,Big-0,worker_41,True,unit_133,1.0,2020-06-01 20:20:22,0.0,start,False,crt,6.09,1.0,0.0,marks,number,,,,10.0,,2020-06-01 20:20:22
Soprano et al,Big-0,worker_41,True,unit_133,1.0,2020-06-01 20:20:03,0.0,start,False,standard,14.79,1.0,8.0,taxes,mcq,"Last year what was your total family income from all sources, before taxes?",0:::1:::2:::3:::4:::5:::6:::7:::8,"Less than 10,000:::10,000 to less than 20,000:::20,000 to less than 30,000:::30,000 to less than 40,000:::40,000 to less than 50,000:::50,000 to less than 75,000:::75,000 to less than 100,000:::100,000 to less than 150,000:::150,000 or more",4.0,"40,000 to less than 50,000",2020-06-01 20:20:03
Soprano et al,Big-0,worker_169,True,unit_181,1.0,2020-06-01 20:27:48,0.0,start,False,standard,20.47,1.0,5.0,school,mcq,What is the highest level of school you have completed or the highest degree you have received?,0:::1:::2:::3:::4:::5,"High school incomplete or less:::High school graduate or GED (includes technical/vocational training that doesn’t towards college credit):::Some college (some community college, associate’s degree):::Four year college degree/bachelor’s degree:::Some postgraduate or professional schooling, no postgraduate degree:::Postgraduate or professional degree, including master’s, doctorate, medical or law degree",3.0,Four year college degree/bachelor’s degree,2020-06-01 20:27:48
Soprano et al,Big-0,worker_169,True,unit_181,1.0,2020-06-01 20:27:48,0.0,start,False,standard,20.47,1.0,8.0,taxes,mcq,"Last year what was your total family income from all sources, before taxes?",0:::1:::2:::3:::4:::5:::6:::7:::8,"Less than 10,000:::10,000 to less than 20,000:::20,000 to less than 30,000:::30,000 to less than 40,000:::40,000 to less than 50,000:::50,000 to less than 75,000:::75,000 to less than 100,000:::100,000 to less than 150,000:::150,000 or more",3.0,"30,000 to less than 40,000",2020-06-01 20:27:48
Soprano et al,Big-0,worker_169,True,unit_181,1.0,2020-06-01 20:27:48,0.0,start,False,standard,20.47,1.0,2.0,environment,mcq,Should the government increase environmental regulations to prevent climate change?,0:::1:::2,Agree:::Disagree:::No opinion either way,0.0,Agree,2020-06-01 20:27:48
Soprano et al,Big-0,worker_169,True,unit_181,1.0,2020-06-01 20:27:48,0.0,start,False,standard,20.47,1.0,5.0,age,mcq,What is your age range?,0:::1:::2:::3:::4:::5,0-18:::19-25:::26-35:::36-50:::50-80:::80,2.0,26-35,2020-06-01 20:27:48
Soprano et al,Big-0,worker_169,True,unit_181,1.0,2020-06-01 20:28:45,0.0,start,False,crt,56.72,1.0,0.0,farmers,number,,,,9.0,,2020-06-01 20:28:45
Soprano et al,Big-0,worker_169,True,unit_181,1.0,2020-06-01 20:27:48,0.0,start,False,standard,20.47,1.0,4.0,political_views,mcq,"In general, would you describe your political views as",0:::1:::2:::3:::4,Very conservative:::Conservative:::Moderate:::Liberal:::Very liberal,3.0,Liberal,2020-06-01 20:27:48
Soprano et al,Big-0,worker_169,True,unit_181,1.0,2020-06-01 20:27:48,0.0,start,False,standard,20.47,1.0,2.0,southern_border,mcq,Should the U.S. build a wall along the southern border?,0:::1:::2,Agree:::Disagree:::No opinion either way,0.0,Agree,2020-06-01 20:27:48
Soprano et al,Big-0,worker_169,True,unit_181,1.0,2020-06-01 20:29:55,0.0,start,False,crt,39.97,1.0,0.0,athletics,number,,,,4.0,,2020-06-01 20:29:55
Soprano et al,Big-0,worker_169,True,unit_181,1.0,2020-06-01 20:29:15,0.0,start,False,crt,30.79,1.0,0.0,marks,number,,,,5.0,,2020-06-01 20:29:15
Soprano et al,Big-0,worker_169,True,unit_181,1.0,2020-06-01 20:27:48,0.0,start,False,standard,20.47,1.0,3.0,consideration,mcq,"In politics today, do you consider yourself a",0:::1:::2:::3,Republican:::Democrat:::Independent:::Something else,0.0,Republican,2020-06-01 20:27:48
Soprano et al,Big-0,worker_95,True,unit_3,1.0,2020-06-01 21:01:06,0.0,start,False,standard,33.94,1.0,2.0,environment,mcq,Should the government increase environmental regulations to prevent climate change?,0:::1:::2,Agree:::Disagree:::No opinion either way,0.0,Agree,2020-06-01 21:01:06
Soprano et al,Big-0,worker_95,True,unit_3,1.0,2020-06-01 21:01:06,0.0,start,False,standard,33.94,1.0,3.0,consideration,mcq,"In politics today, do you consider yourself a",0:::1:::2:::3,Republican:::Democrat:::Independent:::Something else,2.0,Independent,2020-06-01 21:01:06
Soprano et al,Big-0,worker_95,True,unit_3,1.0,2020-06-01 21:08:22,0.0,start,False,crt,82.71,1.0,0.0,athletics,number,,,,16.0,,2020-06-01 21:08:22
Soprano et al,Big-0,worker_95,True,unit_3,1.0,2020-06-01 21:01:58,0.0,start,False,crt,51.06,1.0,0.0,farmers,number,,,,3.0,,2020-06-01 21:01:58
Soprano et al,Big-0,worker_95,True,unit_3,1.0,2020-06-01 21:06:59,0.0,start,False,crt,301.34,1.0,0.0,marks,number,,,,9.0,,2020-06-01 21:06:59
Soprano et al,Big-0,worker_95,True,unit_3,1.0,2020-06-01 21:01:06,0.0,start,False,standard,33.94,1.0,5.0,school,mcq,What is the highest level of school you have completed or the highest degree you have received?,0:::1:::2:::3:::4:::5,"High school incomplete or less:::High school graduate or GED (includes technical/vocational training that doesn’t towards college credit):::Some college (some community college, associate’s degree):::Four year college degree/bachelor’s degree:::Some postgraduate or professional schooling, no postgraduate degree:::Postgraduate or professional degree, including master’s, doctorate, medical or law degree",5.0,"Postgraduate or professional degree, including master’s, doctorate, medical or law degree",2020-06-01 21:01:06
Soprano et al,Big-0,worker_95,True,unit_3,1.0,2020-06-01 21:01:06,0.0,start,False,standard,33.94,1.0,4.0,political_views,mcq,"In general, would you describe your political views as",0:::1:::2:::3:::4,Very conservative:::Conservative:::Moderate:::Liberal:::Very liberal,3.0,Liberal,2020-06-01 21:01:06
Soprano et al,Big-0,worker_95,True,unit_3,1.0,2020-06-01 21:01:06,0.0,start,False,standard,33.94,1.0,5.0,age,mcq,What is your age range?,0:::1:::2:::3:::4:::5,0-18:::19-25:::26-35:::36-50:::50-80:::80,2.0,26-35,2020-06-01 21:01:06
Soprano et al,Big-0,worker_95,True,unit_3,1.0,2020-06-01 21:01:06,0.0,start,False,standard,33.94,1.0,8.0,taxes,mcq,"Last year what was your total family income from all sources, before taxes?",0:::1:::2:::3:::4:::5:::6:::7:::8,"Less than 10,000:::10,000 to less than 20,000:::20,000 to less than 30,000:::30,000 to less than 40,000:::40,000 to less than 50,000:::50,000 to less than 75,000:::75,000 to less than 100,000:::100,000 to less than 150,000:::150,000 or more",5.0,"50,000 to less than 75,000",2020-06-01 21:01:06
Soprano et al,Big-0,worker_95,True,unit_3,1.0,2020-06-01 21:01:06,0.0,start,False,standard,33.94,1.0,2.0,southern_border,mcq,Should the U.S. build a wall along the southern border?,0:::1:::2,Agree:::Disagree:::No opinion either way,2.0,No opinion either way,2020-06-01 21:01:06
Soprano et al,Big-0,worker_73,True,unit_95,1.0,2020-06-01 21:18:25,0.0,start,False,standard,273.63,1.0,5.0,school,mcq,What is the highest level of school you have completed or the highest degree you have received?,0:::1:::2:::3:::4:::5,"High school incomplete or less:::High school graduate or GED (includes technical/vocational training that doesn’t towards college credit):::Some college (some community college, associate’s degree):::Four year college degree/bachelor’s degree:::Some postgraduate or professional schooling, no postgraduate degree:::Postgraduate or professional degree, including master’s, doctorate, medical or law degree",1.0,High school graduate or GED (includes technical/vocational training that doesn’t towards college credit),2020-06-01 21:18:25
Soprano et al,Big-0,worker_73,True,unit_95,1.0,2020-06-01 21:18:25,0.0,start,False,standard,273.63,1.0,4.0,political_views,mcq,"In general, would you describe your political views as",0:::1:::2:::3:::4,Very conservative:::Conservative:::Moderate:::Liberal:::Very liberal,2.0,Moderate,2020-06-01 21:18:25
Soprano et al,Big-0,worker_73,True,unit_95,1.0,2020-06-01 21:18:25,0.0,start,False,standard,273.63,1.0,2.0,southern_border,mcq,Should the U.S. build a wall along the southern border?,0:::1:::2,Agree:::Disagree:::No opinion either way,1.0,Disagree,2020-06-01 21:18:25
Soprano et al,Big-0,worker_73,True,unit_95,1.0,2020-06-01 21:18:25,0.0,start,False,standard,273.63,1.0,2.0,environment,mcq,Should the government increase environmental regulations to prevent climate change?,0:::1:::2,Agree:::Disagree:::No opinion either way,0.0,Agree,2020-06-01 21:18:25
Soprano et al,Big-0,worker_73,True,unit_95,1.0,2020-06-01 21:19:15,0.0,start,False,crt,49.55,1.0,0.0,farmers,number,,,,9.0,,2020-06-01 21:19:15
Soprano et al,Big-0,worker_73,True,unit_95,1.0,2020-06-01 21:19:24,0.0,start,False,crt,9.12,1.0,0.0,marks,number,,,,5.0,,2020-06-01 21:19:24
Soprano et al,Big-0,worker_73,True,unit_95,1.0,2020-06-01 21:18:25,0.0,start,False,standard,273.63,1.0,5.0,age,mcq,What is your age range?,0:::1:::2:::3:::4:::5,0-18:::19-25:::26-35:::36-50:::50-80:::80,2.0,26-35,2020-06-01 21:18:25
Soprano et al,Big-0,worker_73,True,unit_95,1.0,2020-06-01 21:20:26,0.0,start,False,crt,62.3,1.0,0.0,athletics,number,,,,5.0,,2020-06-01 21:20:26
Soprano et al,Big-0,worker_73,True,unit_95,1.0,2020-06-01 21:18:25,0.0,start,False,standard,273.63,1.0,3.0,consideration,mcq,"In politics today, do you consider yourself a",0:::1:::2:::3,Republican:::Democrat:::Independent:::Something else,2.0,Independent,2020-06-01 21:18:25
Soprano et al,Big-0,worker_73,True,unit_95,1.0,2020-06-01 21:18:25,0.0,start,False,standard,273.63,1.0,8.0,taxes,mcq,"Last year what was your total family income from all sources, before taxes?",0:::1:::2:::3:::4:::5:::6:::7:::8,"Less than 10,000:::10,000 to less than 20,000:::20,000 to less than 30,000:::30,000 to less than 40,000:::40,000 to less than 50,000:::50,000 to less than 75,000:::75,000 to less than 100,000:::100,000 to less than 150,000:::150,000 or more",4.0,"40,000 to less than 50,000",2020-06-01 21:18:25
Soprano et al,Big-0,worker_107,True,unit_117,1.0,2020-06-01 21:32:28,0.0,start,False,standard,29.1,1.0,2.0,southern_border,mcq,Should the U.S. build a wall along the southern border?,0:::1:::2,Agree:::Disagree:::No opinion either way,1.0,Disagree,2020-06-01 21:32:28
Soprano et al,Big-0,worker_107,True,unit_117,1.0,2020-06-01 21:32:28,0.0,start,False,standard,29.1,1.0,5.0,school,mcq,What is the highest level of school you have completed or the highest degree you have received?,0:::1:::2:::3:::4:::5,"High school incomplete or less:::High school graduate or GED (includes technical/vocational training that doesn’t towards college credit):::Some college (some community college, associate’s degree):::Four year college degree/bachelor’s degree:::Some postgraduate or professional schooling, no postgraduate degree:::Postgraduate or professional degree, including master’s, doctorate, medical or law degree",3.0,Four year college degree/bachelor’s degree,2020-06-01 21:32:28
Soprano et al,Big-0,worker_107,True,unit_117,1.0,2020-06-01 21:32:28,0.0,start,False,standard,29.1,1.0,8.0,taxes,mcq,"Last year what was your total family income from all sources, before taxes?",0:::1:::2:::3:::4:::5:::6:::7:::8,"Less than 10,000:::10,000 to less than 20,000:::20,000 to less than 30,000:::30,000 to less than 40,000:::40,000 to less than 50,000:::50,000 to less than 75,000:::75,000 to less than 100,000:::100,000 to less than 150,000:::150,000 or more",6.0,"75,000 to less than 100,000",2020-06-01 21:32:28
Soprano et al,Big-0,worker_107,True,unit_117,1.0,2020-06-01 21:32:28,0.0,start,False,standard,29.1,1.0,4.0,political_views,mcq,"In general, would you describe your political views as",0:::1:::2:::3:::4,Very conservative:::Conservative:::Moderate:::Liberal:::Very liberal,4.0,Very liberal,2020-06-01 21:32:28
Soprano et al,Big-0,worker_107,True,unit_117,1.0,2020-06-01 21:34:29,0.0,start,False,crt,34.87,1.0,0.0,marks,number,,,,10.0,,2020-06-01 21:34:29
Soprano et al,Big-0,worker_107,True,unit_117,1.0,2020-06-01 21:32:28,0.0,start,False,standard,29.1,1.0,2.0,environment,mcq,Should the government increase environmental regulations to prevent climate change?,0:::1:::2,Agree:::Disagree:::No opinion either way,0.0,Agree,2020-06-01 21:32:28
Soprano et al,Big-0,worker_107,True,unit_117,1.0,2020-06-01 21:33:55,0.0,start,False,crt,87.01,1.0,0.0,farmers,number,,,,3.0,,2020-06-01 21:33:55
Soprano et al,Big-0,worker_107,True,unit_117,1.0,2020-06-01 21:35:02,0.0,start,False,crt,32.02,1.0,0.0,athletics,number,,,,4.0,,2020-06-01 21:35:02
Soprano et al,Big-0,worker_107,True,unit_117,1.0,2020-06-01 21:32:28,0.0,start,False,standard,29.1,1.0,3.0,consideration,mcq,"In politics today, do you consider yourself a",0:::1:::2:::3,Republican:::Democrat:::Independent:::Something else,3.0,Something else,2020-06-01 21:32:28
Soprano et al,Big-0,worker_107,True,unit_117,1.0,2020-06-01 21:32:28,0.0,start,False,standard,29.1,1.0,5.0,age,mcq,What is your age range?,0:::1:::2:::3:::4:::5,0-18:::19-25:::26-35:::36-50:::50-80:::80,1.0,19-25,2020-06-01 21:32:28
Soprano et al,Big-0,worker_104,True,unit_189,1.0,2020-06-01 21:43:26,0.0,start,False,standard,26.95,1.0,2.0,southern_border,mcq,Should the U.S. build a wall along the southern border?,0:::1:::2,Agree:::Disagree:::No opinion either way,1.0,Disagree,2020-06-01 21:43:26
Soprano et al,Big-0,worker_104,True,unit_189,1.0,2020-06-01 21:43:26,0.0,start,False,standard,26.95,1.0,2.0,environment,mcq,Should the government increase environmental regulations to prevent climate change?,0:::1:::2,Agree:::Disagree:::No opinion either way,0.0,Agree,2020-06-01 21:43:26
Soprano et al,Big-0,worker_104,True,unit_189,1.0,2020-06-01 21:43:26,0.0,start,False,standard,26.95,1.0,3.0,consideration,mcq,"In politics today, do you consider yourself a",0:::1:::2:::3,Republican:::Democrat:::Independent:::Something else,1.0,Democrat,2020-06-01 21:43:26
Soprano et al,Big-0,worker_104,True,unit_189,1.0,2020-06-01 21:43:40,0.0,start,False,crt,14.04,1.0,0.0,farmers,number,,,,9.0,,2020-06-01 21:43:40
Soprano et al,Big-0,worker_104,True,unit_189,1.0,2020-06-01 21:44:00,0.0,start,False,crt,19.63,1.0,0.0,marks,number,,,,9.0,,2020-06-01 21:44:00
Soprano et al,Big-0,worker_104,True,unit_189,1.0,2020-06-01 21:43:26,0.0,start,False,standard,26.95,1.0,5.0,age,mcq,What is your age range?,0:::1:::2:::3:::4:::5,0-18:::19-25:::26-35:::36-50:::50-80:::80,1.0,19-25,2020-06-01 21:43:26
Soprano et al,Big-0,worker_104,True,unit_189,1.0,2020-06-01 21:43:26,0.0,start,False,standard,26.95,1.0,4.0,political_views,mcq,"In general, would you describe your political views as",0:::1:::2:::3:::4,Very conservative:::Conservative:::Moderate:::Liberal:::Very liberal,3.0,Liberal,2020-06-01 21:43:26
Soprano et al,Big-0,worker_104,True,unit_189,1.0,2020-06-01 21:43:26,0.0,start,False,standard,26.95,1.0,8.0,taxes,mcq,"Last year what was your total family income from all sources, before taxes?",0:::1:::2:::3:::4:::5:::6:::7:::8,"Less than 10,000:::10,000 to less than 20,000:::20,000 to less than 30,000:::30,000 to less than 40,000:::40,000 to less than 50,000:::50,000 to less than 75,000:::75,000 to less than 100,000:::100,000 to less than 150,000:::150,000 or more",1.0,"10,000 to less than 20,000",2020-06-01 21:43:26
Soprano et al,Big-0,worker_104,True,unit_189,1.0,2020-06-01 21:43:26,0.0,start,False,standard,26.95,1.0,5.0,school,mcq,What is the highest level of school you have completed or the highest degree you have received?,0:::1:::2:::3:::4:::5,"High school incomplete or less:::High school graduate or GED (includes technical/vocational training that doesn’t towards college credit):::Some college (some community college, associate’s degree):::Four year college degree/bachelor’s degree:::Some postgraduate or professional schooling, no postgraduate degree:::Postgraduate or professional degree, including master’s, doctorate, medical or law degree",2.0,"Some college (some community college, associate’s degree)",2020-06-01 21:43:26
Soprano et al,Big-0,worker_104,True,unit_189,1.0,2020-06-01 21:44:30,0.0,start,False,crt,29.57,1.0,0.0,athletics,number,,,,5.0,,2020-06-01 21:44:30
Soprano et al,Big-0,worker_84,True,unit_29,1.0,2020-06-01 21:46:33,0.0,start,False,standard,47.42,1.0,2.0,environment,mcq,Should the government increase environmental regulations to prevent climate change?,0:::1:::2,Agree:::Disagree:::No opinion either way,0.0,Agree,2020-06-01 21:46:33
Soprano et al,Big-0,worker_84,True,unit_29,1.0,2020-06-01 21:46:33,0.0,start,False,standard,47.42,1.0,8.0,taxes,mcq,"Last year what was your total family income from all sources, before taxes?",0:::1:::2:::3:::4:::5:::6:::7:::8,"Less than 10,000:::10,000 to less than 20,000:::20,000 to less than 30,000:::30,000 to less than 40,000:::40,000 to less than 50,000:::50,000 to less than 75,000:::75,000 to less than 100,000:::100,000 to less than 150,000:::150,000 or more",5.0,"50,000 to less than 75,000",2020-06-01 21:46:33
Soprano et al,Big-0,worker_84,True,unit_29,1.0,2020-06-01 21:46:33,0.0,start,False,standard,47.42,1.0,4.0,political_views,mcq,"In general, would you describe your political views as",0:::1:::2:::3:::4,Very conservative:::Conservative:::Moderate:::Liberal:::Very liberal,1.0,Conservative,2020-06-01 21:46:33
Soprano et al,Big-0,worker_84,True,unit_29,1.0,2020-06-01 21:51:11,0.0,start,False,crt,103.23,1.0,0.0,athletics,number,,,,12.0,,2020-06-01 21:51:11
Soprano et al,Big-0,worker_84,True,unit_29,1.0,2020-06-01 21:48:14,0.0,start,False,crt,101.58,1.0,0.0,farmers,number,,,,9.0,,2020-06-01 21:48:14
Soprano et al,Big-0,worker_84,True,unit_29,1.0,2020-06-01 21:46:33,0.0,start,False,standard,47.42,1.0,5.0,school,mcq,What is the highest level of school you have completed or the highest degree you have received?,0:::1:::2:::3:::4:::5,"High school incomplete or less:::High school graduate or GED (includes technical/vocational training that doesn’t towards college credit):::Some college (some community college, associate’s degree):::Four year college degree/bachelor’s degree:::Some postgraduate or professional schooling, no postgraduate degree:::Postgraduate or professional degree, including master’s, doctorate, medical or law degree",3.0,Four year college degree/bachelor’s degree,2020-06-01 21:46:33
Soprano et al,Big-0,worker_84,True,unit_29,1.0,2020-06-01 21:46:33,0.0,start,False,standard,47.42,1.0,5.0,age,mcq,What is your age range?,0:::1:::2:::3:::4:::5,0-18:::19-25:::26-35:::36-50:::50-80:::80,3.0,36-50,2020-06-01 21:46:33
Soprano et al,Big-0,worker_84,True,unit_29,1.0,2020-06-01 21:46:33,0.0,start,False,standard,47.42,1.0,3.0,consideration,mcq,"In politics today, do you consider yourself a",0:::1:::2:::3,Republican:::Democrat:::Independent:::Something else,0.0,Republican,2020-06-01 21:46:33
Soprano et al,Big-0,worker_84,True,unit_29,1.0,2020-06-01 21:46:33,0.0,start,False,standard,47.42,1.0,2.0,southern_border,mcq,Should the U.S. build a wall along the southern border?,0:::1:::2,Agree:::Disagree:::No opinion either way,0.0,Agree,2020-06-01 21:46:33
Soprano et al,Big-0,worker_84,True,unit_29,1.0,2020-06-01 21:49:28,0.0,start,False,crt,73.1,1.0,0.0,marks,number,,,,5.0,,2020-06-01 21:49:28
Soprano et al,Big-0,worker_161,True,unit_105,1.0,2020-06-01 21:53:54,0.0,start,False,standard,14.04,1.0,2.0,southern_border,mcq,Should the U.S. build a wall along the southern border?,0:::1:::2,Agree:::Disagree:::No opinion either way,1.0,Disagree,2020-06-01 21:53:54
Soprano et al,Big-0,worker_161,True,unit_105,1.0,2020-06-01 21:53:54,0.0,start,False,standard,14.04,1.0,2.0,environment,mcq,Should the government increase environmental regulations to prevent climate change?,0:::1:::2,Agree:::Disagree:::No opinion either way,0.0,Agree,2020-06-01 21:53:54
Soprano et al,Big-0,worker_161,True,unit_105,1.0,2020-06-01 21:53:54,0.0,start,False,standard,14.04,1.0,4.0,political_views,mcq,"In general, would you describe your political views as",0:::1:::2:::3:::4,Very conservative:::Conservative:::Moderate:::Liberal:::Very liberal,3.0,Liberal,2020-06-01 21:53:54
Soprano et al,Big-0,worker_161,True,unit_105,1.0,2020-06-01 21:54:07,0.0,start,False,crt,13.72,1.0,0.0,farmers,number,,,,3.0,,2020-06-01 21:54:07
Soprano et al,Big-0,worker_161,True,unit_105,1.0,2020-06-01 21:54:26,0.0,start,False,crt,12.07,1.0,0.0,athletics,number,,,,5.0,,2020-06-01 21:54:26
Soprano et al,Big-0,worker_161,True,unit_105,1.0,2020-06-01 21:53:54,0.0,start,False,standard,14.04,1.0,5.0,age,mcq,What is your age range?,0:::1:::2:::3:::4:::5,0-18:::19-25:::26-35:::36-50:::50-80:::80,1.0,19-25,2020-06-01 21:53:54
Soprano et al,Big-0,worker_161,True,unit_105,1.0,2020-06-01 21:54:14,0.0,start,False,crt,6.38,1.0,0.0,marks,number,,,,5.0,,2020-06-01 21:54:14
Soprano et al,Big-0,worker_161,True,unit_105,1.0,2020-06-01 21:53:54,0.0,start,False,standard,14.04,1.0,8.0,taxes,mcq,"Last year what was your total family income from all sources, before taxes?",0:::1:::2:::3:::4:::5:::6:::7:::8,"Less than 10,000:::10,000 to less than 20,000:::20,000 to less than 30,000:::30,000 to less than 40,000:::40,000 to less than 50,000:::50,000 to less than 75,000:::75,000 to less than 100,000:::100,000 to less than 150,000:::150,000 or more",3.0,"30,000 to less than 40,000",2020-06-01 21:53:54
Soprano et al,Big-0,worker_161,True,unit_105,1.0,2020-06-01 21:53:54,0.0,start,False,standard,14.04,1.0,5.0,school,mcq,What is the highest level of school you have completed or the highest degree you have received?,0:::1:::2:::3:::4:::5,"High school incomplete or less:::High school graduate or GED (includes technical/vocational training that doesn’t towards college credit):::Some college (some community college, associate’s degree):::Four year college degree/bachelor’s degree:::Some postgraduate or professional schooling, no postgraduate degree:::Postgraduate or professional degree, including master’s, doctorate, medical or law degree",2.0,"Some college (some community college, associate’s degree)",2020-06-01 21:53:54
Soprano et al,Big-0,worker_161,True,unit_105,1.0,2020-06-01 21:53:54,0.0,start,False,standard,14.04,1.0,3.0,consideration,mcq,"In politics today, do you consider yourself a",0:::1:::2:::3,Republican:::Democrat:::Independent:::Something else,1.0,Democrat,2020-06-01 21:53:54
Soprano et al,Big-0,worker_89,True,unit_41,1.0,2020-06-01 21:59:49,0.0,start,False,crt,228.49,1.0,0.0,athletics,number,,,,4.0,,2020-06-01 21:59:49
Soprano et al,Big-0,worker_89,True,unit_41,1.0,2020-06-01 21:54:09,0.0,start,False,standard,23.86,1.0,5.0,age,mcq,What is your age range?,0:::1:::2:::3:::4:::5,0-18:::19-25:::26-35:::36-50:::50-80:::80,3.0,36-50,2020-06-01 21:54:09
Soprano et al,Big-0,worker_89,True,unit_41,1.0,2020-06-01 21:54:09,0.0,start,False,standard,23.86,1.0,8.0,taxes,mcq,"Last year what was your total family income from all sources, before taxes?",0:::1:::2:::3:::4:::5:::6:::7:::8,"Less than 10,000:::10,000 to less than 20,000:::20,000 to less than 30,000:::30,000 to less than 40,000:::40,000 to less than 50,000:::50,000 to less than 75,000:::75,000 to less than 100,000:::100,000 to less than 150,000:::150,000 or more",6.0,"75,000 to less than 100,000",2020-06-01 21:54:09
Soprano et al,Big-0,worker_89,True,unit_41,1.0,2020-06-01 21:54:09,0.0,start,False,standard,23.86,1.0,2.0,environment,mcq,Should the government increase environmental regulations to prevent climate change?,0:::1:::2,Agree:::Disagree:::No opinion either way,1.0,Disagree,2020-06-01 21:54:09
Soprano et al,Big-0,worker_89,True,unit_41,1.0,2020-06-01 21:54:09,0.0,start,False,standard,23.86,1.0,2.0,southern_border,mcq,Should the U.S. build a wall along the southern border?,0:::1:::2,Agree:::Disagree:::No opinion either way,0.0,Agree,2020-06-01 21:54:09
Soprano et al,Big-0,worker_89,True,unit_41,1.0,2020-06-01 21:54:09,0.0,start,False,standard,23.86,1.0,3.0,consideration,mcq,"In politics today, do you consider yourself a",0:::1:::2:::3,Republican:::Democrat:::Independent:::Something else,0.0,Republican,2020-06-01 21:54:09
Soprano et al,Big-0,worker_89,True,unit_41,1.0,2020-06-01 21:54:09,0.0,start,False,standard,23.86,1.0,4.0,political_views,mcq,"In general, would you describe your political views as",0:::1:::2:::3:::4,Very conservative:::Conservative:::Moderate:::Liberal:::Very liberal,1.0,Conservative,2020-06-01 21:54:09
Soprano et al,Big-0,worker_89,True,unit_41,1.0,2020-06-01 21:55:12,0.0,start,False,crt,62.47,1.0,0.0,farmers,number,,,,3.0,,2020-06-01 21:55:12
Soprano et al,Big-0,worker_89,True,unit_41,1.0,2020-06-01 21:56:00,0.0,start,False,crt,48.53,1.0,0.0,marks,number,,,,9.0,,2020-06-01 21:56:00
Soprano et al,Big-0,worker_89,True,unit_41,1.0,2020-06-01 21:54:09,0.0,start,False,standard,23.86,1.0,5.0,school,mcq,What is the highest level of school you have completed or the highest degree you have received?,0:::1:::2:::3:::4:::5,"High school incomplete or less:::High school graduate or GED (includes technical/vocational training that doesn’t towards college credit):::Some college (some community college, associate’s degree):::Four year college degree/bachelor’s degree:::Some postgraduate or professional schooling, no postgraduate degree:::Postgraduate or professional degree, including master’s, doctorate, medical or law degree",3.0,Four year college degree/bachelor’s degree,2020-06-01 21:54:09
Soprano et al,Big-0,worker_199,True,unit_183,1.0,2020-06-01 22:05:26,0.0,start,False,crt,50.53,1.0,0.0,farmers,number,,,,9.0,,2020-06-01 22:05:26
Soprano et al,Big-0,worker_199,True,unit_183,1.0,2020-06-01 22:04:35,0.0,start,False,standard,54.82,1.0,2.0,environment,mcq,Should the government increase environmental regulations to prevent climate change?,0:::1:::2,Agree:::Disagree:::No opinion either way,0.0,Agree,2020-06-01 22:04:35
Soprano et al,Big-0,worker_199,True,unit_183,1.0,2020-06-01 22:04:35,0.0,start,False,standard,54.82,1.0,2.0,southern_border,mcq,Should the U.S. build a wall along the southern border?,0:::1:::2,Agree:::Disagree:::No opinion either way,1.0,Disagree,2020-06-01 22:04:35
Soprano et al,Big-0,worker_199,True,unit_183,1.0,2020-06-01 22:04:35,0.0,start,False,standard,54.82,1.0,3.0,consideration,mcq,"In politics today, do you consider yourself a",0:::1:::2:::3,Republican:::Democrat:::Independent:::Something else,1.0,Democrat,2020-06-01 22:04:35
Soprano et al,Big-0,worker_199,True,unit_183,1.0,2020-06-01 22:04:35,0.0,start,False,standard,54.82,1.0,4.0,political_views,mcq,"In general, would you describe your political views as",0:::1:::2:::3:::4,Very conservative:::Conservative:::Moderate:::Liberal:::Very liberal,3.0,Liberal,2020-06-01 22:04:35
Soprano et al,Big-0,worker_199,True,unit_183,1.0,2020-06-01 22:04:35,0.0,start,False,standard,54.82,1.0,8.0,taxes,mcq,"Last year what was your total family income from all sources, before taxes?",0:::1:::2:::3:::4:::5:::6:::7:::8,"Less than 10,000:::10,000 to less than 20,000:::20,000 to less than 30,000:::30,000 to less than 40,000:::40,000 to less than 50,000:::50,000 to less than 75,000:::75,000 to less than 100,000:::100,000 to less than 150,000:::150,000 or more",5.0,"50,000 to less than 75,000",2020-06-01 22:04:35
Soprano et al,Big-0,worker_199,True,unit_183,1.0,2020-06-01 22:04:35,0.0,start,False,standard,54.82,1.0,5.0,age,mcq,What is your age range?,0:::1:::2:::3:::4:::5,0-18:::19-25:::26-35:::36-50:::50-80:::80,4.0,50-80,2020-06-01 22:04:35
Soprano et al,Big-0,worker_199,True,unit_183,1.0,2020-06-01 22:05:52,0.0,start,False,crt,26.55,1.0,0.0,marks,number,,,,10.0,,2020-06-01 22:05:52
Soprano et al,Big-0,worker_199,True,unit_183,1.0,2020-06-01 22:04:35,0.0,start,False,standard,54.82,1.0,5.0,school,mcq,What is the highest level of school you have completed or the highest degree you have received?,0:::1:::2:::3:::4:::5,"High school incomplete or less:::High school graduate or GED (includes technical/vocational training that doesn’t towards college credit):::Some college (some community college, associate’s degree):::Four year college degree/bachelor’s degree:::Some postgraduate or professional schooling, no postgraduate degree:::Postgraduate or professional degree, including master’s, doctorate, medical or law degree",3.0,Four year college degree/bachelor’s degree,2020-06-01 22:04:35
Soprano et al,Big-0,worker_199,True,unit_183,1.0,2020-06-01 22:06:33,0.0,start,False,crt,40.61,1.0,0.0,athletics,number,,,,1.0,,2020-06-01 22:06:33
Soprano et al,Big-0,worker_15,True,unit_161,1.0,2020-06-01 22:28:03,0.0,start,False,crt,39.85,1.0,0.0,marks,number,,,,10.0,,2020-06-01 22:28:03
Soprano et al,Big-0,worker_15,True,unit_161,1.0,2020-06-01 22:25:35,0.0,start,False,standard,20.76,1.0,5.0,school,mcq,What is the highest level of school you have completed or the highest degree you have received?,0:::1:::2:::3:::4:::5,"High school incomplete or less:::High school graduate or GED (includes technical/vocational training that doesn’t towards college credit):::Some college (some community college, associate’s degree):::Four year college degree/bachelor’s degree:::Some postgraduate or professional schooling, no postgraduate degree:::Postgraduate or professional degree, including master’s, doctorate, medical or law degree",1.0,High school graduate or GED (includes technical/vocational training that doesn’t towards college credit),2020-06-01 22:25:35
Soprano et al,Big-0,worker_15,True,unit_161,1.0,2020-06-01 22:25:35,0.0,start,False,standard,20.76,1.0,8.0,taxes,mcq,"Last year what was your total family income from all sources, before taxes?",0:::1:::2:::3:::4:::5:::6:::7:::8,"Less than 10,000:::10,000 to less than 20,000:::20,000 to less than 30,000:::30,000 to less than 40,000:::40,000 to less than 50,000:::50,000 to less than 75,000:::75,000 to less than 100,000:::100,000 to less than 150,000:::150,000 or more",5.0,"50,000 to less than 75,000",2020-06-01 22:25:35
Soprano et al,Big-0,worker_15,True,unit_161,1.0,2020-06-01 22:25:35,0.0,start,False,standard,20.76,1.0,4.0,political_views,mcq,"In general, would you describe your political views as",0:::1:::2:::3:::4,Very conservative:::Conservative:::Moderate:::Liberal:::Very liberal,2.0,Moderate,2020-06-01 22:25:35
Soprano et al,Big-0,worker_15,True,unit_161,1.0,2020-06-01 22:25:35,0.0,start,False,standard,20.76,1.0,3.0,consideration,mcq,"In politics today, do you consider yourself a",0:::1:::2:::3,Republican:::Democrat:::Independent:::Something else,2.0,Independent,2020-06-01 22:25:35
Soprano et al,Big-0,worker_15,True,unit_161,1.0,2020-06-01 22:25:35,0.0,start,False,standard,20.76,1.0,2.0,southern_border,mcq,Should the U.S. build a wall along the southern border?,0:::1:::2,Agree:::Disagree:::No opinion either way,0.0,Agree,2020-06-01 22:25:35
Soprano et al,Big-0,worker_15,True,unit_161,1.0,2020-06-01 22:28:19,0.0,start,False,crt,16.23,1.0,0.0,athletics,number,,,,5.0,,2020-06-01 22:28:19
Soprano et al,Big-0,worker_15,True,unit_161,1.0,2020-06-01 22:25:35,0.0,start,False,standard,20.76,1.0,5.0,age,mcq,What is your age range?,0:::1:::2:::3:::4:::5,0-18:::19-25:::26-35:::36-50:::50-80:::80,3.0,36-50,2020-06-01 22:25:35
Soprano et al,Big-0,worker_15,True,unit_161,1.0,2020-06-01 22:25:35,0.0,start,False,standard,20.76,1.0,2.0,environment,mcq,Should the government increase environmental regulations to prevent climate change?,0:::1:::2,Agree:::Disagree:::No opinion either way,2.0,No opinion either way,2020-06-01 22:25:35
Soprano et al,Big-0,worker_15,True,unit_161,1.0,2020-06-01 22:27:23,0.0,start,False,crt,107.56,1.0,0.0,farmers,number,,,,3.0,,2020-06-01 22:27:23
Soprano et al,Big-0,worker_76,True,unit_177,1.0,2020-06-01 22:33:36,0.0,start,False,crt,36.54,1.0,0.0,farmers,number,,,,3.0,,2020-06-01 22:33:36
Soprano et al,Big-0,worker_76,True,unit_177,1.0,2020-06-01 22:34:05,0.0,start,False,crt,28.64,1.0,0.0,marks,number,,,,9.0,,2020-06-01 22:34:05
Soprano et al,Big-0,worker_76,True,unit_177,1.0,2020-06-01 22:33:00,0.0,start,False,standard,22.11,1.0,2.0,environment,mcq,Should the government increase environmental regulations to prevent climate change?,0:::1:::2,Agree:::Disagree:::No opinion either way,0.0,Agree,2020-06-01 22:33:00
Soprano et al,Big-0,worker_76,True,unit_177,1.0,2020-06-01 22:33:00,0.0,start,False,standard,22.11,1.0,2.0,southern_border,mcq,Should the U.S. build a wall along the southern border?,0:::1:::2,Agree:::Disagree:::No opinion either way,1.0,Disagree,2020-06-01 22:33:00
Soprano et al,Big-0,worker_76,True,unit_177,1.0,2020-06-01 22:34:44,0.0,start,False,crt,39.34,1.0,0.0,athletics,number,,,,4.0,,2020-06-01 22:34:44
Soprano et al,Big-0,worker_76,True,unit_177,1.0,2020-06-01 22:33:00,0.0,start,False,standard,22.11,1.0,3.0,consideration,mcq,"In politics today, do you consider yourself a",0:::1:::2:::3,Republican:::Democrat:::Independent:::Something else,1.0,Democrat,2020-06-01 22:33:00
Soprano et al,Big-0,worker_76,True,unit_177,1.0,2020-06-01 22:33:00,0.0,start,False,standard,22.11,1.0,5.0,age,mcq,What is your age range?,0:::1:::2:::3:::4:::5,0-18:::19-25:::26-35:::36-50:::50-80:::80,2.0,26-35,2020-06-01 22:33:00
Soprano et al,Big-0,worker_76,True,unit_177,1.0,2020-06-01 22:33:00,0.0,start,False,standard,22.11,1.0,4.0,political_views,mcq,"In general, would you describe your political views as",0:::1:::2:::3:::4,Very conservative:::Conservative:::Moderate:::Liberal:::Very liberal,4.0,Very liberal,2020-06-01 22:33:00
Soprano et al,Big-0,worker_76,True,unit_177,1.0,2020-06-01 22:33:00,0.0,start,False,standard,22.11,1.0,5.0,school,mcq,What is the highest level of school you have completed or the highest degree you have received?,0:::1:::2:::3:::4:::5,"High school incomplete or less:::High school graduate or GED (includes technical/vocational training that doesn’t towards college credit):::Some college (some community college, associate’s degree):::Four year college degree/bachelor’s degree:::Some postgraduate or professional schooling, no postgraduate degree:::Postgraduate or professional degree, including master’s, doctorate, medical or law degree",5.0,"Postgraduate or professional degree, including master’s, doctorate, medical or law degree",2020-06-01 22:33:00
Soprano et al,Big-0,worker_76,True,unit_177,1.0,2020-06-01 22:33:00,0.0,start,False,standard,22.11,1.0,8.0,taxes,mcq,"Last year what was your total family income from all sources, before taxes?",0:::1:::2:::3:::4:::5:::6:::7:::8,"Less than 10,000:::10,000 to less than 20,000:::20,000 to less than 30,000:::30,000 to less than 40,000:::40,000 to less than 50,000:::50,000 to less than 75,000:::75,000 to less than 100,000:::100,000 to less than 150,000:::150,000 or more",4.0,"40,000 to less than 50,000",2020-06-01 22:33:00
Soprano et al,Big-0,worker_68,True,unit_125,1.0,2020-06-01 22:39:39,0.0,start,False,crt,12.38,1.0,0.0,farmers,number,,,,9.0,,2020-06-01 22:39:39
Soprano et al,Big-0,worker_68,True,unit_125,1.0,2020-06-01 22:39:57,0.0,start,False,crt,13.71,1.0,0.0,athletics,number,,,,80.0,,2020-06-01 22:39:57
Soprano et al,Big-0,worker_68,True,unit_125,1.0,2020-06-01 22:39:43,0.0,start,False,crt,4.85,1.0,0.0,marks,number,,,,10.0,,2020-06-01 22:39:43
Soprano et al,Big-0,worker_68,True,unit_125,1.0,2020-06-01 22:39:26,0.0,start,False,standard,21.64,1.0,4.0,political_views,mcq,"In general, would you describe your political views as",0:::1:::2:::3:::4,Very conservative:::Conservative:::Moderate:::Liberal:::Very liberal,4.0,Very liberal,2020-06-01 22:39:26
Soprano et al,Big-0,worker_68,True,unit_125,1.0,2020-06-01 22:39:26,0.0,start,False,standard,21.64,1.0,5.0,school,mcq,What is the highest level of school you have completed or the highest degree you have received?,0:::1:::2:::3:::4:::5,"High school incomplete or less:::High school graduate or GED (includes technical/vocational training that doesn’t towards college credit):::Some college (some community college, associate’s degree):::Four year college degree/bachelor’s degree:::Some postgraduate or professional schooling, no postgraduate degree:::Postgraduate or professional degree, including master’s, doctorate, medical or law degree",1.0,High school graduate or GED (includes technical/vocational training that doesn’t towards college credit),2020-06-01 22:39:26
Soprano et al,Big-0,worker_68,True,unit_125,1.0,2020-06-01 22:39:26,0.0,start,False,standard,21.64,1.0,8.0,taxes,mcq,"Last year what was your total family income from all sources, before taxes?",0:::1:::2:::3:::4:::5:::6:::7:::8,"Less than 10,000:::10,000 to less than 20,000:::20,000 to less than 30,000:::30,000 to less than 40,000:::40,000 to less than 50,000:::50,000 to less than 75,000:::75,000 to less than 100,000:::100,000 to less than 150,000:::150,000 or more",4.0,"40,000 to less than 50,000",2020-06-01 22:39:26
Soprano et al,Big-0,worker_68,True,unit_125,1.0,2020-06-01 22:39:26,0.0,start,False,standard,21.64,1.0,3.0,consideration,mcq,"In politics today, do you consider yourself a",0:::1:::2:::3,Republican:::Democrat:::Independent:::Something else,2.0,Independent,2020-06-01 22:39:26
Soprano et al,Big-0,worker_68,True,unit_125,1.0,2020-06-01 22:39:26,0.0,start,False,standard,21.64,1.0,2.0,southern_border,mcq,Should the U.S. build a wall along the southern border?,0:::1:::2,Agree:::Disagree:::No opinion either way,1.0,Disagree,2020-06-01 22:39:26
Soprano et al,Big-0,worker_68,True,unit_125,1.0,2020-06-01 22:39:26,0.0,start,False,standard,21.64,1.0,2.0,environment,mcq,Should the government increase environmental regulations to prevent climate change?,0:::1:::2,Agree:::Disagree:::No opinion either way,0.0,Agree,2020-06-01 22:39:26
Soprano et al,Big-0,worker_68,True,unit_125,1.0,2020-06-01 22:39:26,0.0,start,False,standard,21.64,1.0,5.0,age,mcq,What is your age range?,0:::1:::2:::3:::4:::5,0-18:::19-25:::26-35:::36-50:::50-80:::80,2.0,26-35,2020-06-01 22:39:26
Soprano et al,Big-0,worker_14,True,unit_153,1.0,2020-06-01 22:54:34,0.0,start,False,crt,18.9,1.0,0.0,marks,number,,,,10.0,,2020-06-01 22:54:34
Soprano et al,Big-0,worker_14,True,unit_153,1.0,2020-06-01 22:54:15,0.0,start,False,crt,281.35,1.0,0.0,farmers,number,,,,9.0,,2020-06-01 22:54:15
Soprano et al,Big-0,worker_14,True,unit_153,1.0,2020-06-01 22:49:33,0.0,start,False,standard,115.88,1.0,8.0,taxes,mcq,"Last year what was your total family income from all sources, before taxes?",0:::1:::2:::3:::4:::5:::6:::7:::8,"Less than 10,000:::10,000 to less than 20,000:::20,000 to less than 30,000:::30,000 to less than 40,000:::40,000 to less than 50,000:::50,000 to less than 75,000:::75,000 to less than 100,000:::100,000 to less than 150,000:::150,000 or more",3.0,"30,000 to less than 40,000",2020-06-01 22:49:33
Soprano et al,Big-0,worker_14,True,unit_153,1.0,2020-06-01 22:49:33,0.0,start,False,standard,115.88,1.0,2.0,environment,mcq,Should the government increase environmental regulations to prevent climate change?,0:::1:::2,Agree:::Disagree:::No opinion either way,0.0,Agree,2020-06-01 22:49:33
Soprano et al,Big-0,worker_14,True,unit_153,1.0,2020-06-01 22:49:33,0.0,start,False,standard,115.88,1.0,5.0,age,mcq,What is your age range?,0:::1:::2:::3:::4:::5,0-18:::19-25:::26-35:::36-50:::50-80:::80,2.0,26-35,2020-06-01 22:49:33
Soprano et al,Big-0,worker_14,True,unit_153,1.0,2020-06-01 22:49:33,0.0,start,False,standard,115.88,1.0,3.0,consideration,mcq,"In politics today, do you consider yourself a",0:::1:::2:::3,Republican:::Democrat:::Independent:::Something else,2.0,Independent,2020-06-01 22:49:33
Soprano et al,Big-0,worker_14,True,unit_153,1.0,2020-06-01 22:49:33,0.0,start,False,standard,115.88,1.0,4.0,political_views,mcq,"In general, would you describe your political views as",0:::1:::2:::3:::4,Very conservative:::Conservative:::Moderate:::Liberal:::Very liberal,1.0,Conservative,2020-06-01 22:49:33
Soprano et al,Big-0,worker_14,True,unit_153,1.0,2020-06-01 22:55:09,0.0,start,False,crt,35.73,1.0,0.0,athletics,number,,,,4.0,,2020-06-01 22:55:09
Soprano et al,Big-0,worker_14,True,unit_153,1.0,2020-06-01 22:49:33,0.0,start,False,standard,115.88,1.0,5.0,school,mcq,What is the highest level of school you have completed or the highest degree you have received?,0:::1:::2:::3:::4:::5,"High school incomplete or less:::High school graduate or GED (includes technical/vocational training that doesn’t towards college credit):::Some college (some community college, associate’s degree):::Four year college degree/bachelor’s degree:::Some postgraduate or professional schooling, no postgraduate degree:::Postgraduate or professional degree, including master’s, doctorate, medical or law degree",3.0,Four year college degree/bachelor’s degree,2020-06-01 22:49:33
Soprano et al,Big-0,worker_14,True,unit_153,1.0,2020-06-01 22:49:33,0.0,start,False,standard,115.88,1.0,2.0,southern_border,mcq,Should the U.S. build a wall along the southern border?,0:::1:::2,Agree:::Disagree:::No opinion either way,1.0,Disagree,2020-06-01 22:49:33
Soprano et al,Big-0,worker_127,True,unit_25,1.0,2020-06-01 22:48:54,0.0,start,False,standard,41.01,1.0,2.0,southern_border,mcq,Should the U.S. build a wall along the southern border?,0:::1:::2,Agree:::Disagree:::No opinion either way,0.0,Agree,2020-06-01 22:48:54
Soprano et al,Big-0,worker_127,True,unit_25,1.0,2020-06-01 22:48:54,0.0,start,False,standard,41.01,1.0,2.0,environment,mcq,Should the government increase environmental regulations to prevent climate change?,0:::1:::2,Agree:::Disagree:::No opinion either way,0.0,Agree,2020-06-01 22:48:54
Soprano et al,Big-0,worker_127,True,unit_25,1.0,2020-06-01 22:48:54,0.0,start,False,standard,41.01,1.0,8.0,taxes,mcq,"Last year what was your total family income from all sources, before taxes?",0:::1:::2:::3:::4:::5:::6:::7:::8,"Less than 10,000:::10,000 to less than 20,000:::20,000 to less than 30,000:::30,000 to less than 40,000:::40,000 to less than 50,000:::50,000 to less than 75,000:::75,000 to less than 100,000:::100,000 to less than 150,000:::150,000 or more",6.0,"75,000 to less than 100,000",2020-06-01 22:48:54
Soprano et al,Big-0,worker_127,True,unit_25,1.0,2020-06-01 22:50:28,0.0,start,False,crt,32.37,1.0,0.0,marks,number,,,,10.0,,2020-06-01 22:50:28
Soprano et al,Big-0,worker_127,True,unit_25,1.0,2020-06-01 22:51:08,0.0,start,False,crt,40.23,1.0,0.0,athletics,number,,,,5.0,,2020-06-01 22:51:08
Soprano et al,Big-0,worker_127,True,unit_25,1.0,2020-06-01 22:48:54,0.0,start,False,standard,41.01,1.0,4.0,political_views,mcq,"In general, would you describe your political views as",0:::1:::2:::3:::4,Very conservative:::Conservative:::Moderate:::Liberal:::Very liberal,1.0,Conservative,2020-06-01 22:48:54
Soprano et al,Big-0,worker_127,True,unit_25,1.0,2020-06-01 22:49:56,0.0,start,False,crt,62.31,1.0,0.0,farmers,number,,,,9.0,,2020-06-01 22:49:56
Soprano et al,Big-0,worker_127,True,unit_25,1.0,2020-06-01 22:48:54,0.0,start,False,standard,41.01,1.0,5.0,school,mcq,What is the highest level of school you have completed or the highest degree you have received?,0:::1:::2:::3:::4:::5,"High school incomplete or less:::High school graduate or GED (includes technical/vocational training that doesn’t towards college credit):::Some college (some community college, associate’s degree):::Four year college degree/bachelor’s degree:::Some postgraduate or professional schooling, no postgraduate degree:::Postgraduate or professional degree, including master’s, doctorate, medical or law degree",3.0,Four year college degree/bachelor’s degree,2020-06-01 22:48:54
Soprano et al,Big-0,worker_127,True,unit_25,1.0,2020-06-01 22:48:54,0.0,start,False,standard,41.01,1.0,3.0,consideration,mcq,"In politics today, do you consider yourself a",0:::1:::2:::3,Republican:::Democrat:::Independent:::Something else,1.0,Democrat,2020-06-01 22:48:54
Soprano et al,Big-0,worker_127,True,unit_25,1.0,2020-06-01 22:48:54,0.0,start,False,standard,41.01,1.0,5.0,age,mcq,What is your age range?,0:::1:::2:::3:::4:::5,0-18:::19-25:::26-35:::36-50:::50-80:::80,2.0,26-35,2020-06-01 22:48:54
Soprano et al,Big-0,worker_56,True,unit_123,1.0,2020-06-01 22:50:02,0.0,start,False,crt,24.03,1.0,0.0,athletics,number,,,,5.0,,2020-06-01 22:50:02
Soprano et al,Big-0,worker_56,True,unit_123,1.0,2020-06-01 22:49:01,0.0,start,False,standard,30.34,1.0,4.0,political_views,mcq,"In general, would you describe your political views as",0:::1:::2:::3:::4,Very conservative:::Conservative:::Moderate:::Liberal:::Very liberal,3.0,Liberal,2020-06-01 22:49:01
Soprano et al,Big-0,worker_56,True,unit_123,1.0,2020-06-01 22:49:01,0.0,start,False,standard,30.34,1.0,8.0,taxes,mcq,"Last year what was your total family income from all sources, before taxes?",0:::1:::2:::3:::4:::5:::6:::7:::8,"Less than 10,000:::10,000 to less than 20,000:::20,000 to less than 30,000:::30,000 to less than 40,000:::40,000 to less than 50,000:::50,000 to less than 75,000:::75,000 to less than 100,000:::100,000 to less than 150,000:::150,000 or more",2.0,"20,000 to less than 30,000",2020-06-01 22:49:01
Soprano et al,Big-0,worker_56,True,unit_123,1.0,2020-06-01 22:49:01,0.0,start,False,standard,30.34,1.0,5.0,school,mcq,What is the highest level of school you have completed or the highest degree you have received?,0:::1:::2:::3:::4:::5,"High school incomplete or less:::High school graduate or GED (includes technical/vocational training that doesn’t towards college credit):::Some college (some community college, associate’s degree):::Four year college degree/bachelor’s degree:::Some postgraduate or professional schooling, no postgraduate degree:::Postgraduate or professional degree, including master’s, doctorate, medical or law degree",2.0,"Some college (some community college, associate’s degree)",2020-06-01 22:49:01
Soprano et al,Big-0,worker_56,True,unit_123,1.0,2020-06-01 22:49:01,0.0,start,False,standard,30.34,1.0,5.0,age,mcq,What is your age range?,0:::1:::2:::3:::4:::5,0-18:::19-25:::26-35:::36-50:::50-80:::80,2.0,26-35,2020-06-01 22:49:01
Soprano et al,Big-0,worker_56,True,unit_123,1.0,2020-06-01 22:49:38,0.0,start,False,crt,18.9,1.0,0.0,marks,number,,,,5.0,,2020-06-01 22:49:38
Soprano et al,Big-0,worker_56,True,unit_123,1.0,2020-06-01 22:49:01,0.0,start,False,standard,30.34,1.0,2.0,environment,mcq,Should the government increase environmental regulations to prevent climate change?,0:::1:::2,Agree:::Disagree:::No opinion either way,0.0,Agree,2020-06-01 22:49:01
Soprano et al,Big-0,worker_56,True,unit_123,1.0,2020-06-01 22:49:19,0.0,start,False,crt,18.55,1.0,0.0,farmers,number,,,,9.0,,2020-06-01 22:49:19
Soprano et al,Big-0,worker_56,True,unit_123,1.0,2020-06-01 22:49:01,0.0,start,False,standard,30.34,1.0,3.0,consideration,mcq,"In politics today, do you consider yourself a",0:::1:::2:::3,Republican:::Democrat:::Independent:::Something else,2.0,Independent,2020-06-01 22:49:01
Soprano et al,Big-0,worker_56,True,unit_123,1.0,2020-06-01 22:49:01,0.0,start,False,standard,30.34,1.0,2.0,southern_border,mcq,Should the U.S. build a wall along the southern border?,0:::1:::2,Agree:::Disagree:::No opinion either way,2.0,No opinion either way,2020-06-01 22:49:01
Soprano et al,Big-0,worker_38,True,unit_127,1.0,2020-06-01 22:50:18,0.0,start,False,standard,52.12,1.0,5.0,school,mcq,What is the highest level of school you have completed or the highest degree you have received?,0:::1:::2:::3:::4:::5,"High school incomplete or less:::High school graduate or GED (includes technical/vocational training that doesn’t towards college credit):::Some college (some community college, associate’s degree):::Four year college degree/bachelor’s degree:::Some postgraduate or professional schooling, no postgraduate degree:::Postgraduate or professional degree, including master’s, doctorate, medical or law degree",2.0,"Some college (some community college, associate’s degree)",2020-06-01 22:50:18
Soprano et al,Big-0,worker_38,True,unit_127,1.0,2020-06-01 22:50:18,0.0,start,False,standard,52.12,1.0,2.0,environment,mcq,Should the government increase environmental regulations to prevent climate change?,0:::1:::2,Agree:::Disagree:::No opinion either way,1.0,Disagree,2020-06-01 22:50:18
Soprano et al,Big-0,worker_38,True,unit_127,1.0,2020-06-01 22:50:18,0.0,start,False,standard,52.12,1.0,4.0,political_views,mcq,"In general, would you describe your political views as",0:::1:::2:::3:::4,Very conservative:::Conservative:::Moderate:::Liberal:::Very liberal,1.0,Conservative,2020-06-01 22:50:18
Soprano et al,Big-0,worker_38,True,unit_127,1.0,2020-06-01 22:50:18,0.0,start,False,standard,52.12,1.0,8.0,taxes,mcq,"Last year what was your total family income from all sources, before taxes?",0:::1:::2:::3:::4:::5:::6:::7:::8,"Less than 10,000:::10,000 to less than 20,000:::20,000 to less than 30,000:::30,000 to less than 40,000:::40,000 to less than 50,000:::50,000 to less than 75,000:::75,000 to less than 100,000:::100,000 to less than 150,000:::150,000 or more",4.0,"40,000 to less than 50,000",2020-06-01 22:50:18
Soprano et al,Big-0,worker_38,True,unit_127,1.0,2020-06-01 22:50:37,0.0,start,False,crt,19.29,1.0,0.0,farmers,number,,,,3.0,,2020-06-01 22:50:37
Soprano et al,Big-0,worker_38,True,unit_127,1.0,2020-06-01 22:50:18,0.0,start,False,standard,52.12,1.0,3.0,consideration,mcq,"In politics today, do you consider yourself a",0:::1:::2:::3,Republican:::Democrat:::Independent:::Something else,0.0,Republican,2020-06-01 22:50:18
Soprano et al,Big-0,worker_38,True,unit_127,1.0,2020-06-01 22:50:18,0.0,start,False,standard,52.12,1.0,2.0,southern_border,mcq,Should the U.S. build a wall along the southern border?,0:::1:::2,Agree:::Disagree:::No opinion either way,0.0,Agree,2020-06-01 22:50:18
Soprano et al,Big-0,worker_38,True,unit_127,1.0,2020-06-01 22:50:49,0.0,start,False,crt,12.36,1.0,0.0,marks,number,,,,11.0,,2020-06-01 22:50:49
Soprano et al,Big-0,worker_38,True,unit_127,1.0,2020-06-01 22:51:15,0.0,start,False,crt,25.84,1.0,0.0,athletics,number,,,,4.0,,2020-06-01 22:51:15
Soprano et al,Big-0,worker_38,True,unit_127,1.0,2020-06-01 22:50:18,0.0,start,False,standard,52.12,1.0,5.0,age,mcq,What is your age range?,0:::1:::2:::3:::4:::5,0-18:::19-25:::26-35:::36-50:::50-80:::80,3.0,36-50,2020-06-01 22:50:18
Soprano et al,Big-0,worker_194,True,unit_45,1.0,2020-06-01 23:08:45,0.0,start,False,standard,43.46,1.0,5.0,age,mcq,What is your age range?,0:::1:::2:::3:::4:::5,0-18:::19-25:::26-35:::36-50:::50-80:::80,3.0,36-50,2020-06-01 23:08:45
Soprano et al,Big-0,worker_194,True,unit_45,1.0,2020-06-01 23:08:45,0.0,start,False,standard,43.46,1.0,3.0,consideration,mcq,"In politics today, do you consider yourself a",0:::1:::2:::3,Republican:::Democrat:::Independent:::Something else,1.0,Democrat,2020-06-01 23:08:45
Soprano et al,Big-0,worker_194,True,unit_45,1.0,2020-06-01 23:08:45,0.0,start,False,standard,43.46,1.0,8.0,taxes,mcq,"Last year what was your total family income from all sources, before taxes?",0:::1:::2:::3:::4:::5:::6:::7:::8,"Less than 10,000:::10,000 to less than 20,000:::20,000 to less than 30,000:::30,000 to less than 40,000:::40,000 to less than 50,000:::50,000 to less than 75,000:::75,000 to less than 100,000:::100,000 to less than 150,000:::150,000 or more",5.0,"50,000 to less than 75,000",2020-06-01 23:08:45
Soprano et al,Big-0,worker_194,True,unit_45,1.0,2020-06-01 23:08:45,0.0,start,False,standard,43.46,1.0,5.0,school,mcq,What is the highest level of school you have completed or the highest degree you have received?,0:::1:::2:::3:::4:::5,"High school incomplete or less:::High school graduate or GED (includes technical/vocational training that doesn’t towards college credit):::Some college (some community college, associate’s degree):::Four year college degree/bachelor’s degree:::Some postgraduate or professional schooling, no postgraduate degree:::Postgraduate or professional degree, including master’s, doctorate, medical or law degree",5.0,"Postgraduate or professional degree, including master’s, doctorate, medical or law degree",2020-06-01 23:08:45
Soprano et al,Big-0,worker_194,True,unit_45,1.0,2020-06-01 23:08:59,0.0,start,False,crt,14.28,1.0,0.0,farmers,number,,,,9.0,,2020-06-01 23:08:59
Soprano et al,Big-0,worker_194,True,unit_45,1.0,2020-06-01 23:08:45,0.0,start,False,standard,43.46,1.0,2.0,southern_border,mcq,Should the U.S. build a wall along the southern border?,0:::1:::2,Agree:::Disagree:::No opinion either way,1.0,Disagree,2020-06-01 23:08:45
Soprano et al,Big-0,worker_194,True,unit_45,1.0,2020-06-01 23:09:42,0.0,start,False,crt,21.4,1.0,0.0,athletics,number,,,,5.0,,2020-06-01 23:09:42
Soprano et al,Big-0,worker_194,True,unit_45,1.0,2020-06-01 23:09:20,0.0,start,False,crt,20.88,1.0,0.0,marks,number,,,,1.0,,2020-06-01 23:09:20
Soprano et al,Big-0,worker_194,True,unit_45,1.0,2020-06-01 23:08:45,0.0,start,False,standard,43.46,1.0,2.0,environment,mcq,Should the government increase environmental regulations to prevent climate change?,0:::1:::2,Agree:::Disagree:::No opinion either way,0.0,Agree,2020-06-01 23:08:45
Soprano et al,Big-0,worker_194,True,unit_45,1.0,2020-06-01 23:08:45,0.0,start,False,standard,43.46,1.0,4.0,political_views,mcq,"In general, would you describe your political views as",0:::1:::2:::3:::4,Very conservative:::Conservative:::Moderate:::Liberal:::Very liberal,3.0,Liberal,2020-06-01 23:08:45
Soprano et al,Big-0,worker_13,True,unit_65,1.0,2020-06-01 23:38:29,0.0,start,False,crt,17.5,1.0,0.0,athletics,number,,,,4.0,,2020-06-01 23:38:29
Soprano et al,Big-0,worker_13,True,unit_65,1.0,2020-06-01 23:38:11,0.0,start,False,crt,32.55,1.0,0.0,marks,number,,,,5.0,,2020-06-01 23:38:11
Soprano et al,Big-0,worker_13,True,unit_65,1.0,2020-06-01 23:37:30,0.0,start,False,standard,18.88,1.0,2.0,environment,mcq,Should the government increase environmental regulations to prevent climate change?,0:::1:::2,Agree:::Disagree:::No opinion either way,0.0,Agree,2020-06-01 23:37:30
Soprano et al,Big-0,worker_13,True,unit_65,1.0,2020-06-01 23:37:38,0.0,start,False,crt,8.11,1.0,0.0,farmers,number,,,,3.0,,2020-06-01 23:37:38
Soprano et al,Big-0,worker_13,True,unit_65,1.0,2020-06-01 23:37:30,0.0,start,False,standard,18.88,1.0,2.0,southern_border,mcq,Should the U.S. build a wall along the southern border?,0:::1:::2,Agree:::Disagree:::No opinion either way,1.0,Disagree,2020-06-01 23:37:30
Soprano et al,Big-0,worker_13,True,unit_65,1.0,2020-06-01 23:37:30,0.0,start,False,standard,18.88,1.0,5.0,school,mcq,What is the highest level of school you have completed or the highest degree you have received?,0:::1:::2:::3:::4:::5,"High school incomplete or less:::High school graduate or GED (includes technical/vocational training that doesn’t towards college credit):::Some college (some community college, associate’s degree):::Four year college degree/bachelor’s degree:::Some postgraduate or professional schooling, no postgraduate degree:::Postgraduate or professional degree, including master’s, doctorate, medical or law degree",5.0,"Postgraduate or professional degree, including master’s, doctorate, medical or law degree",2020-06-01 23:37:30
Soprano et al,Big-0,worker_13,True,unit_65,1.0,2020-06-01 23:37:30,0.0,start,False,standard,18.88,1.0,8.0,taxes,mcq,"Last year what was your total family income from all sources, before taxes?",0:::1:::2:::3:::4:::5:::6:::7:::8,"Less than 10,000:::10,000 to less than 20,000:::20,000 to less than 30,000:::30,000 to less than 40,000:::40,000 to less than 50,000:::50,000 to less than 75,000:::75,000 to less than 100,000:::100,000 to less than 150,000:::150,000 or more",3.0,"30,000 to less than 40,000",2020-06-01 23:37:30
Soprano et al,Big-0,worker_13,True,unit_65,1.0,2020-06-01 23:37:30,0.0,start,False,standard,18.88,1.0,4.0,political_views,mcq,"In general, would you describe your political views as",0:::1:::2:::3:::4,Very conservative:::Conservative:::Moderate:::Liberal:::Very liberal,3.0,Liberal,2020-06-01 23:37:30
Soprano et al,Big-0,worker_13,True,unit_65,1.0,2020-06-01 23:37:30,0.0,start,False,standard,18.88,1.0,3.0,consideration,mcq,"In politics today, do you consider yourself a",0:::1:::2:::3,Republican:::Democrat:::Independent:::Something else,1.0,Democrat,2020-06-01 23:37:30
Soprano et al,Big-0,worker_13,True,unit_65,1.0,2020-06-01 23:37:30,0.0,start,False,standard,18.88,1.0,5.0,age,mcq,What is your age range?,0:::1:::2:::3:::4:::5,0-18:::19-25:::26-35:::36-50:::50-80:::80,1.0,19-25,2020-06-01 23:37:30
Soprano et al,Big-0,worker_106,True,unit_87,1.0,2020-06-01 23:43:34,0.0,start,False,standard,28.77,1.0,5.0,school,mcq,What is the highest level of school you have completed or the highest degree you have received?,0:::1:::2:::3:::4:::5,"High school incomplete or less:::High school graduate or GED (includes technical/vocational training that doesn’t towards college credit):::Some college (some community college, associate’s degree):::Four year college degree/bachelor’s degree:::Some postgraduate or professional schooling, no postgraduate degree:::Postgraduate or professional degree, including master’s, doctorate, medical or law degree",2.0,"Some college (some community college, associate’s degree)",2020-06-01 23:43:34
Soprano et al,Big-0,worker_106,True,unit_87,1.0,2020-06-01 23:43:34,0.0,start,False,standard,28.77,1.0,8.0,taxes,mcq,"Last year what was your total family income from all sources, before taxes?",0:::1:::2:::3:::4:::5:::6:::7:::8,"Less than 10,000:::10,000 to less than 20,000:::20,000 to less than 30,000:::30,000 to less than 40,000:::40,000 to less than 50,000:::50,000 to less than 75,000:::75,000 to less than 100,000:::100,000 to less than 150,000:::150,000 or more",6.0,"75,000 to less than 100,000",2020-06-01 23:43:34
Soprano et al,Big-0,worker_106,True,unit_87,1.0,2020-06-01 23:44:06,0.0,start,False,crt,10.04,1.0,0.0,marks,number,,,,1.0,,2020-06-01 23:44:06
Soprano et al,Big-0,worker_106,True,unit_87,1.0,2020-06-01 23:44:32,0.0,start,False,crt,26.36,1.0,0.0,athletics,number,,,,0.0,,2020-06-01 23:44:32
Soprano et al,Big-0,worker_106,True,unit_87,1.0,2020-06-01 23:43:56,0.0,start,False,crt,21.39,1.0,0.0,farmers,number,,,,9.0,,2020-06-01 23:43:56
Soprano et al,Big-0,worker_106,True,unit_87,1.0,2020-06-01 23:43:34,0.0,start,False,standard,28.77,1.0,4.0,political_views,mcq,"In general, would you describe your political views as",0:::1:::2:::3:::4,Very conservative:::Conservative:::Moderate:::Liberal:::Very liberal,0.0,Very conservative,2020-06-01 23:43:34
Soprano et al,Big-0,worker_106,True,unit_87,1.0,2020-06-01 23:43:34,0.0,start,False,standard,28.77,1.0,2.0,environment,mcq,Should the government increase environmental regulations to prevent climate change?,0:::1:::2,Agree:::Disagree:::No opinion either way,2.0,No opinion either way,2020-06-01 23:43:34
Soprano et al,Big-0,worker_106,True,unit_87,1.0,2020-06-01 23:43:34,0.0,start,False,standard,28.77,1.0,5.0,age,mcq,What is your age range?,0:::1:::2:::3:::4:::5,0-18:::19-25:::26-35:::36-50:::50-80:::80,3.0,36-50,2020-06-01 23:43:34
Soprano et al,Big-0,worker_106,True,unit_87,1.0,2020-06-01 23:43:34,0.0,start,False,standard,28.77,1.0,2.0,southern_border,mcq,Should the U.S. build a wall along the southern border?,0:::1:::2,Agree:::Disagree:::No opinion either way,0.0,Agree,2020-06-01 23:43:34
Soprano et al,Big-0,worker_106,True,unit_87,1.0,2020-06-01 23:43:34,0.0,start,False,standard,28.77,1.0,3.0,consideration,mcq,"In politics today, do you consider yourself a",0:::1:::2:::3,Republican:::Democrat:::Independent:::Something else,0.0,Republican,2020-06-01 23:43:34
Soprano et al,Big-0,worker_176,True,unit_21,1.0,2020-06-02 00:06:51,0.0,start,False,standard,21.82,1.0,2.0,southern_border,mcq,Should the U.S. build a wall along the southern border?,0:::1:::2,Agree:::Disagree:::No opinion either way,1.0,Disagree,2020-06-02 00:06:51
Soprano et al,Big-0,worker_176,True,unit_21,1.0,2020-06-02 00:08:02,0.0,start,False,crt,16.43,1.0,0.0,marks,number,,,,10.0,,2020-06-02 00:08:02
Soprano et al,Big-0,worker_176,True,unit_21,1.0,2020-06-02 00:07:45,0.0,start,False,crt,54.06,1.0,0.0,farmers,number,,,,3.0,,2020-06-02 00:07:45
Soprano et al,Big-0,worker_176,True,unit_21,1.0,2020-06-02 00:06:51,0.0,start,False,standard,21.82,1.0,4.0,political_views,mcq,"In general, would you describe your political views as",0:::1:::2:::3:::4,Very conservative:::Conservative:::Moderate:::Liberal:::Very liberal,3.0,Liberal,2020-06-02 00:06:51
Soprano et al,Big-0,worker_176,True,unit_21,1.0,2020-06-02 00:08:21,0.0,start,False,crt,18.89,1.0,0.0,athletics,number,,,,5.0,,2020-06-02 00:08:21
Soprano et al,Big-0,worker_176,True,unit_21,1.0,2020-06-02 00:06:51,0.0,start,False,standard,21.82,1.0,3.0,consideration,mcq,"In politics today, do you consider yourself a",0:::1:::2:::3,Republican:::Democrat:::Independent:::Something else,1.0,Democrat,2020-06-02 00:06:51
Soprano et al,Big-0,worker_176,True,unit_21,1.0,2020-06-02 00:06:51,0.0,start,False,standard,21.82,1.0,5.0,school,mcq,What is the highest level of school you have completed or the highest degree you have received?,0:::1:::2:::3:::4:::5,"High school incomplete or less:::High school graduate or GED (includes technical/vocational training that doesn’t towards college credit):::Some college (some community college, associate’s degree):::Four year college degree/bachelor’s degree:::Some postgraduate or professional schooling, no postgraduate degree:::Postgraduate or professional degree, including master’s, doctorate, medical or law degree",5.0,"Postgraduate or professional degree, including master’s, doctorate, medical or law degree",2020-06-02 00:06:51
Soprano et al,Big-0,worker_176,True,unit_21,1.0,2020-06-02 00:06:51,0.0,start,False,standard,21.82,1.0,8.0,taxes,mcq,"Last year what was your total family income from all sources, before taxes?",0:::1:::2:::3:::4:::5:::6:::7:::8,"Less than 10,000:::10,000 to less than 20,000:::20,000 to less than 30,000:::30,000 to less than 40,000:::40,000 to less than 50,000:::50,000 to less than 75,000:::75,000 to less than 100,000:::100,000 to less than 150,000:::150,000 or more",5.0,"50,000 to less than 75,000",2020-06-02 00:06:51
Soprano et al,Big-0,worker_176,True,unit_21,1.0,2020-06-02 00:06:51,0.0,start,False,standard,21.82,1.0,2.0,environment,mcq,Should the government increase environmental regulations to prevent climate change?,0:::1:::2,Agree:::Disagree:::No opinion either way,0.0,Agree,2020-06-02 00:06:51
Soprano et al,Big-0,worker_176,True,unit_21,1.0,2020-06-02 00:06:51,0.0,start,False,standard,21.82,1.0,5.0,age,mcq,What is your age range?,0:::1:::2:::3:::4:::5,0-18:::19-25:::26-35:::36-50:::50-80:::80,2.0,26-35,2020-06-02 00:06:51
Soprano et al,Big-0,worker_43,True,unit_89,1.0,2020-06-02 00:24:06,0.0,start,False,crt,24.33,1.0,0.0,athletics,number,,,,4.0,,2020-06-02 00:24:06
Soprano et al,Big-0,worker_43,True,unit_89,1.0,2020-06-02 00:23:41,0.0,start,False,crt,9.98,1.0,0.0,marks,number,,,,9.0,,2020-06-02 00:23:41
Soprano et al,Big-0,worker_43,True,unit_89,1.0,2020-06-02 00:23:31,0.0,start,False,crt,85.64,1.0,0.0,farmers,number,,,,3.0,,2020-06-02 00:23:31
Soprano et al,Big-0,worker_43,True,unit_89,1.0,2020-06-02 00:22:06,0.0,start,False,standard,30.14,1.0,2.0,environment,mcq,Should the government increase environmental regulations to prevent climate change?,0:::1:::2,Agree:::Disagree:::No opinion either way,2.0,No opinion either way,2020-06-02 00:22:06
Soprano et al,Big-0,worker_43,True,unit_89,1.0,2020-06-02 00:22:06,0.0,start,False,standard,30.14,1.0,2.0,southern_border,mcq,Should the U.S. build a wall along the southern border?,0:::1:::2,Agree:::Disagree:::No opinion either way,0.0,Agree,2020-06-02 00:22:06
Soprano et al,Big-0,worker_43,True,unit_89,1.0,2020-06-02 00:22:06,0.0,start,False,standard,30.14,1.0,5.0,age,mcq,What is your age range?,0:::1:::2:::3:::4:::5,0-18:::19-25:::26-35:::36-50:::50-80:::80,2.0,26-35,2020-06-02 00:22:06
Soprano et al,Big-0,worker_43,True,unit_89,1.0,2020-06-02 00:22:06,0.0,start,False,standard,30.14,1.0,8.0,taxes,mcq,"Last year what was your total family income from all sources, before taxes?",0:::1:::2:::3:::4:::5:::6:::7:::8,"Less than 10,000:::10,000 to less than 20,000:::20,000 to less than 30,000:::30,000 to less than 40,000:::40,000 to less than 50,000:::50,000 to less than 75,000:::75,000 to less than 100,000:::100,000 to less than 150,000:::150,000 or more",4.0,"40,000 to less than 50,000",2020-06-02 00:22:06
Soprano et al,Big-0,worker_43,True,unit_89,1.0,2020-06-02 00:22:06,0.0,start,False,standard,30.14,1.0,3.0,consideration,mcq,"In politics today, do you consider yourself a",0:::1:::2:::3,Republican:::Democrat:::Independent:::Something else,2.0,Independent,2020-06-02 00:22:06
Soprano et al,Big-0,worker_43,True,unit_89,1.0,2020-06-02 00:22:06,0.0,start,False,standard,30.14,1.0,5.0,school,mcq,What is the highest level of school you have completed or the highest degree you have received?,0:::1:::2:::3:::4:::5,"High school incomplete or less:::High school graduate or GED (includes technical/vocational training that doesn’t towards college credit):::Some college (some community college, associate’s degree):::Four year college degree/bachelor’s degree:::Some postgraduate or professional schooling, no postgraduate degree:::Postgraduate or professional degree, including master’s, doctorate, medical or law degree",3.0,Four year college degree/bachelor’s degree,2020-06-02 00:22:06
Soprano et al,Big-0,worker_43,True,unit_89,1.0,2020-06-02 00:22:06,0.0,start,False,standard,30.14,1.0,4.0,political_views,mcq,"In general, would you describe your political views as",0:::1:::2:::3:::4,Very conservative:::Conservative:::Moderate:::Liberal:::Very liberal,2.0,Moderate,2020-06-02 00:22:06
Soprano et al,Big-0,worker_100,True,unit_141,1.0,2020-06-02 00:22:10,0.0,start,False,standard,16.26,1.0,2.0,environment,mcq,Should the government increase environmental regulations to prevent climate change?,0:::1:::2,Agree:::Disagree:::No opinion either way,0.0,Agree,2020-06-02 00:22:10
Soprano et al,Big-0,worker_100,True,unit_141,1.0,2020-06-02 00:23:01,0.0,start,False,crt,12.0,1.0,0.0,athletics,number,,,,4.0,,2020-06-02 00:23:01
Soprano et al,Big-0,worker_100,True,unit_141,1.0,2020-06-02 00:22:10,0.0,start,False,standard,16.26,1.0,5.0,school,mcq,What is the highest level of school you have completed or the highest degree you have received?,0:::1:::2:::3:::4:::5,"High school incomplete or less:::High school graduate or GED (includes technical/vocational training that doesn’t towards college credit):::Some college (some community college, associate’s degree):::Four year college degree/bachelor’s degree:::Some postgraduate or professional schooling, no postgraduate degree:::Postgraduate or professional degree, including master’s, doctorate, medical or law degree",3.0,Four year college degree/bachelor’s degree,2020-06-02 00:22:10
Soprano et al,Big-0,worker_100,True,unit_141,1.0,2020-06-02 00:22:10,0.0,start,False,standard,16.26,1.0,5.0,age,mcq,What is your age range?,0:::1:::2:::3:::4:::5,0-18:::19-25:::26-35:::36-50:::50-80:::80,1.0,19-25,2020-06-02 00:22:10
Soprano et al,Big-0,worker_100,True,unit_141,1.0,2020-06-02 00:22:10,0.0,start,False,standard,16.26,1.0,4.0,political_views,mcq,"In general, would you describe your political views as",0:::1:::2:::3:::4,Very conservative:::Conservative:::Moderate:::Liberal:::Very liberal,3.0,Liberal,2020-06-02 00:22:10
Soprano et al,Big-0,worker_100,True,unit_141,1.0,2020-06-02 00:22:10,0.0,start,False,standard,16.26,1.0,3.0,consideration,mcq,"In politics today, do you consider yourself a",0:::1:::2:::3,Republican:::Democrat:::Independent:::Something else,1.0,Democrat,2020-06-02 00:22:10
Soprano et al,Big-0,worker_100,True,unit_141,1.0,2020-06-02 00:22:10,0.0,start,False,standard,16.26,1.0,2.0,southern_border,mcq,Should the U.S. build a wall along the southern border?,0:::1:::2,Agree:::Disagree:::No opinion either way,1.0,Disagree,2020-06-02 00:22:10
Soprano et al,Big-0,worker_100,True,unit_141,1.0,2020-06-02 00:22:35,0.0,start,False,crt,25.36,1.0,0.0,farmers,number,,,,3.0,,2020-06-02 00:22:35
Soprano et al,Big-0,worker_100,True,unit_141,1.0,2020-06-02 00:22:49,0.0,start,False,crt,13.78,1.0,0.0,marks,number,,,,9.0,,2020-06-02 00:22:49
Soprano et al,Big-0,worker_100,True,unit_141,1.0,2020-06-02 00:22:10,0.0,start,False,standard,16.26,1.0,8.0,taxes,mcq,"Last year what was your total family income from all sources, before taxes?",0:::1:::2:::3:::4:::5:::6:::7:::8,"Less than 10,000:::10,000 to less than 20,000:::20,000 to less than 30,000:::30,000 to less than 40,000:::40,000 to less than 50,000:::50,000 to less than 75,000:::75,000 to less than 100,000:::100,000 to less than 150,000:::150,000 or more",7.0,"100,000 to less than 150,000",2020-06-02 00:22:10
Soprano et al,Big-0,worker_200,True,unit_167,1.0,2020-06-02 00:33:24,0.0,start,False,crt,108.64,1.0,0.0,farmers,number,,,,3.0,,2020-06-02 00:33:24
Soprano et al,Big-0,worker_200,True,unit_167,1.0,2020-06-02 00:31:36,0.0,start,False,standard,70.33,1.0,2.0,environment,mcq,Should the government increase environmental regulations to prevent climate change?,0:::1:::2,Agree:::Disagree:::No opinion either way,0.0,Agree,2020-06-02 00:31:36
Soprano et al,Big-0,worker_200,True,unit_167,1.0,2020-06-02 00:31:36,0.0,start,False,standard,70.33,1.0,5.0,school,mcq,What is the highest level of school you have completed or the highest degree you have received?,0:::1:::2:::3:::4:::5,"High school incomplete or less:::High school graduate or GED (includes technical/vocational training that doesn’t towards college credit):::Some college (some community college, associate’s degree):::Four year college degree/bachelor’s degree:::Some postgraduate or professional schooling, no postgraduate degree:::Postgraduate or professional degree, including master’s, doctorate, medical or law degree",3.0,Four year college degree/bachelor’s degree,2020-06-02 00:31:36
Soprano et al,Big-0,worker_200,True,unit_167,1.0,2020-06-02 00:31:36,0.0,start,False,standard,70.33,1.0,8.0,taxes,mcq,"Last year what was your total family income from all sources, before taxes?",0:::1:::2:::3:::4:::5:::6:::7:::8,"Less than 10,000:::10,000 to less than 20,000:::20,000 to less than 30,000:::30,000 to less than 40,000:::40,000 to less than 50,000:::50,000 to less than 75,000:::75,000 to less than 100,000:::100,000 to less than 150,000:::150,000 or more",2.0,"20,000 to less than 30,000",2020-06-02 00:31:36
Soprano et al,Big-0,worker_200,True,unit_167,1.0,2020-06-02 00:34:56,0.0,start,False,crt,53.72,1.0,0.0,athletics,number,,,,5.0,,2020-06-02 00:34:56
Soprano et al,Big-0,worker_200,True,unit_167,1.0,2020-06-02 00:31:36,0.0,start,False,standard,70.33,1.0,2.0,southern_border,mcq,Should the U.S. build a wall along the southern border?,0:::1:::2,Agree:::Disagree:::No opinion either way,1.0,Disagree,2020-06-02 00:31:36
Soprano et al,Big-0,worker_200,True,unit_167,1.0,2020-06-02 00:34:02,0.0,start,False,crt,37.92,1.0,0.0,marks,number,,,,10.0,,2020-06-02 00:34:02
Soprano et al,Big-0,worker_200,True,unit_167,1.0,2020-06-02 00:31:36,0.0,start,False,standard,70.33,1.0,4.0,political_views,mcq,"In general, would you describe your political views as",0:::1:::2:::3:::4,Very conservative:::Conservative:::Moderate:::Liberal:::Very liberal,3.0,Liberal,2020-06-02 00:31:36
Soprano et al,Big-0,worker_200,True,unit_167,1.0,2020-06-02 00:31:36,0.0,start,False,standard,70.33,1.0,5.0,age,mcq,What is your age range?,0:::1:::2:::3:::4:::5,0-18:::19-25:::26-35:::36-50:::50-80:::80,3.0,36-50,2020-06-02 00:31:36
Soprano et al,Big-0,worker_200,True,unit_167,1.0,2020-06-02 00:31:36,0.0,start,False,standard,70.33,1.0,3.0,consideration,mcq,"In politics today, do you consider yourself a",0:::1:::2:::3,Republican:::Democrat:::Independent:::Something else,1.0,Democrat,2020-06-02 00:31:36
Soprano et al,Big-0,worker_132,True,unit_85,1.0,2020-06-02 00:36:30,0.0,start,False,standard,27.51,1.0,5.0,school,mcq,What is the highest level of school you have completed or the highest degree you have received?,0:::1:::2:::3:::4:::5,"High school incomplete or less:::High school graduate or GED (includes technical/vocational training that doesn’t towards college credit):::Some college (some community college, associate’s degree):::Four year college degree/bachelor’s degree:::Some postgraduate or professional schooling, no postgraduate degree:::Postgraduate or professional degree, including master’s, doctorate, medical or law degree",2.0,"Some college (some community college, associate’s degree)",2020-06-02 00:36:30
Soprano et al,Big-0,worker_132,True,unit_85,1.0,2020-06-02 00:36:30,0.0,start,False,standard,27.51,1.0,8.0,taxes,mcq,"Last year what was your total family income from all sources, before taxes?",0:::1:::2:::3:::4:::5:::6:::7:::8,"Less than 10,000:::10,000 to less than 20,000:::20,000 to less than 30,000:::30,000 to less than 40,000:::40,000 to less than 50,000:::50,000 to less than 75,000:::75,000 to less than 100,000:::100,000 to less than 150,000:::150,000 or more",5.0,"50,000 to less than 75,000",2020-06-02 00:36:30
Soprano et al,Big-0,worker_132,True,unit_85,1.0,2020-06-02 00:37:42,0.0,start,False,crt,20.15,1.0,0.0,athletics,number,,,,5.0,,2020-06-02 00:37:42
Soprano et al,Big-0,worker_132,True,unit_85,1.0,2020-06-02 00:37:22,0.0,start,False,crt,9.63,1.0,0.0,marks,number,,,,1.0,,2020-06-02 00:37:22
Soprano et al,Big-0,worker_132,True,unit_85,1.0,2020-06-02 00:37:12,0.0,start,False,crt,42.34,1.0,0.0,farmers,number,,,,9.0,,2020-06-02 00:37:12
Soprano et al,Big-0,worker_132,True,unit_85,1.0,2020-06-02 00:36:30,0.0,start,False,standard,27.51,1.0,2.0,environment,mcq,Should the government increase environmental regulations to prevent climate change?,0:::1:::2,Agree:::Disagree:::No opinion either way,0.0,Agree,2020-06-02 00:36:30
Soprano et al,Big-0,worker_132,True,unit_85,1.0,2020-06-02 00:36:30,0.0,start,False,standard,27.51,1.0,2.0,southern_border,mcq,Should the U.S. build a wall along the southern border?,0:::1:::2,Agree:::Disagree:::No opinion either way,0.0,Agree,2020-06-02 00:36:30
Soprano et al,Big-0,worker_132,True,unit_85,1.0,2020-06-02 00:36:30,0.0,start,False,standard,27.51,1.0,4.0,political_views,mcq,"In general, would you describe your political views as",0:::1:::2:::3:::4,Very conservative:::Conservative:::Moderate:::Liberal:::Very liberal,2.0,Moderate,2020-06-02 00:36:30
Soprano et al,Big-0,worker_132,True,unit_85,1.0,2020-06-02 00:36:30,0.0,start,False,standard,27.51,1.0,5.0,age,mcq,What is your age range?,0:::1:::2:::3:::4:::5,0-18:::19-25:::26-35:::36-50:::50-80:::80,4.0,50-80,2020-06-02 00:36:30
Soprano et al,Big-0,worker_132,True,unit_85,1.0,2020-06-02 00:36:30,0.0,start,False,standard,27.51,1.0,3.0,consideration,mcq,"In politics today, do you consider yourself a",0:::1:::2:::3,Republican:::Democrat:::Independent:::Something else,1.0,Democrat,2020-06-02 00:36:30
Soprano et al,Big-0,worker_8,True,unit_185,1.0,2020-06-02 00:38:00,0.0,start,False,standard,28.78,1.0,2.0,southern_border,mcq,Should the U.S. build a wall along the southern border?,0:::1:::2,Agree:::Disagree:::No opinion either way,2.0,No opinion either way,2020-06-02 00:38:00
Soprano et al,Big-0,worker_8,True,unit_185,1.0,2020-06-02 00:39:05,0.0,start,False,crt,65.03,1.0,0.0,farmers,number,,,,9.0,,2020-06-02 00:39:05
Soprano et al,Big-0,worker_8,True,unit_185,1.0,2020-06-02 00:38:00,0.0,start,False,standard,28.78,1.0,3.0,consideration,mcq,"In politics today, do you consider yourself a",0:::1:::2:::3,Republican:::Democrat:::Independent:::Something else,3.0,Something else,2020-06-02 00:38:00
Soprano et al,Big-0,worker_8,True,unit_185,1.0,2020-06-02 00:38:00,0.0,start,False,standard,28.78,1.0,4.0,political_views,mcq,"In general, would you describe your political views as",0:::1:::2:::3:::4,Very conservative:::Conservative:::Moderate:::Liberal:::Very liberal,2.0,Moderate,2020-06-02 00:38:00
Soprano et al,Big-0,worker_8,True,unit_185,1.0,2020-06-02 00:38:00,0.0,start,False,standard,28.78,1.0,5.0,school,mcq,What is the highest level of school you have completed or the highest degree you have received?,0:::1:::2:::3:::4:::5,"High school incomplete or less:::High school graduate or GED (includes technical/vocational training that doesn’t towards college credit):::Some college (some community college, associate’s degree):::Four year college degree/bachelor’s degree:::Some postgraduate or professional schooling, no postgraduate degree:::Postgraduate or professional degree, including master’s, doctorate, medical or law degree",3.0,Four year college degree/bachelor’s degree,2020-06-02 00:38:00
Soprano et al,Big-0,worker_8,True,unit_185,1.0,2020-06-02 00:38:00,0.0,start,False,standard,28.78,1.0,8.0,taxes,mcq,"Last year what was your total family income from all sources, before taxes?",0:::1:::2:::3:::4:::5:::6:::7:::8,"Less than 10,000:::10,000 to less than 20,000:::20,000 to less than 30,000:::30,000 to less than 40,000:::40,000 to less than 50,000:::50,000 to less than 75,000:::75,000 to less than 100,000:::100,000 to less than 150,000:::150,000 or more",6.0,"75,000 to less than 100,000",2020-06-02 00:38:00
Soprano et al,Big-0,worker_8,True,unit_185,1.0,2020-06-02 00:38:00,0.0,start,False,standard,28.78,1.0,2.0,environment,mcq,Should the government increase environmental regulations to prevent climate change?,0:::1:::2,Agree:::Disagree:::No opinion either way,0.0,Agree,2020-06-02 00:38:00
Soprano et al,Big-0,worker_8,True,unit_185,1.0,2020-06-02 00:38:00,0.0,start,False,standard,28.78,1.0,5.0,age,mcq,What is your age range?,0:::1:::2:::3:::4:::5,0-18:::19-25:::26-35:::36-50:::50-80:::80,2.0,26-35,2020-06-02 00:38:00
Soprano et al,Big-0,worker_8,True,unit_185,1.0,2020-06-02 00:40:00,0.0,start,False,crt,34.02,1.0,0.0,athletics,number,,,,5.0,,2020-06-02 00:40:00
Soprano et al,Big-0,worker_8,True,unit_185,1.0,2020-06-02 00:39:26,0.0,start,False,crt,20.96,1.0,0.0,marks,number,,,,10.0,,2020-06-02 00:39:26
Soprano et al,Big-0,worker_109,True,unit_49,1.0,2020-06-02 00:39:04,0.0,start,False,standard,17.85,1.0,5.0,age,mcq,What is your age range?,0:::1:::2:::3:::4:::5,0-18:::19-25:::26-35:::36-50:::50-80:::80,3.0,36-50,2020-06-02 00:39:04
Soprano et al,Big-0,worker_109,True,unit_49,1.0,2020-06-02 00:39:04,0.0,start,False,standard,17.85,1.0,3.0,consideration,mcq,"In politics today, do you consider yourself a",0:::1:::2:::3,Republican:::Democrat:::Independent:::Something else,1.0,Democrat,2020-06-02 00:39:04
Soprano et al,Big-0,worker_109,True,unit_49,1.0,2020-06-02 00:39:45,0.0,start,False,crt,12.47,1.0,0.0,athletics,number,,,,5.0,,2020-06-02 00:39:45
Soprano et al,Big-0,worker_109,True,unit_49,1.0,2020-06-02 00:39:33,0.0,start,False,crt,6.8,1.0,0.0,marks,number,,,,1.0,,2020-06-02 00:39:33
Soprano et al,Big-0,worker_109,True,unit_49,1.0,2020-06-02 00:39:26,0.0,start,False,crt,21.57,1.0,0.0,farmers,number,,,,9.0,,2020-06-02 00:39:26
Soprano et al,Big-0,worker_109,True,unit_49,1.0,2020-06-02 00:39:04,0.0,start,False,standard,17.85,1.0,4.0,political_views,mcq,"In general, would you describe your political views as",0:::1:::2:::3:::4,Very conservative:::Conservative:::Moderate:::Liberal:::Very liberal,3.0,Liberal,2020-06-02 00:39:04
Soprano et al,Big-0,worker_109,True,unit_49,1.0,2020-06-02 00:39:04,0.0,start,False,standard,17.85,1.0,2.0,southern_border,mcq,Should the U.S. build a wall along the southern border?,0:::1:::2,Agree:::Disagree:::No opinion either way,1.0,Disagree,2020-06-02 00:39:04
Soprano et al,Big-0,worker_109,True,unit_49,1.0,2020-06-02 00:39:04,0.0,start,False,standard,17.85,1.0,8.0,taxes,mcq,"Last year what was your total family income from all sources, before taxes?",0:::1:::2:::3:::4:::5:::6:::7:::8,"Less than 10,000:::10,000 to less than 20,000:::20,000 to less than 30,000:::30,000 to less than 40,000:::40,000 to less than 50,000:::50,000 to less than 75,000:::75,000 to less than 100,000:::100,000 to less than 150,000:::150,000 or more",3.0,"30,000 to less than 40,000",2020-06-02 00:39:04
Soprano et al,Big-0,worker_109,True,unit_49,1.0,2020-06-02 00:39:04,0.0,start,False,standard,17.85,1.0,5.0,school,mcq,What is the highest level of school you have completed or the highest degree you have received?,0:::1:::2:::3:::4:::5,"High school incomplete or less:::High school graduate or GED (includes technical/vocational training that doesn’t towards college credit):::Some college (some community college, associate’s degree):::Four year college degree/bachelor’s degree:::Some postgraduate or professional schooling, no postgraduate degree:::Postgraduate or professional degree, including master’s, doctorate, medical or law degree",2.0,"Some college (some community college, associate’s degree)",2020-06-02 00:39:04
Soprano et al,Big-0,worker_109,True,unit_49,1.0,2020-06-02 00:39:04,0.0,start,False,standard,17.85,1.0,2.0,environment,mcq,Should the government increase environmental regulations to prevent climate change?,0:::1:::2,Agree:::Disagree:::No opinion either way,0.0,Agree,2020-06-02 00:39:04
Soprano et al,Big-0,worker_180,True,unit_99,1.0,2020-06-02 00:42:07,0.0,start,False,crt,56.23,1.0,0.0,athletics,number,,,,15.0,,2020-06-02 00:42:07
Soprano et al,Big-0,worker_180,True,unit_99,1.0,2020-06-02 00:41:10,0.0,start,False,crt,23.65,1.0,0.0,marks,number,,,,10.0,,2020-06-02 00:41:10
Soprano et al,Big-0,worker_180,True,unit_99,1.0,2020-06-02 00:40:02,0.0,start,False,standard,23.62,1.0,2.0,environment,mcq,Should the government increase environmental regulations to prevent climate change?,0:::1:::2,Agree:::Disagree:::No opinion either way,0.0,Agree,2020-06-02 00:40:02
Soprano et al,Big-0,worker_180,True,unit_99,1.0,2020-06-02 00:40:02,0.0,start,False,standard,23.62,1.0,2.0,southern_border,mcq,Should the U.S. build a wall along the southern border?,0:::1:::2,Agree:::Disagree:::No opinion either way,0.0,Agree,2020-06-02 00:40:02
Soprano et al,Big-0,worker_180,True,unit_99,1.0,2020-06-02 00:40:02,0.0,start,False,standard,23.62,1.0,4.0,political_views,mcq,"In general, would you describe your political views as",0:::1:::2:::3:::4,Very conservative:::Conservative:::Moderate:::Liberal:::Very liberal,3.0,Liberal,2020-06-02 00:40:02
Soprano et al,Big-0,worker_180,True,unit_99,1.0,2020-06-02 00:40:02,0.0,start,False,standard,23.62,1.0,8.0,taxes,mcq,"Last year what was your total family income from all sources, before taxes?",0:::1:::2:::3:::4:::5:::6:::7:::8,"Less than 10,000:::10,000 to less than 20,000:::20,000 to less than 30,000:::30,000 to less than 40,000:::40,000 to less than 50,000:::50,000 to less than 75,000:::75,000 to less than 100,000:::100,000 to less than 150,000:::150,000 or more",3.0,"30,000 to less than 40,000",2020-06-02 00:40:02
Soprano et al,Big-0,worker_180,True,unit_99,1.0,2020-06-02 00:40:47,0.0,start,False,crt,44.65,1.0,0.0,farmers,number,,,,8.0,,2020-06-02 00:40:47
Soprano et al,Big-0,worker_180,True,unit_99,1.0,2020-06-02 00:40:02,0.0,start,False,standard,23.62,1.0,5.0,age,mcq,What is your age range?,0:::1:::2:::3:::4:::5,0-18:::19-25:::26-35:::36-50:::50-80:::80,2.0,26-35,2020-06-02 00:40:02
Soprano et al,Big-0,worker_180,True,unit_99,1.0,2020-06-02 00:40:02,0.0,start,False,standard,23.62,1.0,3.0,consideration,mcq,"In politics today, do you consider yourself a",0:::1:::2:::3,Republican:::Democrat:::Independent:::Something else,0.0,Republican,2020-06-02 00:40:02
Soprano et al,Big-0,worker_180,True,unit_99,1.0,2020-06-02 00:40:02,0.0,start,False,standard,23.62,1.0,5.0,school,mcq,What is the highest level of school you have completed or the highest degree you have received?,0:::1:::2:::3:::4:::5,"High school incomplete or less:::High school graduate or GED (includes technical/vocational training that doesn’t towards college credit):::Some college (some community college, associate’s degree):::Four year college degree/bachelor’s degree:::Some postgraduate or professional schooling, no postgraduate degree:::Postgraduate or professional degree, including master’s, doctorate, medical or law degree",3.0,Four year college degree/bachelor’s degree,2020-06-02 00:40:02
Soprano et al,Big-0,worker_3,True,unit_13,1.0,2020-06-02 00:42:05,0.0,start,False,crt,32.3,1.0,0.0,farmers,number,,,,3.0,,2020-06-02 00:42:05
Soprano et al,Big-0,worker_3,True,unit_13,1.0,2020-06-02 00:43:43,0.0,start,False,crt,56.3,1.0,0.0,athletics,number,,,,4.0,,2020-06-02 00:43:43
Soprano et al,Big-0,worker_3,True,unit_13,1.0,2020-06-02 00:41:32,0.0,start,False,standard,25.7,1.0,2.0,southern_border,mcq,Should the U.S. build a wall along the southern border?,0:::1:::2,Agree:::Disagree:::No opinion either way,0.0,Agree,2020-06-02 00:41:32
Soprano et al,Big-0,worker_3,True,unit_13,1.0,2020-06-02 00:41:32,0.0,start,False,standard,25.7,1.0,3.0,consideration,mcq,"In politics today, do you consider yourself a",0:::1:::2:::3,Republican:::Democrat:::Independent:::Something else,0.0,Republican,2020-06-02 00:41:32
Soprano et al,Big-0,worker_3,True,unit_13,1.0,2020-06-02 00:41:32,0.0,start,False,standard,25.7,1.0,4.0,political_views,mcq,"In general, would you describe your political views as",0:::1:::2:::3:::4,Very conservative:::Conservative:::Moderate:::Liberal:::Very liberal,1.0,Conservative,2020-06-02 00:41:32
Soprano et al,Big-0,worker_3,True,unit_13,1.0,2020-06-02 00:41:32,0.0,start,False,standard,25.7,1.0,5.0,school,mcq,What is the highest level of school you have completed or the highest degree you have received?,0:::1:::2:::3:::4:::5,"High school incomplete or less:::High school graduate or GED (includes technical/vocational training that doesn’t towards college credit):::Some college (some community college, associate’s degree):::Four year college degree/bachelor’s degree:::Some postgraduate or professional schooling, no postgraduate degree:::Postgraduate or professional degree, including master’s, doctorate, medical or law degree",5.0,"Postgraduate or professional degree, including master’s, doctorate, medical or law degree",2020-06-02 00:41:32
Soprano et al,Big-0,worker_3,True,unit_13,1.0,2020-06-02 00:41:32,0.0,start,False,standard,25.7,1.0,5.0,age,mcq,What is your age range?,0:::1:::2:::3:::4:::5,0-18:::19-25:::26-35:::36-50:::50-80:::80,2.0,26-35,2020-06-02 00:41:32
Soprano et al,Big-0,worker_3,True,unit_13,1.0,2020-06-02 00:41:32,0.0,start,False,standard,25.7,1.0,8.0,taxes,mcq,"Last year what was your total family income from all sources, before taxes?",0:::1:::2:::3:::4:::5:::6:::7:::8,"Less than 10,000:::10,000 to less than 20,000:::20,000 to less than 30,000:::30,000 to less than 40,000:::40,000 to less than 50,000:::50,000 to less than 75,000:::75,000 to less than 100,000:::100,000 to less than 150,000:::150,000 or more",5.0,"50,000 to less than 75,000",2020-06-02 00:41:32
Soprano et al,Big-0,worker_3,True,unit_13,1.0,2020-06-02 00:42:47,0.0,start,False,crt,42.49,1.0,0.0,marks,number,,,,9.0,,2020-06-02 00:42:47
Soprano et al,Big-0,worker_3,True,unit_13,1.0,2020-06-02 00:41:32,0.0,start,False,standard,25.7,1.0,2.0,environment,mcq,Should the government increase environmental regulations to prevent climate change?,0:::1:::2,Agree:::Disagree:::No opinion either way,1.0,Disagree,2020-06-02 00:41:32
Soprano et al,Big-0,worker_75,True,unit_83,1.0,2020-06-02 00:43:07,0.0,start,False,standard,16.77,1.0,4.0,political_views,mcq,"In general, would you describe your political views as",0:::1:::2:::3:::4,Very conservative:::Conservative:::Moderate:::Liberal:::Very liberal,2.0,Moderate,2020-06-02 00:43:07
Soprano et al,Big-0,worker_75,True,unit_83,1.0,2020-06-02 00:43:07,0.0,start,False,standard,16.77,1.0,8.0,taxes,mcq,"Last year what was your total family income from all sources, before taxes?",0:::1:::2:::3:::4:::5:::6:::7:::8,"Less than 10,000:::10,000 to less than 20,000:::20,000 to less than 30,000:::30,000 to less than 40,000:::40,000 to less than 50,000:::50,000 to less than 75,000:::75,000 to less than 100,000:::100,000 to less than 150,000:::150,000 or more",8.0,"150,000 or more",2020-06-02 00:43:07
Soprano et al,Big-0,worker_75,True,unit_83,1.0,2020-06-02 00:43:07,0.0,start,False,standard,16.77,1.0,5.0,school,mcq,What is the highest level of school you have completed or the highest degree you have received?,0:::1:::2:::3:::4:::5,"High school incomplete or less:::High school graduate or GED (includes technical/vocational training that doesn’t towards college credit):::Some college (some community college, associate’s degree):::Four year college degree/bachelor’s degree:::Some postgraduate or professional schooling, no postgraduate degree:::Postgraduate or professional degree, including master’s, doctorate, medical or law degree",3.0,Four year college degree/bachelor’s degree,2020-06-02 00:43:07
Soprano et al,Big-0,worker_75,True,unit_83,1.0,2020-06-02 00:43:07,0.0,start,False,standard,16.77,1.0,5.0,age,mcq,What is your age range?,0:::1:::2:::3:::4:::5,0-18:::19-25:::26-35:::36-50:::50-80:::80,1.0,19-25,2020-06-02 00:43:07
Soprano et al,Big-0,worker_75,True,unit_83,1.0,2020-06-02 00:43:36,0.0,start,False,crt,10.03,1.0,0.0,marks,number,,,,10.0,,2020-06-02 00:43:36
Soprano et al,Big-0,worker_75,True,unit_83,1.0,2020-06-02 00:43:54,0.0,start,False,crt,18.71,1.0,0.0,athletics,number,,,,5.0,,2020-06-02 00:43:54
Soprano et al,Big-0,worker_75,True,unit_83,1.0,2020-06-02 00:43:26,0.0,start,False,crt,18.26,1.0,0.0,farmers,number,,,,9.0,,2020-06-02 00:43:26
Soprano et al,Big-0,worker_75,True,unit_83,1.0,2020-06-02 00:43:07,0.0,start,False,standard,16.77,1.0,2.0,southern_border,mcq,Should the U.S. build a wall along the southern border?,0:::1:::2,Agree:::Disagree:::No opinion either way,1.0,Disagree,2020-06-02 00:43:07
Soprano et al,Big-0,worker_75,True,unit_83,1.0,2020-06-02 00:43:07,0.0,start,False,standard,16.77,1.0,2.0,environment,mcq,Should the government increase environmental regulations to prevent climate change?,0:::1:::2,Agree:::Disagree:::No opinion either way,0.0,Agree,2020-06-02 00:43:07
Soprano et al,Big-0,worker_75,True,unit_83,1.0,2020-06-02 00:43:07,0.0,start,False,standard,16.77,1.0,3.0,consideration,mcq,"In politics today, do you consider yourself a",0:::1:::2:::3,Republican:::Democrat:::Independent:::Something else,1.0,Democrat,2020-06-02 00:43:07
Soprano et al,Big-0,worker_87,True,unit_9,1.0,2020-06-02 00:46:14,0.0,start,False,crt,27.08,1.0,0.0,farmers,number,,,,9.0,,2020-06-02 00:46:14
Soprano et al,Big-0,worker_87,True,unit_9,1.0,2020-06-02 00:45:47,0.0,start,False,standard,37.77,1.0,2.0,environment,mcq,Should the government increase environmental regulations to prevent climate change?,0:::1:::2,Agree:::Disagree:::No opinion either way,0.0,Agree,2020-06-02 00:45:47
Soprano et al,Big-0,worker_87,True,unit_9,1.0,2020-06-02 00:46:37,0.0,start,False,crt,23.07,1.0,0.0,marks,number,,,,10.0,,2020-06-02 00:46:37
Soprano et al,Big-0,worker_87,True,unit_9,1.0,2020-06-02 00:45:47,0.0,start,False,standard,37.77,1.0,5.0,school,mcq,What is the highest level of school you have completed or the highest degree you have received?,0:::1:::2:::3:::4:::5,"High school incomplete or less:::High school graduate or GED (includes technical/vocational training that doesn’t towards college credit):::Some college (some community college, associate’s degree):::Four year college degree/bachelor’s degree:::Some postgraduate or professional schooling, no postgraduate degree:::Postgraduate or professional degree, including master’s, doctorate, medical or law degree",1.0,High school graduate or GED (includes technical/vocational training that doesn’t towards college credit),2020-06-02 00:45:47
Soprano et al,Big-0,worker_87,True,unit_9,1.0,2020-06-02 00:45:47,0.0,start,False,standard,37.77,1.0,5.0,age,mcq,What is your age range?,0:::1:::2:::3:::4:::5,0-18:::19-25:::26-35:::36-50:::50-80:::80,1.0,19-25,2020-06-02 00:45:47
Soprano et al,Big-0,worker_87,True,unit_9,1.0,2020-06-02 00:45:47,0.0,start,False,standard,37.77,1.0,4.0,political_views,mcq,"In general, would you describe your political views as",0:::1:::2:::3:::4,Very conservative:::Conservative:::Moderate:::Liberal:::Very liberal,2.0,Moderate,2020-06-02 00:45:47
Soprano et al,Big-0,worker_87,True,unit_9,1.0,2020-06-02 00:47:07,0.0,start,False,crt,29.91,1.0,0.0,athletics,number,,,,4.0,,2020-06-02 00:47:07
Soprano et al,Big-0,worker_87,True,unit_9,1.0,2020-06-02 00:45:47,0.0,start,False,standard,37.77,1.0,2.0,southern_border,mcq,Should the U.S. build a wall along the southern border?,0:::1:::2,Agree:::Disagree:::No opinion either way,1.0,Disagree,2020-06-02 00:45:47
Soprano et al,Big-0,worker_87,True,unit_9,1.0,2020-06-02 00:45:47,0.0,start,False,standard,37.77,1.0,3.0,consideration,mcq,"In politics today, do you consider yourself a",0:::1:::2:::3,Republican:::Democrat:::Independent:::Something else,2.0,Independent,2020-06-02 00:45:47
Soprano et al,Big-0,worker_87,True,unit_9,1.0,2020-06-02 00:45:47,0.0,start,False,standard,37.77,1.0,8.0,taxes,mcq,"Last year what was your total family income from all sources, before taxes?",0:::1:::2:::3:::4:::5:::6:::7:::8,"Less than 10,000:::10,000 to less than 20,000:::20,000 to less than 30,000:::30,000 to less than 40,000:::40,000 to less than 50,000:::50,000 to less than 75,000:::75,000 to less than 100,000:::100,000 to less than 150,000:::150,000 or more",7.0,"100,000 to less than 150,000",2020-06-02 00:45:47
Soprano et al,Big-0,worker_91,True,unit_39,1.0,2020-06-02 00:50:08,0.0,start,False,standard,81.16,1.0,4.0,political_views,mcq,"In general, would you describe your political views as",0:::1:::2:::3:::4,Very conservative:::Conservative:::Moderate:::Liberal:::Very liberal,1.0,Conservative,2020-06-02 00:50:08
Soprano et al,Big-0,worker_91,True,unit_39,1.0,2020-06-02 00:50:08,0.0,start,False,standard,81.16,1.0,5.0,age,mcq,What is your age range?,0:::1:::2:::3:::4:::5,0-18:::19-25:::26-35:::36-50:::50-80:::80,3.0,36-50,2020-06-02 00:50:08
Soprano et al,Big-0,worker_91,True,unit_39,1.0,2020-06-02 00:50:08,0.0,start,False,standard,81.16,1.0,5.0,school,mcq,What is the highest level of school you have completed or the highest degree you have received?,0:::1:::2:::3:::4:::5,"High school incomplete or less:::High school graduate or GED (includes technical/vocational training that doesn’t towards college credit):::Some college (some community college, associate’s degree):::Four year college degree/bachelor’s degree:::Some postgraduate or professional schooling, no postgraduate degree:::Postgraduate or professional degree, including master’s, doctorate, medical or law degree",2.0,"Some college (some community college, associate’s degree)",2020-06-02 00:50:08
Soprano et al,Big-0,worker_91,True,unit_39,1.0,2020-06-02 00:50:08,0.0,start,False,standard,81.16,1.0,3.0,consideration,mcq,"In politics today, do you consider yourself a",0:::1:::2:::3,Republican:::Democrat:::Independent:::Something else,0.0,Republican,2020-06-02 00:50:08
Soprano et al,Big-0,worker_91,True,unit_39,1.0,2020-06-02 00:50:08,0.0,start,False,standard,81.16,1.0,8.0,taxes,mcq,"Last year what was your total family income from all sources, before taxes?",0:::1:::2:::3:::4:::5:::6:::7:::8,"Less than 10,000:::10,000 to less than 20,000:::20,000 to less than 30,000:::30,000 to less than 40,000:::40,000 to less than 50,000:::50,000 to less than 75,000:::75,000 to less than 100,000:::100,000 to less than 150,000:::150,000 or more",6.0,"75,000 to less than 100,000",2020-06-02 00:50:08
Soprano et al,Big-0,worker_91,True,unit_39,1.0,2020-06-02 00:50:08,0.0,start,False,standard,81.16,1.0,2.0,environment,mcq,Should the government increase environmental regulations to prevent climate change?,0:::1:::2,Agree:::Disagree:::No opinion either way,0.0,Agree,2020-06-02 00:50:08
Soprano et al,Big-0,worker_91,True,unit_39,1.0,2020-06-02 00:51:35,0.0,start,False,crt,54.14,1.0,0.0,marks,number,,,,9.0,,2020-06-02 00:51:35
Soprano et al,Big-0,worker_91,True,unit_39,1.0,2020-06-02 00:52:17,0.0,start,False,crt,42.2,1.0,0.0,athletics,number,,,,5.0,,2020-06-02 00:52:17
Soprano et al,Big-0,worker_91,True,unit_39,1.0,2020-06-02 00:50:08,0.0,start,False,standard,81.16,1.0,2.0,southern_border,mcq,Should the U.S. build a wall along the southern border?,0:::1:::2,Agree:::Disagree:::No opinion either way,0.0,Agree,2020-06-02 00:50:08
Soprano et al,Big-0,worker_91,True,unit_39,1.0,2020-06-02 00:50:41,0.0,start,False,crt,33.41,1.0,0.0,farmers,number,,,,9.0,,2020-06-02 00:50:41
Soprano et al,Big-0,worker_144,True,unit_91,1.0,2020-06-02 00:59:27,0.0,start,False,standard,40.08,1.0,5.0,age,mcq,What is your age range?,0:::1:::2:::3:::4:::5,0-18:::19-25:::26-35:::36-50:::50-80:::80,2.0,26-35,2020-06-02 00:59:27
Soprano et al,Big-0,worker_144,True,unit_91,1.0,2020-06-02 00:59:27,0.0,start,False,standard,40.08,1.0,5.0,school,mcq,What is the highest level of school you have completed or the highest degree you have received?,0:::1:::2:::3:::4:::5,"High school incomplete or less:::High school graduate or GED (includes technical/vocational training that doesn’t towards college credit):::Some college (some community college, associate’s degree):::Four year college degree/bachelor’s degree:::Some postgraduate or professional schooling, no postgraduate degree:::Postgraduate or professional degree, including master’s, doctorate, medical or law degree",2.0,"Some college (some community college, associate’s degree)",2020-06-02 00:59:27
Soprano et al,Big-0,worker_144,True,unit_91,1.0,2020-06-02 00:59:27,0.0,start,False,standard,40.08,1.0,8.0,taxes,mcq,"Last year what was your total family income from all sources, before taxes?",0:::1:::2:::3:::4:::5:::6:::7:::8,"Less than 10,000:::10,000 to less than 20,000:::20,000 to less than 30,000:::30,000 to less than 40,000:::40,000 to less than 50,000:::50,000 to less than 75,000:::75,000 to less than 100,000:::100,000 to less than 150,000:::150,000 or more",1.0,"10,000 to less than 20,000",2020-06-02 00:59:27
Soprano et al,Big-0,worker_144,True,unit_91,1.0,2020-06-02 00:59:27,0.0,start,False,standard,40.08,1.0,3.0,consideration,mcq,"In politics today, do you consider yourself a",0:::1:::2:::3,Republican:::Democrat:::Independent:::Something else,1.0,Democrat,2020-06-02 00:59:27
Soprano et al,Big-0,worker_144,True,unit_91,1.0,2020-06-02 00:59:27,0.0,start,False,standard,40.08,1.0,2.0,southern_border,mcq,Should the U.S. build a wall along the southern border?,0:::1:::2,Agree:::Disagree:::No opinion either way,1.0,Disagree,2020-06-02 00:59:27
Soprano et al,Big-0,worker_144,True,unit_91,1.0,2020-06-02 00:59:27,0.0,start,False,standard,40.08,1.0,4.0,political_views,mcq,"In general, would you describe your political views as",0:::1:::2:::3:::4,Very conservative:::Conservative:::Moderate:::Liberal:::Very liberal,2.0,Moderate,2020-06-02 00:59:27
Soprano et al,Big-0,worker_144,True,unit_91,1.0,2020-06-02 01:00:10,0.0,start,False,crt,13.71,1.0,0.0,marks,number,,,,10.0,,2020-06-02 01:00:10
Soprano et al,Big-0,worker_144,True,unit_91,1.0,2020-06-02 00:59:27,0.0,start,False,standard,40.08,1.0,2.0,environment,mcq,Should the government increase environmental regulations to prevent climate change?,0:::1:::2,Agree:::Disagree:::No opinion either way,0.0,Agree,2020-06-02 00:59:27
Soprano et al,Big-0,worker_144,True,unit_91,1.0,2020-06-02 01:00:30,0.0,start,False,crt,19.45,1.0,0.0,athletics,number,,,,20.0,,2020-06-02 01:00:30
Soprano et al,Big-0,worker_144,True,unit_91,1.0,2020-06-02 00:59:56,0.0,start,False,crt,29.77,1.0,0.0,farmers,number,,,,3.0,,2020-06-02 00:59:56
Soprano et al,Big-0,worker_119,True,unit_121,1.0,2020-06-02 01:06:35,0.0,start,False,crt,12.53,1.0,0.0,farmers,number,,,,9.0,,2020-06-02 01:06:35
Soprano et al,Big-0,worker_119,True,unit_121,1.0,2020-06-02 01:06:23,0.0,start,False,standard,24.41,1.0,5.0,age,mcq,What is your age range?,0:::1:::2:::3:::4:::5,0-18:::19-25:::26-35:::36-50:::50-80:::80,1.0,19-25,2020-06-02 01:06:23
Soprano et al,Big-0,worker_119,True,unit_121,1.0,2020-06-02 01:06:23,0.0,start,False,standard,24.41,1.0,8.0,taxes,mcq,"Last year what was your total family income from all sources, before taxes?",0:::1:::2:::3:::4:::5:::6:::7:::8,"Less than 10,000:::10,000 to less than 20,000:::20,000 to less than 30,000:::30,000 to less than 40,000:::40,000 to less than 50,000:::50,000 to less than 75,000:::75,000 to less than 100,000:::100,000 to less than 150,000:::150,000 or more",3.0,"30,000 to less than 40,000",2020-06-02 01:06:23
Soprano et al,Big-0,worker_119,True,unit_121,1.0,2020-06-02 01:06:23,0.0,start,False,standard,24.41,1.0,4.0,political_views,mcq,"In general, would you describe your political views as",0:::1:::2:::3:::4,Very conservative:::Conservative:::Moderate:::Liberal:::Very liberal,2.0,Moderate,2020-06-02 01:06:23
Soprano et al,Big-0,worker_119,True,unit_121,1.0,2020-06-02 01:06:23,0.0,start,False,standard,24.41,1.0,3.0,consideration,mcq,"In politics today, do you consider yourself a",0:::1:::2:::3,Republican:::Democrat:::Independent:::Something else,1.0,Democrat,2020-06-02 01:06:23
Soprano et al,Big-0,worker_119,True,unit_121,1.0,2020-06-02 01:06:23,0.0,start,False,standard,24.41,1.0,2.0,southern_border,mcq,Should the U.S. build a wall along the southern border?,0:::1:::2,Agree:::Disagree:::No opinion either way,1.0,Disagree,2020-06-02 01:06:23
Soprano et al,Big-0,worker_119,True,unit_121,1.0,2020-06-02 01:06:23,0.0,start,False,standard,24.41,1.0,2.0,environment,mcq,Should the government increase environmental regulations to prevent climate change?,0:::1:::2,Agree:::Disagree:::No opinion either way,0.0,Agree,2020-06-02 01:06:23
Soprano et al,Big-0,worker_119,True,unit_121,1.0,2020-06-02 01:06:23,0.0,start,False,standard,24.41,1.0,5.0,school,mcq,What is the highest level of school you have completed or the highest degree you have received?,0:::1:::2:::3:::4:::5,"High school incomplete or less:::High school graduate or GED (includes technical/vocational training that doesn’t towards college credit):::Some college (some community college, associate’s degree):::Four year college degree/bachelor’s degree:::Some postgraduate or professional schooling, no postgraduate degree:::Postgraduate or professional degree, including master’s, doctorate, medical or law degree",2.0,"Some college (some community college, associate’s degree)",2020-06-02 01:06:23
Soprano et al,Big-0,worker_119,True,unit_121,1.0,2020-06-02 01:07:30,0.0,start,False,crt,54.54,1.0,0.0,marks,number,,,,5.0,,2020-06-02 01:07:30
Soprano et al,Big-0,worker_119,True,unit_121,1.0,2020-06-02 01:09:13,0.0,start,False,crt,102.8,1.0,0.0,athletics,number,,,,5.0,,2020-06-02 01:09:13
Soprano et al,Big-0,worker_128,True,unit_27,1.0,2020-06-02 01:16:05,0.0,start,False,crt,11.75,1.0,0.0,athletics,number,,,,5.0,,2020-06-02 01:16:05
Soprano et al,Big-0,worker_128,True,unit_27,1.0,2020-06-02 01:15:29,0.0,start,False,standard,32.37,1.0,3.0,consideration,mcq,"In politics today, do you consider yourself a",0:::1:::2:::3,Republican:::Democrat:::Independent:::Something else,2.0,Independent,2020-06-02 01:15:29
Soprano et al,Big-0,worker_128,True,unit_27,1.0,2020-06-02 01:15:29,0.0,start,False,standard,32.37,1.0,4.0,political_views,mcq,"In general, would you describe your political views as",0:::1:::2:::3:::4,Very conservative:::Conservative:::Moderate:::Liberal:::Very liberal,2.0,Moderate,2020-06-02 01:15:29
Soprano et al,Big-0,worker_128,True,unit_27,1.0,2020-06-02 01:15:29,0.0,start,False,standard,32.37,1.0,8.0,taxes,mcq,"Last year what was your total family income from all sources, before taxes?",0:::1:::2:::3:::4:::5:::6:::7:::8,"Less than 10,000:::10,000 to less than 20,000:::20,000 to less than 30,000:::30,000 to less than 40,000:::40,000 to less than 50,000:::50,000 to less than 75,000:::75,000 to less than 100,000:::100,000 to less than 150,000:::150,000 or more",6.0,"75,000 to less than 100,000",2020-06-02 01:15:29
Soprano et al,Big-0,worker_128,True,unit_27,1.0,2020-06-02 01:15:53,0.0,start,False,crt,9.19,1.0,0.0,marks,number,,,,10.0,,2020-06-02 01:15:53
Soprano et al,Big-0,worker_128,True,unit_27,1.0,2020-06-02 01:15:29,0.0,start,False,standard,32.37,1.0,2.0,southern_border,mcq,Should the U.S. build a wall along the southern border?,0:::1:::2,Agree:::Disagree:::No opinion either way,1.0,Disagree,2020-06-02 01:15:29
Soprano et al,Big-0,worker_128,True,unit_27,1.0,2020-06-02 01:15:44,0.0,start,False,crt,14.77,1.0,0.0,farmers,number,,,,9.0,,2020-06-02 01:15:44
Soprano et al,Big-0,worker_128,True,unit_27,1.0,2020-06-02 01:15:29,0.0,start,False,standard,32.37,1.0,5.0,age,mcq,What is your age range?,0:::1:::2:::3:::4:::5,0-18:::19-25:::26-35:::36-50:::50-80:::80,2.0,26-35,2020-06-02 01:15:29
Soprano et al,Big-0,worker_128,True,unit_27,1.0,2020-06-02 01:15:29,0.0,start,False,standard,32.37,1.0,2.0,environment,mcq,Should the government increase environmental regulations to prevent climate change?,0:::1:::2,Agree:::Disagree:::No opinion either way,0.0,Agree,2020-06-02 01:15:29
Soprano et al,Big-0,worker_128,True,unit_27,1.0,2020-06-02 01:15:29,0.0,start,False,standard,32.37,1.0,5.0,school,mcq,What is the highest level of school you have completed or the highest degree you have received?,0:::1:::2:::3:::4:::5,"High school incomplete or less:::High school graduate or GED (includes technical/vocational training that doesn’t towards college credit):::Some college (some community college, associate’s degree):::Four year college degree/bachelor’s degree:::Some postgraduate or professional schooling, no postgraduate degree:::Postgraduate or professional degree, including master’s, doctorate, medical or law degree",3.0,Four year college degree/bachelor’s degree,2020-06-02 01:15:29
Soprano et al,Big-0,worker_19,True,unit_75,1.0,2020-06-02 01:19:15,0.0,start,False,standard,37.73,1.0,4.0,political_views,mcq,"In general, would you describe your political views as",0:::1:::2:::3:::4,Very conservative:::Conservative:::Moderate:::Liberal:::Very liberal,1.0,Conservative,2020-06-02 01:19:15
Soprano et al,Big-0,worker_19,True,unit_75,1.0,2020-06-02 01:19:15,0.0,start,False,standard,37.73,1.0,8.0,taxes,mcq,"Last year what was your total family income from all sources, before taxes?",0:::1:::2:::3:::4:::5:::6:::7:::8,"Less than 10,000:::10,000 to less than 20,000:::20,000 to less than 30,000:::30,000 to less than 40,000:::40,000 to less than 50,000:::50,000 to less than 75,000:::75,000 to less than 100,000:::100,000 to less than 150,000:::150,000 or more",8.0,"150,000 or more",2020-06-02 01:19:15
Soprano et al,Big-0,worker_19,True,unit_75,1.0,2020-06-02 01:19:15,0.0,start,False,standard,37.73,1.0,2.0,environment,mcq,Should the government increase environmental regulations to prevent climate change?,0:::1:::2,Agree:::Disagree:::No opinion either way,0.0,Agree,2020-06-02 01:19:15
Soprano et al,Big-0,worker_19,True,unit_75,1.0,2020-06-02 01:21:25,0.0,start,False,crt,129.46,1.0,0.0,farmers,number,,,,3.0,,2020-06-02 01:21:25
Soprano et al,Big-0,worker_19,True,unit_75,1.0,2020-06-02 01:22:57,0.0,start,False,crt,91.85,1.0,0.0,marks,number,,,,9.0,,2020-06-02 01:22:57
Soprano et al,Big-0,worker_19,True,unit_75,1.0,2020-06-02 01:24:34,0.0,start,False,crt,97.39,1.0,0.0,athletics,number,,,,4.0,,2020-06-02 01:24:34
Soprano et al,Big-0,worker_19,True,unit_75,1.0,2020-06-02 01:19:15,0.0,start,False,standard,37.73,1.0,3.0,consideration,mcq,"In politics today, do you consider yourself a",0:::1:::2:::3,Republican:::Democrat:::Independent:::Something else,0.0,Republican,2020-06-02 01:19:15
Soprano et al,Big-0,worker_19,True,unit_75,1.0,2020-06-02 01:19:15,0.0,start,False,standard,37.73,1.0,2.0,southern_border,mcq,Should the U.S. build a wall along the southern border?,0:::1:::2,Agree:::Disagree:::No opinion either way,2.0,No opinion either way,2020-06-02 01:19:15
Soprano et al,Big-0,worker_19,True,unit_75,1.0,2020-06-02 01:19:15,0.0,start,False,standard,37.73,1.0,5.0,age,mcq,What is your age range?,0:::1:::2:::3:::4:::5,0-18:::19-25:::26-35:::36-50:::50-80:::80,1.0,19-25,2020-06-02 01:19:15
Soprano et al,Big-0,worker_19,True,unit_75,1.0,2020-06-02 01:19:15,0.0,start,False,standard,37.73,1.0,5.0,school,mcq,What is the highest level of school you have completed or the highest degree you have received?,0:::1:::2:::3:::4:::5,"High school incomplete or less:::High school graduate or GED (includes technical/vocational training that doesn’t towards college credit):::Some college (some community college, associate’s degree):::Four year college degree/bachelor’s degree:::Some postgraduate or professional schooling, no postgraduate degree:::Postgraduate or professional degree, including master’s, doctorate, medical or law degree",2.0,"Some college (some community college, associate’s degree)",2020-06-02 01:19:15
Soprano et al,Big-0,worker_96,True,unit_31,1.0,2020-06-02 01:40:50,0.0,start,False,crt,69.56,1.0,0.0,athletics,number,,,,4.0,,2020-06-02 01:40:50
Soprano et al,Big-0,worker_96,True,unit_31,1.0,2020-06-02 01:38:41,0.0,start,False,standard,25.97,1.0,8.0,taxes,mcq,"Last year what was your total family income from all sources, before taxes?",0:::1:::2:::3:::4:::5:::6:::7:::8,"Less than 10,000:::10,000 to less than 20,000:::20,000 to less than 30,000:::30,000 to less than 40,000:::40,000 to less than 50,000:::50,000 to less than 75,000:::75,000 to less than 100,000:::100,000 to less than 150,000:::150,000 or more",4.0,"40,000 to less than 50,000",2020-06-02 01:38:41
Soprano et al,Big-0,worker_96,True,unit_31,1.0,2020-06-02 01:38:41,0.0,start,False,standard,25.97,1.0,5.0,school,mcq,What is the highest level of school you have completed or the highest degree you have received?,0:::1:::2:::3:::4:::5,"High school incomplete or less:::High school graduate or GED (includes technical/vocational training that doesn’t towards college credit):::Some college (some community college, associate’s degree):::Four year college degree/bachelor’s degree:::Some postgraduate or professional schooling, no postgraduate degree:::Postgraduate or professional degree, including master’s, doctorate, medical or law degree",2.0,"Some college (some community college, associate’s degree)",2020-06-02 01:38:41
Soprano et al,Big-0,worker_96,True,unit_31,1.0,2020-06-02 01:38:41,0.0,start,False,standard,25.97,1.0,2.0,southern_border,mcq,Should the U.S. build a wall along the southern border?,0:::1:::2,Agree:::Disagree:::No opinion either way,1.0,Disagree,2020-06-02 01:38:41
Soprano et al,Big-0,worker_96,True,unit_31,1.0,2020-06-02 01:38:41,0.0,start,False,standard,25.97,1.0,3.0,consideration,mcq,"In politics today, do you consider yourself a",0:::1:::2:::3,Republican:::Democrat:::Independent:::Something else,1.0,Democrat,2020-06-02 01:38:41
Soprano et al,Big-0,worker_96,True,unit_31,1.0,2020-06-02 01:38:41,0.0,start,False,standard,25.97,1.0,2.0,environment,mcq,Should the government increase environmental regulations to prevent climate change?,0:::1:::2,Agree:::Disagree:::No opinion either way,0.0,Agree,2020-06-02 01:38:41
Soprano et al,Big-0,worker_96,True,unit_31,1.0,2020-06-02 01:38:41,0.0,start,False,standard,25.97,1.0,5.0,age,mcq,What is your age range?,0:::1:::2:::3:::4:::5,0-18:::19-25:::26-35:::36-50:::50-80:::80,1.0,19-25,2020-06-02 01:38:41
Soprano et al,Big-0,worker_96,True,unit_31,1.0,2020-06-02 01:38:41,0.0,start,False,standard,25.97,1.0,4.0,political_views,mcq,"In general, would you describe your political views as",0:::1:::2:::3:::4,Very conservative:::Conservative:::Moderate:::Liberal:::Very liberal,3.0,Liberal,2020-06-02 01:38:41
Soprano et al,Big-0,worker_96,True,unit_31,1.0,2020-06-02 01:39:40,0.0,start,False,crt,26.15,1.0,0.0,marks,number,,,,9.0,,2020-06-02 01:39:40
Soprano et al,Big-0,worker_96,True,unit_31,1.0,2020-06-02 01:39:14,0.0,start,False,crt,32.76,1.0,0.0,farmers,number,,,,3.0,,2020-06-02 01:39:14
Soprano et al,Big-0,worker_184,True,unit_199,1.0,2020-06-02 01:42:54,0.0,start,False,crt,20.22,1.0,0.0,athletics,number,,,,5.0,,2020-06-02 01:42:54
Soprano et al,Big-0,worker_184,True,unit_199,1.0,2020-06-02 01:41:12,0.0,start,False,standard,29.32,1.0,8.0,taxes,mcq,"Last year what was your total family income from all sources, before taxes?",0:::1:::2:::3:::4:::5:::6:::7:::8,"Less than 10,000:::10,000 to less than 20,000:::20,000 to less than 30,000:::30,000 to less than 40,000:::40,000 to less than 50,000:::50,000 to less than 75,000:::75,000 to less than 100,000:::100,000 to less than 150,000:::150,000 or more",3.0,"30,000 to less than 40,000",2020-06-02 01:41:12
Soprano et al,Big-0,worker_184,True,unit_199,1.0,2020-06-02 01:41:12,0.0,start,False,standard,29.32,1.0,3.0,consideration,mcq,"In politics today, do you consider yourself a",0:::1:::2:::3,Republican:::Democrat:::Independent:::Something else,1.0,Democrat,2020-06-02 01:41:12
Soprano et al,Big-0,worker_184,True,unit_199,1.0,2020-06-02 01:41:12,0.0,start,False,standard,29.32,1.0,2.0,southern_border,mcq,Should the U.S. build a wall along the southern border?,0:::1:::2,Agree:::Disagree:::No opinion either way,1.0,Disagree,2020-06-02 01:41:12
Soprano et al,Big-0,worker_184,True,unit_199,1.0,2020-06-02 01:41:12,0.0,start,False,standard,29.32,1.0,2.0,environment,mcq,Should the government increase environmental regulations to prevent climate change?,0:::1:::2,Agree:::Disagree:::No opinion either way,0.0,Agree,2020-06-02 01:41:12
Soprano et al,Big-0,worker_184,True,unit_199,1.0,2020-06-02 01:42:17,0.0,start,False,crt,65.68,1.0,0.0,farmers,number,,,,9.0,,2020-06-02 01:42:17
Soprano et al,Big-0,worker_184,True,unit_199,1.0,2020-06-02 01:41:12,0.0,start,False,standard,29.32,1.0,5.0,age,mcq,What is your age range?,0:::1:::2:::3:::4:::5,0-18:::19-25:::26-35:::36-50:::50-80:::80,2.0,26-35,2020-06-02 01:41:12
Soprano et al,Big-0,worker_184,True,unit_199,1.0,2020-06-02 01:41:12,0.0,start,False,standard,29.32,1.0,5.0,school,mcq,What is the highest level of school you have completed or the highest degree you have received?,0:::1:::2:::3:::4:::5,"High school incomplete or less:::High school graduate or GED (includes technical/vocational training that doesn’t towards college credit):::Some college (some community college, associate’s degree):::Four year college degree/bachelor’s degree:::Some postgraduate or professional schooling, no postgraduate degree:::Postgraduate or professional degree, including master’s, doctorate, medical or law degree",5.0,"Postgraduate or professional degree, including master’s, doctorate, medical or law degree",2020-06-02 01:41:12
Soprano et al,Big-0,worker_184,True,unit_199,1.0,2020-06-02 01:41:12,0.0,start,False,standard,29.32,1.0,4.0,political_views,mcq,"In general, would you describe your political views as",0:::1:::2:::3:::4,Very conservative:::Conservative:::Moderate:::Liberal:::Very liberal,4.0,Very liberal,2020-06-02 01:41:12
Soprano et al,Big-0,worker_184,True,unit_199,1.0,2020-06-02 01:42:33,0.0,start,False,crt,15.95,1.0,0.0,marks,number,,,,9.0,,2020-06-02 01:42:33
Soprano et al,Big-0,worker_46,True,unit_43,1.0,2020-06-02 01:48:33,0.0,start,False,standard,25.48,1.0,5.0,age,mcq,What is your age range?,0:::1:::2:::3:::4:::5,0-18:::19-25:::26-35:::36-50:::50-80:::80,2.0,26-35,2020-06-02 01:48:33
Soprano et al,Big-0,worker_46,True,unit_43,1.0,2020-06-02 01:48:33,0.0,start,False,standard,25.48,1.0,2.0,southern_border,mcq,Should the U.S. build a wall along the southern border?,0:::1:::2,Agree:::Disagree:::No opinion either way,1.0,Disagree,2020-06-02 01:48:33
Soprano et al,Big-0,worker_46,True,unit_43,1.0,2020-06-02 01:49:08,0.0,start,False,crt,12.8,1.0,0.0,marks,number,,,,9.0,,2020-06-02 01:49:08
Soprano et al,Big-0,worker_46,True,unit_43,1.0,2020-06-02 01:48:56,0.0,start,False,crt,22.71,1.0,0.0,farmers,number,,,,3.0,,2020-06-02 01:48:56
Soprano et al,Big-0,worker_46,True,unit_43,1.0,2020-06-02 01:48:33,0.0,start,False,standard,25.48,1.0,2.0,environment,mcq,Should the government increase environmental regulations to prevent climate change?,0:::1:::2,Agree:::Disagree:::No opinion either way,0.0,Agree,2020-06-02 01:48:33
Soprano et al,Big-0,worker_46,True,unit_43,1.0,2020-06-02 01:48:33,0.0,start,False,standard,25.48,1.0,3.0,consideration,mcq,"In politics today, do you consider yourself a",0:::1:::2:::3,Republican:::Democrat:::Independent:::Something else,2.0,Independent,2020-06-02 01:48:33
Soprano et al,Big-0,worker_46,True,unit_43,1.0,2020-06-02 01:48:33,0.0,start,False,standard,25.48,1.0,8.0,taxes,mcq,"Last year what was your total family income from all sources, before taxes?",0:::1:::2:::3:::4:::5:::6:::7:::8,"Less than 10,000:::10,000 to less than 20,000:::20,000 to less than 30,000:::30,000 to less than 40,000:::40,000 to less than 50,000:::50,000 to less than 75,000:::75,000 to less than 100,000:::100,000 to less than 150,000:::150,000 or more",5.0,"50,000 to less than 75,000",2020-06-02 01:48:33
Soprano et al,Big-0,worker_46,True,unit_43,1.0,2020-06-02 01:48:33,0.0,start,False,standard,25.48,1.0,4.0,political_views,mcq,"In general, would you describe your political views as",0:::1:::2:::3:::4,Very conservative:::Conservative:::Moderate:::Liberal:::Very liberal,4.0,Very liberal,2020-06-02 01:48:33
Soprano et al,Big-0,worker_46,True,unit_43,1.0,2020-06-02 01:49:42,0.0,start,False,crt,33.65,1.0,0.0,athletics,number,,,,4.0,,2020-06-02 01:49:42
Soprano et al,Big-0,worker_46,True,unit_43,1.0,2020-06-02 01:48:33,0.0,start,False,standard,25.48,1.0,5.0,school,mcq,What is the highest level of school you have completed or the highest degree you have received?,0:::1:::2:::3:::4:::5,"High school incomplete or less:::High school graduate or GED (includes technical/vocational training that doesn’t towards college credit):::Some college (some community college, associate’s degree):::Four year college degree/bachelor’s degree:::Some postgraduate or professional schooling, no postgraduate degree:::Postgraduate or professional degree, including master’s, doctorate, medical or law degree",3.0,Four year college degree/bachelor’s degree,2020-06-02 01:48:33
Soprano et al,Big-0,worker_129,True,unit_137,1.0,2020-06-02 01:51:40,0.0,start,False,standard,33.79,1.0,2.0,southern_border,mcq,Should the U.S. build a wall along the southern border?,0:::1:::2,Agree:::Disagree:::No opinion either way,1.0,Disagree,2020-06-02 01:51:40
Soprano et al,Big-0,worker_129,True,unit_137,1.0,2020-06-02 01:52:25,0.0,start,False,crt,45.11,1.0,0.0,farmers,number,,,,3.0,,2020-06-02 01:52:25
Soprano et al,Big-0,worker_129,True,unit_137,1.0,2020-06-02 01:51:40,0.0,start,False,standard,33.79,1.0,2.0,environment,mcq,Should the government increase environmental regulations to prevent climate change?,0:::1:::2,Agree:::Disagree:::No opinion either way,2.0,No opinion either way,2020-06-02 01:51:40
Soprano et al,Big-0,worker_129,True,unit_137,1.0,2020-06-02 01:52:42,0.0,start,False,crt,16.19,1.0,0.0,marks,number,,,,9.0,,2020-06-02 01:52:42
Soprano et al,Big-0,worker_129,True,unit_137,1.0,2020-06-02 01:51:40,0.0,start,False,standard,33.79,1.0,4.0,political_views,mcq,"In general, would you describe your political views as",0:::1:::2:::3:::4,Very conservative:::Conservative:::Moderate:::Liberal:::Very liberal,2.0,Moderate,2020-06-02 01:51:40
Soprano et al,Big-0,worker_129,True,unit_137,1.0,2020-06-02 01:51:40,0.0,start,False,standard,33.79,1.0,8.0,taxes,mcq,"Last year what was your total family income from all sources, before taxes?",0:::1:::2:::3:::4:::5:::6:::7:::8,"Less than 10,000:::10,000 to less than 20,000:::20,000 to less than 30,000:::30,000 to less than 40,000:::40,000 to less than 50,000:::50,000 to less than 75,000:::75,000 to less than 100,000:::100,000 to less than 150,000:::150,000 or more",3.0,"30,000 to less than 40,000",2020-06-02 01:51:40
Soprano et al,Big-0,worker_129,True,unit_137,1.0,2020-06-02 01:51:40,0.0,start,False,standard,33.79,1.0,5.0,school,mcq,What is the highest level of school you have completed or the highest degree you have received?,0:::1:::2:::3:::4:::5,"High school incomplete or less:::High school graduate or GED (includes technical/vocational training that doesn’t towards college credit):::Some college (some community college, associate’s degree):::Four year college degree/bachelor’s degree:::Some postgraduate or professional schooling, no postgraduate degree:::Postgraduate or professional degree, including master’s, doctorate, medical or law degree",5.0,"Postgraduate or professional degree, including master’s, doctorate, medical or law degree",2020-06-02 01:51:40
Soprano et al,Big-0,worker_129,True,unit_137,1.0,2020-06-02 01:51:40,0.0,start,False,standard,33.79,1.0,5.0,age,mcq,What is your age range?,0:::1:::2:::3:::4:::5,0-18:::19-25:::26-35:::36-50:::50-80:::80,1.0,19-25,2020-06-02 01:51:40
Soprano et al,Big-0,worker_129,True,unit_137,1.0,2020-06-02 01:51:40,0.0,start,False,standard,33.79,1.0,3.0,consideration,mcq,"In politics today, do you consider yourself a",0:::1:::2:::3,Republican:::Democrat:::Independent:::Something else,2.0,Independent,2020-06-02 01:51:40
Soprano et al,Big-0,worker_129,True,unit_137,1.0,2020-06-02 01:53:17,0.0,start,False,crt,35.71,1.0,0.0,athletics,number,,,,4.0,,2020-06-02 01:53:17
Soprano et al,Big-0,worker_70,True,unit_19,1.0,2020-06-02 01:56:15,0.0,start,False,crt,8.74,1.0,0.0,farmers,number,,,,3.0,,2020-06-02 01:56:15
Soprano et al,Big-0,worker_70,True,unit_19,1.0,2020-06-02 01:56:59,0.0,start,False,crt,28.55,1.0,0.0,athletics,number,,,,4.0,,2020-06-02 01:56:59
Soprano et al,Big-0,worker_70,True,unit_19,1.0,2020-06-02 01:56:07,0.0,start,False,standard,49.19,1.0,5.0,age,mcq,What is your age range?,0:::1:::2:::3:::4:::5,0-18:::19-25:::26-35:::36-50:::50-80:::80,2.0,26-35,2020-06-02 01:56:07
Soprano et al,Big-0,worker_70,True,unit_19,1.0,2020-06-02 01:56:07,0.0,start,False,standard,49.19,1.0,5.0,school,mcq,What is the highest level of school you have completed or the highest degree you have received?,0:::1:::2:::3:::4:::5,"High school incomplete or less:::High school graduate or GED (includes technical/vocational training that doesn’t towards college credit):::Some college (some community college, associate’s degree):::Four year college degree/bachelor’s degree:::Some postgraduate or professional schooling, no postgraduate degree:::Postgraduate or professional degree, including master’s, doctorate, medical or law degree",3.0,Four year college degree/bachelor’s degree,2020-06-02 01:56:07
Soprano et al,Big-0,worker_70,True,unit_19,1.0,2020-06-02 01:56:07,0.0,start,False,standard,49.19,1.0,2.0,environment,mcq,Should the government increase environmental regulations to prevent climate change?,0:::1:::2,Agree:::Disagree:::No opinion either way,0.0,Agree,2020-06-02 01:56:07
Soprano et al,Big-0,worker_70,True,unit_19,1.0,2020-06-02 01:56:07,0.0,start,False,standard,49.19,1.0,4.0,political_views,mcq,"In general, would you describe your political views as",0:::1:::2:::3:::4,Very conservative:::Conservative:::Moderate:::Liberal:::Very liberal,4.0,Very liberal,2020-06-02 01:56:07
Soprano et al,Big-0,worker_70,True,unit_19,1.0,2020-06-02 01:56:07,0.0,start,False,standard,49.19,1.0,2.0,southern_border,mcq,Should the U.S. build a wall along the southern border?,0:::1:::2,Agree:::Disagree:::No opinion either way,1.0,Disagree,2020-06-02 01:56:07
Soprano et al,Big-0,worker_70,True,unit_19,1.0,2020-06-02 01:56:30,0.0,start,False,crt,14.87,1.0,0.0,marks,number,,,,10.0,,2020-06-02 01:56:30
Soprano et al,Big-0,worker_70,True,unit_19,1.0,2020-06-02 01:56:07,0.0,start,False,standard,49.19,1.0,3.0,consideration,mcq,"In politics today, do you consider yourself a",0:::1:::2:::3,Republican:::Democrat:::Independent:::Something else,1.0,Democrat,2020-06-02 01:56:07
Soprano et al,Big-0,worker_70,True,unit_19,1.0,2020-06-02 01:56:07,0.0,start,False,standard,49.19,1.0,8.0,taxes,mcq,"Last year what was your total family income from all sources, before taxes?",0:::1:::2:::3:::4:::5:::6:::7:::8,"Less than 10,000:::10,000 to less than 20,000:::20,000 to less than 30,000:::30,000 to less than 40,000:::40,000 to less than 50,000:::50,000 to less than 75,000:::75,000 to less than 100,000:::100,000 to less than 150,000:::150,000 or more",3.0,"30,000 to less than 40,000",2020-06-02 01:56:07
Soprano et al,Big-0,worker_9,True,unit_113,1.0,2020-06-02 02:04:42,0.0,start,False,crt,20.3,1.0,0.0,athletics,number,,,,5.0,,2020-06-02 02:04:42
Soprano et al,Big-0,worker_9,True,unit_113,1.0,2020-06-02 02:04:00,0.0,start,False,standard,48.1,1.0,5.0,school,mcq,What is the highest level of school you have completed or the highest degree you have received?,0:::1:::2:::3:::4:::5,"High school incomplete or less:::High school graduate or GED (includes technical/vocational training that doesn’t towards college credit):::Some college (some community college, associate’s degree):::Four year college degree/bachelor’s degree:::Some postgraduate or professional schooling, no postgraduate degree:::Postgraduate or professional degree, including master’s, doctorate, medical or law degree",3.0,Four year college degree/bachelor’s degree,2020-06-02 02:04:00
Soprano et al,Big-0,worker_9,True,unit_113,1.0,2020-06-02 02:04:00,0.0,start,False,standard,48.1,1.0,4.0,political_views,mcq,"In general, would you describe your political views as",0:::1:::2:::3:::4,Very conservative:::Conservative:::Moderate:::Liberal:::Very liberal,2.0,Moderate,2020-06-02 02:04:00
Soprano et al,Big-0,worker_9,True,unit_113,1.0,2020-06-02 02:04:00,0.0,start,False,standard,48.1,1.0,3.0,consideration,mcq,"In politics today, do you consider yourself a",0:::1:::2:::3,Republican:::Democrat:::Independent:::Something else,2.0,Independent,2020-06-02 02:04:00
Soprano et al,Big-0,worker_9,True,unit_113,1.0,2020-06-02 02:04:00,0.0,start,False,standard,48.1,1.0,8.0,taxes,mcq,"Last year what was your total family income from all sources, before taxes?",0:::1:::2:::3:::4:::5:::6:::7:::8,"Less than 10,000:::10,000 to less than 20,000:::20,000 to less than 30,000:::30,000 to less than 40,000:::40,000 to less than 50,000:::50,000 to less than 75,000:::75,000 to less than 100,000:::100,000 to less than 150,000:::150,000 or more",7.0,"100,000 to less than 150,000",2020-06-02 02:04:00
Soprano et al,Big-0,worker_9,True,unit_113,1.0,2020-06-02 02:04:00,0.0,start,False,standard,48.1,1.0,2.0,southern_border,mcq,Should the U.S. build a wall along the southern border?,0:::1:::2,Agree:::Disagree:::No opinion either way,1.0,Disagree,2020-06-02 02:04:00
Soprano et al,Big-0,worker_9,True,unit_113,1.0,2020-06-02 02:04:22,0.0,start,False,crt,8.79,1.0,0.0,marks,number,,,,10.0,,2020-06-02 02:04:22
Soprano et al,Big-0,worker_9,True,unit_113,1.0,2020-06-02 02:04:13,0.0,start,False,crt,13.13,1.0,0.0,farmers,number,,,,3.0,,2020-06-02 02:04:13
Soprano et al,Big-0,worker_9,True,unit_113,1.0,2020-06-02 02:04:00,0.0,start,False,standard,48.1,1.0,2.0,environment,mcq,Should the government increase environmental regulations to prevent climate change?,0:::1:::2,Agree:::Disagree:::No opinion either way,0.0,Agree,2020-06-02 02:04:00
Soprano et al,Big-0,worker_9,True,unit_113,1.0,2020-06-02 02:04:00,0.0,start,False,standard,48.1,1.0,5.0,age,mcq,What is your age range?,0:::1:::2:::3:::4:::5,0-18:::19-25:::26-35:::36-50:::50-80:::80,3.0,36-50,2020-06-02 02:04:00
Soprano et al,Big-0,worker_53,True,unit_151,1.0,2020-06-02 02:25:01,0.0,start,False,standard,32.11,1.0,5.0,school,mcq,What is the highest level of school you have completed or the highest degree you have received?,0:::1:::2:::3:::4:::5,"High school incomplete or less:::High school graduate or GED (includes technical/vocational training that doesn’t towards college credit):::Some college (some community college, associate’s degree):::Four year college degree/bachelor’s degree:::Some postgraduate or professional schooling, no postgraduate degree:::Postgraduate or professional degree, including master’s, doctorate, medical or law degree",3.0,Four year college degree/bachelor’s degree,2020-06-02 02:25:01
Soprano et al,Big-0,worker_53,True,unit_151,1.0,2020-06-02 02:25:01,0.0,start,False,standard,32.11,1.0,8.0,taxes,mcq,"Last year what was your total family income from all sources, before taxes?",0:::1:::2:::3:::4:::5:::6:::7:::8,"Less than 10,000:::10,000 to less than 20,000:::20,000 to less than 30,000:::30,000 to less than 40,000:::40,000 to less than 50,000:::50,000 to less than 75,000:::75,000 to less than 100,000:::100,000 to less than 150,000:::150,000 or more",6.0,"75,000 to less than 100,000",2020-06-02 02:25:01
Soprano et al,Big-0,worker_53,True,unit_151,1.0,2020-06-02 02:25:01,0.0,start,False,standard,32.11,1.0,4.0,political_views,mcq,"In general, would you describe your political views as",0:::1:::2:::3:::4,Very conservative:::Conservative:::Moderate:::Liberal:::Very liberal,3.0,Liberal,2020-06-02 02:25:01
Soprano et al,Big-0,worker_53,True,unit_151,1.0,2020-06-02 02:25:01,0.0,start,False,standard,32.11,1.0,3.0,consideration,mcq,"In politics today, do you consider yourself a",0:::1:::2:::3,Republican:::Democrat:::Independent:::Something else,1.0,Democrat,2020-06-02 02:25:01
Soprano et al,Big-0,worker_53,True,unit_151,1.0,2020-06-02 02:25:01,0.0,start,False,standard,32.11,1.0,2.0,southern_border,mcq,Should the U.S. build a wall along the southern border?,0:::1:::2,Agree:::Disagree:::No opinion either way,1.0,Disagree,2020-06-02 02:25:01
Soprano et al,Big-0,worker_53,True,unit_151,1.0,2020-06-02 02:25:01,0.0,start,False,standard,32.11,1.0,2.0,environment,mcq,Should the government increase environmental regulations to prevent climate change?,0:::1:::2,Agree:::Disagree:::No opinion either way,0.0,Agree,2020-06-02 02:25:01
Soprano et al,Big-0,worker_53,True,unit_151,1.0,2020-06-02 02:25:45,0.0,start,False,crt,44.53,1.0,0.0,farmers,number,,,,9.0,,2020-06-02 02:25:45
Soprano et al,Big-0,worker_53,True,unit_151,1.0,2020-06-02 02:26:44,0.0,start,False,crt,22.11,1.0,0.0,athletics,number,,,,4.0,,2020-06-02 02:26:44
Soprano et al,Big-0,worker_53,True,unit_151,1.0,2020-06-02 02:25:01,0.0,start,False,standard,32.11,1.0,5.0,age,mcq,What is your age range?,0:::1:::2:::3:::4:::5,0-18:::19-25:::26-35:::36-50:::50-80:::80,2.0,26-35,2020-06-02 02:25:01
Soprano et al,Big-0,worker_53,True,unit_151,1.0,2020-06-02 02:26:21,0.0,start,False,crt,36.31,1.0,0.0,marks,number,,,,10.0,,2020-06-02 02:26:21
Soprano et al,Big-0,worker_186,True,unit_187,1.0,2020-06-02 03:49:19,0.0,start,False,standard,22.69,1.0,4.0,political_views,mcq,"In general, would you describe your political views as",0:::1:::2:::3:::4,Very conservative:::Conservative:::Moderate:::Liberal:::Very liberal,3.0,Liberal,2020-06-02 03:49:19
Soprano et al,Big-0,worker_186,True,unit_187,1.0,2020-06-02 03:49:47,0.0,start,False,crt,15.93,1.0,0.0,marks,number,,,,9.0,,2020-06-02 03:49:47
Soprano et al,Big-0,worker_186,True,unit_187,1.0,2020-06-02 03:49:19,0.0,start,False,standard,22.69,1.0,2.0,environment,mcq,Should the government increase environmental regulations to prevent climate change?,0:::1:::2,Agree:::Disagree:::No opinion either way,0.0,Agree,2020-06-02 03:49:19
Soprano et al,Big-0,worker_186,True,unit_187,1.0,2020-06-02 03:49:31,0.0,start,False,crt,11.61,1.0,0.0,farmers,number,,,,3.0,,2020-06-02 03:49:31
Soprano et al,Big-0,worker_186,True,unit_187,1.0,2020-06-02 03:50:03,0.0,start,False,crt,16.62,1.0,0.0,athletics,number,,,,4.0,,2020-06-02 03:50:03
Soprano et al,Big-0,worker_186,True,unit_187,1.0,2020-06-02 03:49:19,0.0,start,False,standard,22.69,1.0,2.0,southern_border,mcq,Should the U.S. build a wall along the southern border?,0:::1:::2,Agree:::Disagree:::No opinion either way,1.0,Disagree,2020-06-02 03:49:19
Soprano et al,Big-0,worker_186,True,unit_187,1.0,2020-06-02 03:49:19,0.0,start,False,standard,22.69,1.0,5.0,age,mcq,What is your age range?,0:::1:::2:::3:::4:::5,0-18:::19-25:::26-35:::36-50:::50-80:::80,2.0,26-35,2020-06-02 03:49:19
Soprano et al,Big-0,worker_186,True,unit_187,1.0,2020-06-02 03:49:19,0.0,start,False,standard,22.69,1.0,5.0,school,mcq,What is the highest level of school you have completed or the highest degree you have received?,0:::1:::2:::3:::4:::5,"High school incomplete or less:::High school graduate or GED (includes technical/vocational training that doesn’t towards college credit):::Some college (some community college, associate’s degree):::Four year college degree/bachelor’s degree:::Some postgraduate or professional schooling, no postgraduate degree:::Postgraduate or professional degree, including master’s, doctorate, medical or law degree",5.0,"Postgraduate or professional degree, including master’s, doctorate, medical or law degree",2020-06-02 03:49:19
Soprano et al,Big-0,worker_186,True,unit_187,1.0,2020-06-02 03:49:19,0.0,start,False,standard,22.69,1.0,8.0,taxes,mcq,"Last year what was your total family income from all sources, before taxes?",0:::1:::2:::3:::4:::5:::6:::7:::8,"Less than 10,000:::10,000 to less than 20,000:::20,000 to less than 30,000:::30,000 to less than 40,000:::40,000 to less than 50,000:::50,000 to less than 75,000:::75,000 to less than 100,000:::100,000 to less than 150,000:::150,000 or more",3.0,"30,000 to less than 40,000",2020-06-02 03:49:19
Soprano et al,Big-0,worker_186,True,unit_187,1.0,2020-06-02 03:49:19,0.0,start,False,standard,22.69,1.0,3.0,consideration,mcq,"In politics today, do you consider yourself a",0:::1:::2:::3,Republican:::Democrat:::Independent:::Something else,1.0,Democrat,2020-06-02 03:49:19
Soprano et al,Big-0,worker_152,True,unit_171,1.0,2020-06-02 09:28:05,0.0,start,False,crt,2.94,1.0,0.0,marks,number,,,,11.0,,2020-06-02 09:28:05
Soprano et al,Big-0,worker_152,True,unit_171,1.0,2020-06-02 09:28:09,0.0,start,False,crt,4.47,1.0,0.0,athletics,number,,,,15.0,,2020-06-02 09:28:09
Soprano et al,Big-0,worker_152,True,unit_171,1.0,2020-06-02 09:27:58,0.0,start,False,standard,12.92,1.0,3.0,consideration,mcq,"In politics today, do you consider yourself a",0:::1:::2:::3,Republican:::Democrat:::Independent:::Something else,0.0,Republican,2020-06-02 09:27:58
Soprano et al,Big-0,worker_152,True,unit_171,1.0,2020-06-02 09:27:58,0.0,start,False,standard,12.92,1.0,5.0,school,mcq,What is the highest level of school you have completed or the highest degree you have received?,0:::1:::2:::3:::4:::5,"High school incomplete or less:::High school graduate or GED (includes technical/vocational training that doesn’t towards college credit):::Some college (some community college, associate’s degree):::Four year college degree/bachelor’s degree:::Some postgraduate or professional schooling, no postgraduate degree:::Postgraduate or professional degree, including master’s, doctorate, medical or law degree",1.0,High school graduate or GED (includes technical/vocational training that doesn’t towards college credit),2020-06-02 09:27:58
Soprano et al,Big-0,worker_152,True,unit_171,1.0,2020-06-02 09:27:58,0.0,start,False,standard,12.92,1.0,4.0,political_views,mcq,"In general, would you describe your political views as",0:::1:::2:::3:::4,Very conservative:::Conservative:::Moderate:::Liberal:::Very liberal,1.0,Conservative,2020-06-02 09:27:58
Soprano et al,Big-0,worker_152,True,unit_171,1.0,2020-06-02 09:27:58,0.0,start,False,standard,12.92,1.0,5.0,age,mcq,What is your age range?,0:::1:::2:::3:::4:::5,0-18:::19-25:::26-35:::36-50:::50-80:::80,2.0,26-35,2020-06-02 09:27:58
Soprano et al,Big-0,worker_152,True,unit_171,1.0,2020-06-02 09:27:58,0.0,start,False,standard,12.92,1.0,2.0,southern_border,mcq,Should the U.S. build a wall along the southern border?,0:::1:::2,Agree:::Disagree:::No opinion either way,0.0,Agree,2020-06-02 09:27:58
Soprano et al,Big-0,worker_152,True,unit_171,1.0,2020-06-02 09:27:58,0.0,start,False,standard,12.92,1.0,2.0,environment,mcq,Should the government increase environmental regulations to prevent climate change?,0:::1:::2,Agree:::Disagree:::No opinion either way,1.0,Disagree,2020-06-02 09:27:58
Soprano et al,Big-0,worker_152,True,unit_171,1.0,2020-06-02 09:28:02,0.0,start,False,crt,3.18,1.0,0.0,farmers,number,,,,3.0,,2020-06-02 09:28:02
Soprano et al,Big-0,worker_152,True,unit_171,1.0,2020-06-02 09:27:58,0.0,start,False,standard,12.92,1.0,8.0,taxes,mcq,"Last year what was your total family income from all sources, before taxes?",0:::1:::2:::3:::4:::5:::6:::7:::8,"Less than 10,000:::10,000 to less than 20,000:::20,000 to less than 30,000:::30,000 to less than 40,000:::40,000 to less than 50,000:::50,000 to less than 75,000:::75,000 to less than 100,000:::100,000 to less than 150,000:::150,000 or more",4.0,"40,000 to less than 50,000",2020-06-02 09:27:58
Soprano et al,Big-0,worker_26,True,unit_135,1.0,2020-06-02 11:42:49,0.0,start,False,crt,75.85,1.0,0.0,marks,number,,,,9.0,,2020-06-02 11:42:49
Soprano et al,Big-0,worker_26,True,unit_135,1.0,2020-06-02 11:39:41,0.0,start,False,standard,49.96,1.0,5.0,age,mcq,What is your age range?,0:::1:::2:::3:::4:::5,0-18:::19-25:::26-35:::36-50:::50-80:::80,1.0,19-25,2020-06-02 11:39:41
Soprano et al,Big-0,worker_26,True,unit_135,1.0,2020-06-02 11:41:33,0.0,start,False,crt,111.65,1.0,0.0,farmers,number,,,,9.0,,2020-06-02 11:41:33
Soprano et al,Big-0,worker_26,True,unit_135,1.0,2020-06-02 11:39:41,0.0,start,False,standard,49.96,1.0,5.0,school,mcq,What is the highest level of school you have completed or the highest degree you have received?,0:::1:::2:::3:::4:::5,"High school incomplete or less:::High school graduate or GED (includes technical/vocational training that doesn’t towards college credit):::Some college (some community college, associate’s degree):::Four year college degree/bachelor’s degree:::Some postgraduate or professional schooling, no postgraduate degree:::Postgraduate or professional degree, including master’s, doctorate, medical or law degree",3.0,Four year college degree/bachelor’s degree,2020-06-02 11:39:41
Soprano et al,Big-0,worker_26,True,unit_135,1.0,2020-06-02 11:39:41,0.0,start,False,standard,49.96,1.0,8.0,taxes,mcq,"Last year what was your total family income from all sources, before taxes?",0:::1:::2:::3:::4:::5:::6:::7:::8,"Less than 10,000:::10,000 to less than 20,000:::20,000 to less than 30,000:::30,000 to less than 40,000:::40,000 to less than 50,000:::50,000 to less than 75,000:::75,000 to less than 100,000:::100,000 to less than 150,000:::150,000 or more",3.0,"30,000 to less than 40,000",2020-06-02 11:39:41
Soprano et al,Big-0,worker_26,True,unit_135,1.0,2020-06-02 11:39:41,0.0,start,False,standard,49.96,1.0,4.0,political_views,mcq,"In general, would you describe your political views as",0:::1:::2:::3:::4,Very conservative:::Conservative:::Moderate:::Liberal:::Very liberal,3.0,Liberal,2020-06-02 11:39:41
Soprano et al,Big-0,worker_26,True,unit_135,1.0,2020-06-02 11:39:41,0.0,start,False,standard,49.96,1.0,2.0,southern_border,mcq,Should the U.S. build a wall along the southern border?,0:::1:::2,Agree:::Disagree:::No opinion either way,0.0,Agree,2020-06-02 11:39:41
Soprano et al,Big-0,worker_26,True,unit_135,1.0,2020-06-02 11:39:41,0.0,start,False,standard,49.96,1.0,3.0,consideration,mcq,"In politics today, do you consider yourself a",0:::1:::2:::3,Republican:::Democrat:::Independent:::Something else,1.0,Democrat,2020-06-02 11:39:41
Soprano et al,Big-0,worker_26,True,unit_135,1.0,2020-06-02 11:44:30,0.0,start,False,crt,101.54,1.0,0.0,athletics,number,,,,4.0,,2020-06-02 11:44:30
Soprano et al,Big-0,worker_26,True,unit_135,1.0,2020-06-02 11:39:41,0.0,start,False,standard,49.96,1.0,2.0,environment,mcq,Should the government increase environmental regulations to prevent climate change?,0:::1:::2,Agree:::Disagree:::No opinion either way,0.0,Agree,2020-06-02 11:39:41
Soprano et al,Big-0,worker_24,True,unit_81,1.0,2020-06-02 12:46:33,0.0,start,False,crt,89.12,1.0,0.0,marks,number,,,,9.0,,2020-06-02 12:46:33
Soprano et al,Big-0,worker_24,True,unit_81,1.0,2020-06-02 12:43:57,0.0,start,False,standard,105.87,1.0,2.0,environment,mcq,Should the government increase environmental regulations to prevent climate change?,0:::1:::2,Agree:::Disagree:::No opinion either way,0.0,Agree,2020-06-02 12:43:57
Soprano et al,Big-0,worker_24,True,unit_81,1.0,2020-06-02 12:43:57,0.0,start,False,standard,105.87,1.0,5.0,school,mcq,What is the highest level of school you have completed or the highest degree you have received?,0:::1:::2:::3:::4:::5,"High school incomplete or less:::High school graduate or GED (includes technical/vocational training that doesn’t towards college credit):::Some college (some community college, associate’s degree):::Four year college degree/bachelor’s degree:::Some postgraduate or professional schooling, no postgraduate degree:::Postgraduate or professional degree, including master’s, doctorate, medical or law degree",5.0,"Postgraduate or professional degree, including master’s, doctorate, medical or law degree",2020-06-02 12:43:57
Soprano et al,Big-0,worker_24,True,unit_81,1.0,2020-06-02 12:43:57,0.0,start,False,standard,105.87,1.0,5.0,age,mcq,What is your age range?,0:::1:::2:::3:::4:::5,0-18:::19-25:::26-35:::36-50:::50-80:::80,4.0,50-80,2020-06-02 12:43:57
Soprano et al,Big-0,worker_24,True,unit_81,1.0,2020-06-02 12:43:57,0.0,start,False,standard,105.87,1.0,4.0,political_views,mcq,"In general, would you describe your political views as",0:::1:::2:::3:::4,Very conservative:::Conservative:::Moderate:::Liberal:::Very liberal,1.0,Conservative,2020-06-02 12:43:57
Soprano et al,Big-0,worker_24,True,unit_81,1.0,2020-06-02 12:45:04,0.0,start,False,crt,66.92,1.0,0.0,farmers,number,,,,3.0,,2020-06-02 12:45:04
Soprano et al,Big-0,worker_24,True,unit_81,1.0,2020-06-02 12:43:57,0.0,start,False,standard,105.87,1.0,3.0,consideration,mcq,"In politics today, do you consider yourself a",0:::1:::2:::3,Republican:::Democrat:::Independent:::Something else,0.0,Republican,2020-06-02 12:43:57
Soprano et al,Big-0,worker_24,True,unit_81,1.0,2020-06-02 12:47:38,0.0,start,False,crt,64.83,1.0,0.0,athletics,number,,,,5.0,,2020-06-02 12:47:38
Soprano et al,Big-0,worker_24,True,unit_81,1.0,2020-06-02 12:43:57,0.0,start,False,standard,105.87,1.0,2.0,southern_border,mcq,Should the U.S. build a wall along the southern border?,0:::1:::2,Agree:::Disagree:::No opinion either way,0.0,Agree,2020-06-02 12:43:57
Soprano et al,Big-0,worker_24,True,unit_81,1.0,2020-06-02 12:43:57,0.0,start,False,standard,105.87,1.0,8.0,taxes,mcq,"Last year what was your total family income from all sources, before taxes?",0:::1:::2:::3:::4:::5:::6:::7:::8,"Less than 10,000:::10,000 to less than 20,000:::20,000 to less than 30,000:::30,000 to less than 40,000:::40,000 to less than 50,000:::50,000 to less than 75,000:::75,000 to less than 100,000:::100,000 to less than 150,000:::150,000 or more",8.0,"150,000 or more",2020-06-02 12:43:57
Soprano et al,Big-1,worker_71,True,unit_68,1.0,2020-06-04 12:11:37,0.0,start,False,standard,18.4,1.0,4.0,political_views,mcq,"In general, would you describe your political views as",0:::1:::2:::3:::4,Very conservative:::Conservative:::Moderate:::Liberal:::Very liberal,2.0,Moderate,2020-06-04 12:11:37
Soprano et al,Big-1,worker_71,True,unit_68,1.0,2020-06-04 12:11:37,0.0,start,False,standard,18.4,1.0,3.0,consideration,mcq,"In politics today, do you consider yourself a",0:::1:::2:::3,Republican:::Democrat:::Independent:::Something else,2.0,Independent,2020-06-04 12:11:37
Soprano et al,Big-1,worker_71,True,unit_68,1.0,2020-06-04 12:11:37,0.0,start,False,standard,18.4,1.0,2.0,southern_border,mcq,Should the U.S. build a wall along the southern border?,0:::1:::2,Agree:::Disagree:::No opinion either way,1.0,Disagree,2020-06-04 12:11:37
Soprano et al,Big-1,worker_71,True,unit_68,1.0,2020-06-04 12:11:37,0.0,start,False,standard,18.4,1.0,2.0,environment,mcq,Should the government increase environmental regulations to prevent climate change?,0:::1:::2,Agree:::Disagree:::No opinion either way,2.0,No opinion either way,2020-06-04 12:11:37
Soprano et al,Big-1,worker_71,True,unit_68,1.0,2020-06-04 12:11:45,0.0,start,False,crt,8.46,1.0,0.0,farmers,number,,,,3.0,,2020-06-04 12:11:45
Soprano et al,Big-1,worker_71,True,unit_68,1.0,2020-06-04 12:11:54,0.0,start,False,crt,5.72,1.0,0.0,athletics,number,,,,4.0,,2020-06-04 12:11:54
Soprano et al,Big-1,worker_71,True,unit_68,1.0,2020-06-04 12:11:37,0.0,start,False,standard,18.4,1.0,5.0,age,mcq,What is your age range?,0:::1:::2:::3:::4:::5,0-18:::19-25:::26-35:::36-50:::50-80:::80,2.0,26-35,2020-06-04 12:11:37
Soprano et al,Big-1,worker_71,True,unit_68,1.0,2020-06-04 12:11:49,0.0,start,False,crt,3.33,1.0,0.0,marks,number,,,,9.0,,2020-06-04 12:11:49
Soprano et al,Big-1,worker_71,True,unit_68,1.0,2020-06-04 12:11:37,0.0,start,False,standard,18.4,1.0,8.0,taxes,mcq,"Last year what was your total family income from all sources, before taxes?",0:::1:::2:::3:::4:::5:::6:::7:::8,"Less than 10,000:::10,000 to less than 20,000:::20,000 to less than 30,000:::30,000 to less than 40,000:::40,000 to less than 50,000:::50,000 to less than 75,000:::75,000 to less than 100,000:::100,000 to less than 150,000:::150,000 or more",3.0,"30,000 to less than 40,000",2020-06-04 12:11:37
Soprano et al,Big-1,worker_71,True,unit_68,1.0,2020-06-04 12:11:37,0.0,start,False,standard,18.4,1.0,5.0,school,mcq,What is the highest level of school you have completed or the highest degree you have received?,0:::1:::2:::3:::4:::5,"High school incomplete or less:::High school graduate or GED (includes technical/vocational training that doesn’t towards college credit):::Some college (some community college, associate’s degree):::Four year college degree/bachelor’s degree:::Some postgraduate or professional schooling, no postgraduate degree:::Postgraduate or professional degree, including master’s, doctorate, medical or law degree",3.0,Four year college degree/bachelor’s degree,2020-06-04 12:11:37
Soprano et al,Big-1,worker_94,True,unit_30,1.0,2020-06-04 12:12:56,0.0,start,False,standard,60.09,1.0,4.0,political_views,mcq,"In general, would you describe your political views as",0:::1:::2:::3:::4,Very conservative:::Conservative:::Moderate:::Liberal:::Very liberal,1.0,Conservative,2020-06-04 12:12:56
Soprano et al,Big-1,worker_94,True,unit_30,1.0,2020-06-04 12:12:56,0.0,start,False,standard,60.09,1.0,3.0,consideration,mcq,"In politics today, do you consider yourself a",0:::1:::2:::3,Republican:::Democrat:::Independent:::Something else,1.0,Democrat,2020-06-04 12:12:56
Soprano et al,Big-1,worker_94,True,unit_30,1.0,2020-06-04 12:12:56,0.0,start,False,standard,60.09,1.0,2.0,environment,mcq,Should the government increase environmental regulations to prevent climate change?,0:::1:::2,Agree:::Disagree:::No opinion either way,2.0,No opinion either way,2020-06-04 12:12:56
Soprano et al,Big-1,worker_94,True,unit_30,1.0,2020-06-04 12:17:47,0.0,start,False,crt,27.32,1.0,0.0,athletics,number,,,,5.0,,2020-06-04 12:17:47
Soprano et al,Big-1,worker_94,True,unit_30,1.0,2020-06-04 12:12:56,0.0,start,False,standard,60.09,1.0,5.0,age,mcq,What is your age range?,0:::1:::2:::3:::4:::5,0-18:::19-25:::26-35:::36-50:::50-80:::80,3.0,36-50,2020-06-04 12:12:56
Soprano et al,Big-1,worker_94,True,unit_30,1.0,2020-06-04 12:17:20,0.0,start,False,crt,239.12,1.0,0.0,marks,number,,,,10.0,,2020-06-04 12:17:20
Soprano et al,Big-1,worker_94,True,unit_30,1.0,2020-06-04 12:12:56,0.0,start,False,standard,60.09,1.0,2.0,southern_border,mcq,Should the U.S. build a wall along the southern border?,0:::1:::2,Agree:::Disagree:::No opinion either way,0.0,Agree,2020-06-04 12:12:56
Soprano et al,Big-1,worker_94,True,unit_30,1.0,2020-06-04 12:12:56,0.0,start,False,standard,60.09,1.0,5.0,school,mcq,What is the highest level of school you have completed or the highest degree you have received?,0:::1:::2:::3:::4:::5,"High school incomplete or less:::High school graduate or GED (includes technical/vocational training that doesn’t towards college credit):::Some college (some community college, associate’s degree):::Four year college degree/bachelor’s degree:::Some postgraduate or professional schooling, no postgraduate degree:::Postgraduate or professional degree, including master’s, doctorate, medical or law degree",3.0,Four year college degree/bachelor’s degree,2020-06-04 12:12:56
Soprano et al,Big-1,worker_94,True,unit_30,1.0,2020-06-04 12:12:56,0.0,start,False,standard,60.09,1.0,8.0,taxes,mcq,"Last year what was your total family income from all sources, before taxes?",0:::1:::2:::3:::4:::5:::6:::7:::8,"Less than 10,000:::10,000 to less than 20,000:::20,000 to less than 30,000:::30,000 to less than 40,000:::40,000 to less than 50,000:::50,000 to less than 75,000:::75,000 to less than 100,000:::100,000 to less than 150,000:::150,000 or more",3.0,"30,000 to less than 40,000",2020-06-04 12:12:56
Soprano et al,Big-1,worker_94,True,unit_30,1.0,2020-06-04 12:13:20,0.0,start,False,crt,24.9,1.0,0.0,farmers,number,,,,9.0,,2020-06-04 12:13:20
Soprano et al,Big-1,worker_47,True,unit_72,1.0,2020-06-04 12:17:41,0.0,start,False,standard,302.79,1.0,5.0,school,mcq,What is the highest level of school you have completed or the highest degree you have received?,0:::1:::2:::3:::4:::5,"High school incomplete or less:::High school graduate or GED (includes technical/vocational training that doesn’t towards college credit):::Some college (some community college, associate’s degree):::Four year college degree/bachelor’s degree:::Some postgraduate or professional schooling, no postgraduate degree:::Postgraduate or professional degree, including master’s, doctorate, medical or law degree",3.0,Four year college degree/bachelor’s degree,2020-06-04 12:17:41
Soprano et al,Big-1,worker_47,True,unit_72,1.0,2020-06-04 12:17:41,0.0,start,False,standard,302.79,1.0,8.0,taxes,mcq,"Last year what was your total family income from all sources, before taxes?",0:::1:::2:::3:::4:::5:::6:::7:::8,"Less than 10,000:::10,000 to less than 20,000:::20,000 to less than 30,000:::30,000 to less than 40,000:::40,000 to less than 50,000:::50,000 to less than 75,000:::75,000 to less than 100,000:::100,000 to less than 150,000:::150,000 or more",5.0,"50,000 to less than 75,000",2020-06-04 12:17:41
Soprano et al,Big-1,worker_47,True,unit_72,1.0,2020-06-04 12:17:41,0.0,start,False,standard,302.79,1.0,4.0,political_views,mcq,"In general, would you describe your political views as",0:::1:::2:::3:::4,Very conservative:::Conservative:::Moderate:::Liberal:::Very liberal,3.0,Liberal,2020-06-04 12:17:41
Soprano et al,Big-1,worker_47,True,unit_72,1.0,2020-06-04 12:17:41,0.0,start,False,standard,302.79,1.0,3.0,consideration,mcq,"In politics today, do you consider yourself a",0:::1:::2:::3,Republican:::Democrat:::Independent:::Something else,1.0,Democrat,2020-06-04 12:17:41
Soprano et al,Big-1,worker_47,True,unit_72,1.0,2020-06-04 12:17:41,0.0,start,False,standard,302.79,1.0,2.0,environment,mcq,Should the government increase environmental regulations to prevent climate change?,0:::1:::2,Agree:::Disagree:::No opinion either way,0.0,Agree,2020-06-04 12:17:41
Soprano et al,Big-1,worker_47,True,unit_72,1.0,2020-06-04 12:17:41,0.0,start,False,standard,302.79,1.0,2.0,southern_border,mcq,Should the U.S. build a wall along the southern border?,0:::1:::2,Agree:::Disagree:::No opinion either way,1.0,Disagree,2020-06-04 12:17:41
Soprano et al,Big-1,worker_47,True,unit_72,1.0,2020-06-04 12:17:41,0.0,start,False,standard,302.79,1.0,5.0,age,mcq,What is your age range?,0:::1:::2:::3:::4:::5,0-18:::19-25:::26-35:::36-50:::50-80:::80,2.0,26-35,2020-06-04 12:17:41
Soprano et al,Big-1,worker_47,True,unit_72,1.0,2020-06-04 12:21:19,0.0,start,False,crt,47.81,1.0,0.0,athletics,number,,,,5.0,,2020-06-04 12:21:19
Soprano et al,Big-1,worker_47,True,unit_72,1.0,2020-06-04 12:20:12,0.0,start,False,crt,150.47,1.0,0.0,farmers,number,,,,9.0,,2020-06-04 12:20:12
Soprano et al,Big-1,worker_47,True,unit_72,1.0,2020-06-04 12:20:31,0.0,start,False,crt,19.03,1.0,0.0,marks,number,,,,1.0,,2020-06-04 12:20:31
Soprano et al,Big-1,worker_27,True,unit_158,1.0,2020-06-04 12:19:04,0.0,start,False,crt,172.79,1.0,0.0,athletics,number,,,,5.0,,2020-06-04 12:19:04
Soprano et al,Big-1,worker_27,True,unit_158,1.0,2020-06-04 12:14:01,0.0,start,False,standard,38.7,1.0,4.0,political_views,mcq,"In general, would you describe your political views as",0:::1:::2:::3:::4,Very conservative:::Conservative:::Moderate:::Liberal:::Very liberal,1.0,Conservative,2020-06-04 12:14:01
Soprano et al,Big-1,worker_27,True,unit_158,1.0,2020-06-04 12:14:01,0.0,start,False,standard,38.7,1.0,3.0,consideration,mcq,"In politics today, do you consider yourself a",0:::1:::2:::3,Republican:::Democrat:::Independent:::Something else,1.0,Democrat,2020-06-04 12:14:01
Soprano et al,Big-1,worker_27,True,unit_158,1.0,2020-06-04 12:14:01,0.0,start,False,standard,38.7,1.0,5.0,school,mcq,What is the highest level of school you have completed or the highest degree you have received?,0:::1:::2:::3:::4:::5,"High school incomplete or less:::High school graduate or GED (includes technical/vocational training that doesn’t towards college credit):::Some college (some community college, associate’s degree):::Four year college degree/bachelor’s degree:::Some postgraduate or professional schooling, no postgraduate degree:::Postgraduate or professional degree, including master’s, doctorate, medical or law degree",3.0,Four year college degree/bachelor’s degree,2020-06-04 12:14:01
Soprano et al,Big-1,worker_27,True,unit_158,1.0,2020-06-04 12:16:11,0.0,start,False,crt,79.7,1.0,0.0,marks,number,,,,11.0,,2020-06-04 12:16:11
Soprano et al,Big-1,worker_27,True,unit_158,1.0,2020-06-04 12:14:51,0.0,start,False,crt,49.97,1.0,0.0,farmers,number,,,,9.0,,2020-06-04 12:14:51
Soprano et al,Big-1,worker_27,True,unit_158,1.0,2020-06-04 12:14:01,0.0,start,False,standard,38.7,1.0,2.0,environment,mcq,Should the government increase environmental regulations to prevent climate change?,0:::1:::2,Agree:::Disagree:::No opinion either way,0.0,Agree,2020-06-04 12:14:01
Soprano et al,Big-1,worker_27,True,unit_158,1.0,2020-06-04 12:14:01,0.0,start,False,standard,38.7,1.0,2.0,southern_border,mcq,Should the U.S. build a wall along the southern border?,0:::1:::2,Agree:::Disagree:::No opinion either way,0.0,Agree,2020-06-04 12:14:01
Soprano et al,Big-1,worker_27,True,unit_158,1.0,2020-06-04 12:14:01,0.0,start,False,standard,38.7,1.0,5.0,age,mcq,What is your age range?,0:::1:::2:::3:::4:::5,0-18:::19-25:::26-35:::36-50:::50-80:::80,2.0,26-35,2020-06-04 12:14:01
Soprano et al,Big-1,worker_27,True,unit_158,1.0,2020-06-04 12:14:01,0.0,start,False,standard,38.7,1.0,8.0,taxes,mcq,"Last year what was your total family income from all sources, before taxes?",0:::1:::2:::3:::4:::5:::6:::7:::8,"Less than 10,000:::10,000 to less than 20,000:::20,000 to less than 30,000:::30,000 to less than 40,000:::40,000 to less than 50,000:::50,000 to less than 75,000:::75,000 to less than 100,000:::100,000 to less than 150,000:::150,000 or more",1.0,"10,000 to less than 20,000",2020-06-04 12:14:01
Soprano et al,Big-1,worker_103,True,unit_84,1.0,2020-06-04 12:20:04,0.0,start,False,crt,12.01,1.0,0.0,athletics,number,,,,16.0,,2020-06-04 12:20:04
Soprano et al,Big-1,worker_103,True,unit_84,1.0,2020-06-04 12:19:52,0.0,start,False,crt,185.84,1.0,0.0,marks,number,,,,5.0,,2020-06-04 12:19:52
Soprano et al,Big-1,worker_103,True,unit_84,1.0,2020-06-04 12:16:20,0.0,start,False,standard,43.75,1.0,5.0,school,mcq,What is the highest level of school you have completed or the highest degree you have received?,0:::1:::2:::3:::4:::5,"High school incomplete or less:::High school graduate or GED (includes technical/vocational training that doesn’t towards college credit):::Some college (some community college, associate’s degree):::Four year college degree/bachelor’s degree:::Some postgraduate or professional schooling, no postgraduate degree:::Postgraduate or professional degree, including master’s, doctorate, medical or law degree",3.0,Four year college degree/bachelor’s degree,2020-06-04 12:16:20
Soprano et al,Big-1,worker_103,True,unit_84,1.0,2020-06-04 12:16:20,0.0,start,False,standard,43.75,1.0,3.0,consideration,mcq,"In politics today, do you consider yourself a",0:::1:::2:::3,Republican:::Democrat:::Independent:::Something else,0.0,Republican,2020-06-04 12:16:20
Soprano et al,Big-1,worker_103,True,unit_84,1.0,2020-06-04 12:16:20,0.0,start,False,standard,43.75,1.0,2.0,southern_border,mcq,Should the U.S. build a wall along the southern border?,0:::1:::2,Agree:::Disagree:::No opinion either way,0.0,Agree,2020-06-04 12:16:20
Soprano et al,Big-1,worker_103,True,unit_84,1.0,2020-06-04 12:16:20,0.0,start,False,standard,43.75,1.0,8.0,taxes,mcq,"Last year what was your total family income from all sources, before taxes?",0:::1:::2:::3:::4:::5:::6:::7:::8,"Less than 10,000:::10,000 to less than 20,000:::20,000 to less than 30,000:::30,000 to less than 40,000:::40,000 to less than 50,000:::50,000 to less than 75,000:::75,000 to less than 100,000:::100,000 to less than 150,000:::150,000 or more",5.0,"50,000 to less than 75,000",2020-06-04 12:16:20
Soprano et al,Big-1,worker_103,True,unit_84,1.0,2020-06-04 12:16:20,0.0,start,False,standard,43.75,1.0,4.0,political_views,mcq,"In general, would you describe your political views as",0:::1:::2:::3:::4,Very conservative:::Conservative:::Moderate:::Liberal:::Very liberal,4.0,Very liberal,2020-06-04 12:16:20
Soprano et al,Big-1,worker_103,True,unit_84,1.0,2020-06-04 12:16:46,0.0,start,False,crt,25.79,1.0,0.0,farmers,number,,,,9.0,,2020-06-04 12:16:46
Soprano et al,Big-1,worker_103,True,unit_84,1.0,2020-06-04 12:16:20,0.0,start,False,standard,43.75,1.0,2.0,environment,mcq,Should the government increase environmental regulations to prevent climate change?,0:::1:::2,Agree:::Disagree:::No opinion either way,0.0,Agree,2020-06-04 12:16:20
Soprano et al,Big-1,worker_103,True,unit_84,1.0,2020-06-04 12:16:20,0.0,start,False,standard,43.75,1.0,5.0,age,mcq,What is your age range?,0:::1:::2:::3:::4:::5,0-18:::19-25:::26-35:::36-50:::50-80:::80,2.0,26-35,2020-06-04 12:16:20
Soprano et al,Big-1,worker_90,True,unit_148,1.0,2020-06-04 12:20:12,0.0,start,False,standard,31.21,1.0,5.0,age,mcq,What is your age range?,0:::1:::2:::3:::4:::5,0-18:::19-25:::26-35:::36-50:::50-80:::80,2.0,26-35,2020-06-04 12:20:12
Soprano et al,Big-1,worker_90,True,unit_148,1.0,2020-06-04 12:20:22,0.0,start,False,crt,10.68,1.0,0.0,farmers,number,,,,9.0,,2020-06-04 12:20:22
Soprano et al,Big-1,worker_90,True,unit_148,1.0,2020-06-04 12:20:12,0.0,start,False,standard,31.21,1.0,5.0,school,mcq,What is the highest level of school you have completed or the highest degree you have received?,0:::1:::2:::3:::4:::5,"High school incomplete or less:::High school graduate or GED (includes technical/vocational training that doesn’t towards college credit):::Some college (some community college, associate’s degree):::Four year college degree/bachelor’s degree:::Some postgraduate or professional schooling, no postgraduate degree:::Postgraduate or professional degree, including master’s, doctorate, medical or law degree",4.0,"Some postgraduate or professional schooling, no postgraduate degree",2020-06-04 12:20:12
Soprano et al,Big-1,worker_90,True,unit_148,1.0,2020-06-04 12:20:12,0.0,start,False,standard,31.21,1.0,2.0,environment,mcq,Should the government increase environmental regulations to prevent climate change?,0:::1:::2,Agree:::Disagree:::No opinion either way,0.0,Agree,2020-06-04 12:20:12
Soprano et al,Big-1,worker_90,True,unit_148,1.0,2020-06-04 12:20:12,0.0,start,False,standard,31.21,1.0,4.0,political_views,mcq,"In general, would you describe your political views as",0:::1:::2:::3:::4,Very conservative:::Conservative:::Moderate:::Liberal:::Very liberal,0.0,Very conservative,2020-06-04 12:20:12
Soprano et al,Big-1,worker_90,True,unit_148,1.0,2020-06-04 12:20:12,0.0,start,False,standard,31.21,1.0,3.0,consideration,mcq,"In politics today, do you consider yourself a",0:::1:::2:::3,Republican:::Democrat:::Independent:::Something else,0.0,Republican,2020-06-04 12:20:12
Soprano et al,Big-1,worker_90,True,unit_148,1.0,2020-06-04 12:20:35,0.0,start,False,crt,12.84,1.0,0.0,marks,number,,,,10.0,,2020-06-04 12:20:35
Soprano et al,Big-1,worker_90,True,unit_148,1.0,2020-06-04 12:20:41,0.0,start,False,crt,5.97,1.0,0.0,athletics,number,,,,20.0,,2020-06-04 12:20:41
Soprano et al,Big-1,worker_90,True,unit_148,1.0,2020-06-04 12:20:12,0.0,start,False,standard,31.21,1.0,8.0,taxes,mcq,"Last year what was your total family income from all sources, before taxes?",0:::1:::2:::3:::4:::5:::6:::7:::8,"Less than 10,000:::10,000 to less than 20,000:::20,000 to less than 30,000:::30,000 to less than 40,000:::40,000 to less than 50,000:::50,000 to less than 75,000:::75,000 to less than 100,000:::100,000 to less than 150,000:::150,000 or more",4.0,"40,000 to less than 50,000",2020-06-04 12:20:12
Soprano et al,Big-1,worker_90,True,unit_148,1.0,2020-06-04 12:20:12,0.0,start,False,standard,31.21,1.0,2.0,southern_border,mcq,Should the U.S. build a wall along the southern border?,0:::1:::2,Agree:::Disagree:::No opinion either way,0.0,Agree,2020-06-04 12:20:12
Soprano et al,Big-1,worker_36,True,unit_48,1.0,2020-06-04 12:20:24,0.0,start,False,crt,9.83,1.0,0.0,athletics,number,,,,5.0,,2020-06-04 12:20:24
Soprano et al,Big-1,worker_36,True,unit_48,1.0,2020-06-04 12:19:59,0.0,start,False,standard,16.96,1.0,5.0,age,mcq,What is your age range?,0:::1:::2:::3:::4:::5,0-18:::19-25:::26-35:::36-50:::50-80:::80,3.0,36-50,2020-06-04 12:19:59
Soprano et al,Big-1,worker_36,True,unit_48,1.0,2020-06-04 12:20:09,0.0,start,False,crt,9.31,1.0,0.0,farmers,number,,,,3.0,,2020-06-04 12:20:09
Soprano et al,Big-1,worker_36,True,unit_48,1.0,2020-06-04 12:19:59,0.0,start,False,standard,16.96,1.0,2.0,environment,mcq,Should the government increase environmental regulations to prevent climate change?,0:::1:::2,Agree:::Disagree:::No opinion either way,0.0,Agree,2020-06-04 12:19:59
Soprano et al,Big-1,worker_36,True,unit_48,1.0,2020-06-04 12:19:59,0.0,start,False,standard,16.96,1.0,2.0,southern_border,mcq,Should the U.S. build a wall along the southern border?,0:::1:::2,Agree:::Disagree:::No opinion either way,1.0,Disagree,2020-06-04 12:19:59
Soprano et al,Big-1,worker_36,True,unit_48,1.0,2020-06-04 12:19:59,0.0,start,False,standard,16.96,1.0,3.0,consideration,mcq,"In politics today, do you consider yourself a",0:::1:::2:::3,Republican:::Democrat:::Independent:::Something else,2.0,Independent,2020-06-04 12:19:59
Soprano et al,Big-1,worker_36,True,unit_48,1.0,2020-06-04 12:19:59,0.0,start,False,standard,16.96,1.0,8.0,taxes,mcq,"Last year what was your total family income from all sources, before taxes?",0:::1:::2:::3:::4:::5:::6:::7:::8,"Less than 10,000:::10,000 to less than 20,000:::20,000 to less than 30,000:::30,000 to less than 40,000:::40,000 to less than 50,000:::50,000 to less than 75,000:::75,000 to less than 100,000:::100,000 to less than 150,000:::150,000 or more",8.0,"150,000 or more",2020-06-04 12:19:59
Soprano et al,Big-1,worker_36,True,unit_48,1.0,2020-06-04 12:19:59,0.0,start,False,standard,16.96,1.0,5.0,school,mcq,What is the highest level of school you have completed or the highest degree you have received?,0:::1:::2:::3:::4:::5,"High school incomplete or less:::High school graduate or GED (includes technical/vocational training that doesn’t towards college credit):::Some college (some community college, associate’s degree):::Four year college degree/bachelor’s degree:::Some postgraduate or professional schooling, no postgraduate degree:::Postgraduate or professional degree, including master’s, doctorate, medical or law degree",3.0,Four year college degree/bachelor’s degree,2020-06-04 12:19:59
Soprano et al,Big-1,worker_36,True,unit_48,1.0,2020-06-04 12:20:14,0.0,start,False,crt,5.1,1.0,0.0,marks,number,,,,11.0,,2020-06-04 12:20:14
Soprano et al,Big-1,worker_36,True,unit_48,1.0,2020-06-04 12:19:59,0.0,start,False,standard,16.96,1.0,4.0,political_views,mcq,"In general, would you describe your political views as",0:::1:::2:::3:::4,Very conservative:::Conservative:::Moderate:::Liberal:::Very liberal,3.0,Liberal,2020-06-04 12:19:59
Soprano et al,Big-1,worker_147,True,unit_76,1.0,2020-06-04 12:22:56,0.0,start,False,standard,22.49,1.0,4.0,political_views,mcq,"In general, would you describe your political views as",0:::1:::2:::3:::4,Very conservative:::Conservative:::Moderate:::Liberal:::Very liberal,0.0,Very conservative,2020-06-04 12:22:56
Soprano et al,Big-1,worker_147,True,unit_76,1.0,2020-06-04 12:23:26,0.0,start,False,crt,30.1,1.0,0.0,farmers,number,,,,9.0,,2020-06-04 12:23:26
Soprano et al,Big-1,worker_147,True,unit_76,1.0,2020-06-04 12:23:41,0.0,start,False,crt,14.62,1.0,0.0,marks,number,,,,10.0,,2020-06-04 12:23:41
Soprano et al,Big-1,worker_147,True,unit_76,1.0,2020-06-04 12:22:56,0.0,start,False,standard,22.49,1.0,5.0,school,mcq,What is the highest level of school you have completed or the highest degree you have received?,0:::1:::2:::3:::4:::5,"High school incomplete or less:::High school graduate or GED (includes technical/vocational training that doesn’t towards college credit):::Some college (some community college, associate’s degree):::Four year college degree/bachelor’s degree:::Some postgraduate or professional schooling, no postgraduate degree:::Postgraduate or professional degree, including master’s, doctorate, medical or law degree",3.0,Four year college degree/bachelor’s degree,2020-06-04 12:22:56
Soprano et al,Big-1,worker_147,True,unit_76,1.0,2020-06-04 12:22:56,0.0,start,False,standard,22.49,1.0,2.0,environment,mcq,Should the government increase environmental regulations to prevent climate change?,0:::1:::2,Agree:::Disagree:::No opinion either way,0.0,Agree,2020-06-04 12:22:56
Soprano et al,Big-1,worker_147,True,unit_76,1.0,2020-06-04 12:22:56,0.0,start,False,standard,22.49,1.0,2.0,southern_border,mcq,Should the U.S. build a wall along the southern border?,0:::1:::2,Agree:::Disagree:::No opinion either way,0.0,Agree,2020-06-04 12:22:56
Soprano et al,Big-1,worker_147,True,unit_76,1.0,2020-06-04 12:22:56,0.0,start,False,standard,22.49,1.0,3.0,consideration,mcq,"In politics today, do you consider yourself a",0:::1:::2:::3,Republican:::Democrat:::Independent:::Something else,0.0,Republican,2020-06-04 12:22:56
Soprano et al,Big-1,worker_147,True,unit_76,1.0,2020-06-04 12:22:56,0.0,start,False,standard,22.49,1.0,8.0,taxes,mcq,"Last year what was your total family income from all sources, before taxes?",0:::1:::2:::3:::4:::5:::6:::7:::8,"Less than 10,000:::10,000 to less than 20,000:::20,000 to less than 30,000:::30,000 to less than 40,000:::40,000 to less than 50,000:::50,000 to less than 75,000:::75,000 to less than 100,000:::100,000 to less than 150,000:::150,000 or more",2.0,"20,000 to less than 30,000",2020-06-04 12:22:56
Soprano et al,Big-1,worker_147,True,unit_76,1.0,2020-06-04 12:24:10,0.0,start,False,crt,29.16,1.0,0.0,athletics,number,,,,16.0,,2020-06-04 12:24:10
Soprano et al,Big-1,worker_147,True,unit_76,1.0,2020-06-04 12:22:56,0.0,start,False,standard,22.49,1.0,5.0,age,mcq,What is your age range?,0:::1:::2:::3:::4:::5,0-18:::19-25:::26-35:::36-50:::50-80:::80,2.0,26-35,2020-06-04 12:22:56
Soprano et al,Big-1,worker_167,True,unit_20,1.0,2020-06-04 12:24:28,0.0,start,False,standard,35.49,1.0,2.0,environment,mcq,Should the government increase environmental regulations to prevent climate change?,0:::1:::2,Agree:::Disagree:::No opinion either way,1.0,Disagree,2020-06-04 12:24:28
Soprano et al,Big-1,worker_167,True,unit_20,1.0,2020-06-04 12:25:15,0.0,start,False,crt,18.02,1.0,0.0,athletics,number,,,,12.0,,2020-06-04 12:25:15
Soprano et al,Big-1,worker_167,True,unit_20,1.0,2020-06-04 12:24:48,0.0,start,False,crt,20.4,1.0,0.0,farmers,number,,,,9.0,,2020-06-04 12:24:48
Soprano et al,Big-1,worker_167,True,unit_20,1.0,2020-06-04 12:24:28,0.0,start,False,standard,35.49,1.0,4.0,political_views,mcq,"In general, would you describe your political views as",0:::1:::2:::3:::4,Very conservative:::Conservative:::Moderate:::Liberal:::Very liberal,1.0,Conservative,2020-06-04 12:24:28
Soprano et al,Big-1,worker_167,True,unit_20,1.0,2020-06-04 12:24:28,0.0,start,False,standard,35.49,1.0,2.0,southern_border,mcq,Should the U.S. build a wall along the southern border?,0:::1:::2,Agree:::Disagree:::No opinion either way,0.0,Agree,2020-06-04 12:24:28
Soprano et al,Big-1,worker_167,True,unit_20,1.0,2020-06-04 12:24:28,0.0,start,False,standard,35.49,1.0,5.0,school,mcq,What is the highest level of school you have completed or the highest degree you have received?,0:::1:::2:::3:::4:::5,"High school incomplete or less:::High school graduate or GED (includes technical/vocational training that doesn’t towards college credit):::Some college (some community college, associate’s degree):::Four year college degree/bachelor’s degree:::Some postgraduate or professional schooling, no postgraduate degree:::Postgraduate or professional degree, including master’s, doctorate, medical or law degree",2.0,"Some college (some community college, associate’s degree)",2020-06-04 12:24:28
Soprano et al,Big-1,worker_167,True,unit_20,1.0,2020-06-04 12:24:57,0.0,start,False,crt,8.25,1.0,0.0,marks,number,,,,5.0,,2020-06-04 12:24:57
Soprano et al,Big-1,worker_167,True,unit_20,1.0,2020-06-04 12:24:28,0.0,start,False,standard,35.49,1.0,3.0,consideration,mcq,"In politics today, do you consider yourself a",0:::1:::2:::3,Republican:::Democrat:::Independent:::Something else,1.0,Democrat,2020-06-04 12:24:28
Soprano et al,Big-1,worker_167,True,unit_20,1.0,2020-06-04 12:24:28,0.0,start,False,standard,35.49,1.0,5.0,age,mcq,What is your age range?,0:::1:::2:::3:::4:::5,0-18:::19-25:::26-35:::36-50:::50-80:::80,1.0,19-25,2020-06-04 12:24:28
Soprano et al,Big-1,worker_167,True,unit_20,1.0,2020-06-04 12:24:28,0.0,start,False,standard,35.49,1.0,8.0,taxes,mcq,"Last year what was your total family income from all sources, before taxes?",0:::1:::2:::3:::4:::5:::6:::7:::8,"Less than 10,000:::10,000 to less than 20,000:::20,000 to less than 30,000:::30,000 to less than 40,000:::40,000 to less than 50,000:::50,000 to less than 75,000:::75,000 to less than 100,000:::100,000 to less than 150,000:::150,000 or more",6.0,"75,000 to less than 100,000",2020-06-04 12:24:28
Soprano et al,Big-1,worker_50,True,unit_122,1.0,2020-06-04 12:34:42,0.0,start,False,crt,13.28,1.0,0.0,athletics,number,,,,5.0,,2020-06-04 12:34:42
Soprano et al,Big-1,worker_50,True,unit_122,1.0,2020-06-04 12:33:55,0.0,start,False,standard,15.59,1.0,5.0,school,mcq,What is the highest level of school you have completed or the highest degree you have received?,0:::1:::2:::3:::4:::5,"High school incomplete or less:::High school graduate or GED (includes technical/vocational training that doesn’t towards college credit):::Some college (some community college, associate’s degree):::Four year college degree/bachelor’s degree:::Some postgraduate or professional schooling, no postgraduate degree:::Postgraduate or professional degree, including master’s, doctorate, medical or law degree",2.0,"Some college (some community college, associate’s degree)",2020-06-04 12:33:55
Soprano et al,Big-1,worker_50,True,unit_122,1.0,2020-06-04 12:33:55,0.0,start,False,standard,15.59,1.0,5.0,age,mcq,What is your age range?,0:::1:::2:::3:::4:::5,0-18:::19-25:::26-35:::36-50:::50-80:::80,2.0,26-35,2020-06-04 12:33:55
Soprano et al,Big-1,worker_50,True,unit_122,1.0,2020-06-04 12:33:55,0.0,start,False,standard,15.59,1.0,4.0,political_views,mcq,"In general, would you describe your political views as",0:::1:::2:::3:::4,Very conservative:::Conservative:::Moderate:::Liberal:::Very liberal,0.0,Very conservative,2020-06-04 12:33:55
Soprano et al,Big-1,worker_50,True,unit_122,1.0,2020-06-04 12:33:55,0.0,start,False,standard,15.59,1.0,3.0,consideration,mcq,"In politics today, do you consider yourself a",0:::1:::2:::3,Republican:::Democrat:::Independent:::Something else,0.0,Republican,2020-06-04 12:33:55
Soprano et al,Big-1,worker_50,True,unit_122,1.0,2020-06-04 12:33:55,0.0,start,False,standard,15.59,1.0,2.0,southern_border,mcq,Should the U.S. build a wall along the southern border?,0:::1:::2,Agree:::Disagree:::No opinion either way,0.0,Agree,2020-06-04 12:33:55
Soprano et al,Big-1,worker_50,True,unit_122,1.0,2020-06-04 12:33:55,0.0,start,False,standard,15.59,1.0,2.0,environment,mcq,Should the government increase environmental regulations to prevent climate change?,0:::1:::2,Agree:::Disagree:::No opinion either way,1.0,Disagree,2020-06-04 12:33:55
Soprano et al,Big-1,worker_50,True,unit_122,1.0,2020-06-04 12:34:10,0.0,start,False,crt,14.72,1.0,0.0,farmers,number,,,,3.0,,2020-06-04 12:34:10
Soprano et al,Big-1,worker_50,True,unit_122,1.0,2020-06-04 12:34:29,0.0,start,False,crt,19.39,1.0,0.0,marks,number,,,,10.0,,2020-06-04 12:34:29
Soprano et al,Big-1,worker_50,True,unit_122,1.0,2020-06-04 12:33:55,0.0,start,False,standard,15.59,1.0,8.0,taxes,mcq,"Last year what was your total family income from all sources, before taxes?",0:::1:::2:::3:::4:::5:::6:::7:::8,"Less than 10,000:::10,000 to less than 20,000:::20,000 to less than 30,000:::30,000 to less than 40,000:::40,000 to less than 50,000:::50,000 to less than 75,000:::75,000 to less than 100,000:::100,000 to less than 150,000:::150,000 or more",2.0,"20,000 to less than 30,000",2020-06-04 12:33:55
Soprano et al,Big-1,worker_138,True,unit_86,1.0,2020-06-04 12:34:19,0.0,start,False,standard,35.99,1.0,2.0,southern_border,mcq,Should the U.S. build a wall along the southern border?,0:::1:::2,Agree:::Disagree:::No opinion either way,0.0,Agree,2020-06-04 12:34:19
Soprano et al,Big-1,worker_138,True,unit_86,1.0,2020-06-04 12:34:19,0.0,start,False,standard,35.99,1.0,4.0,political_views,mcq,"In general, would you describe your political views as",0:::1:::2:::3:::4,Very conservative:::Conservative:::Moderate:::Liberal:::Very liberal,0.0,Very conservative,2020-06-04 12:34:19
Soprano et al,Big-1,worker_138,True,unit_86,1.0,2020-06-04 12:34:19,0.0,start,False,standard,35.99,1.0,8.0,taxes,mcq,"Last year what was your total family income from all sources, before taxes?",0:::1:::2:::3:::4:::5:::6:::7:::8,"Less than 10,000:::10,000 to less than 20,000:::20,000 to less than 30,000:::30,000 to less than 40,000:::40,000 to less than 50,000:::50,000 to less than 75,000:::75,000 to less than 100,000:::100,000 to less than 150,000:::150,000 or more",2.0,"20,000 to less than 30,000",2020-06-04 12:34:19
Soprano et al,Big-1,worker_138,True,unit_86,1.0,2020-06-04 12:34:19,0.0,start,False,standard,35.99,1.0,5.0,age,mcq,What is your age range?,0:::1:::2:::3:::4:::5,0-18:::19-25:::26-35:::36-50:::50-80:::80,2.0,26-35,2020-06-04 12:34:19
Soprano et al,Big-1,worker_138,True,unit_86,1.0,2020-06-04 12:34:19,0.0,start,False,standard,35.99,1.0,5.0,school,mcq,What is the highest level of school you have completed or the highest degree you have received?,0:::1:::2:::3:::4:::5,"High school incomplete or less:::High school graduate or GED (includes technical/vocational training that doesn’t towards college credit):::Some college (some community college, associate’s degree):::Four year college degree/bachelor’s degree:::Some postgraduate or professional schooling, no postgraduate degree:::Postgraduate or professional degree, including master’s, doctorate, medical or law degree",3.0,Four year college degree/bachelor’s degree,2020-06-04 12:34:19
Soprano et al,Big-1,worker_138,True,unit_86,1.0,2020-06-04 12:35:08,0.0,start,False,crt,11.62,1.0,0.0,athletics,number,,,,16.0,,2020-06-04 12:35:08
Soprano et al,Big-1,worker_138,True,unit_86,1.0,2020-06-04 12:34:44,0.0,start,False,crt,24.09,1.0,0.0,farmers,number,,,,4.0,,2020-06-04 12:34:44
Soprano et al,Big-1,worker_138,True,unit_86,1.0,2020-06-04 12:34:57,0.0,start,False,crt,13.22,1.0,0.0,marks,number,,,,10.0,,2020-06-04 12:34:57
Soprano et al,Big-1,worker_138,True,unit_86,1.0,2020-06-04 12:34:19,0.0,start,False,standard,35.99,1.0,3.0,consideration,mcq,"In politics today, do you consider yourself a",0:::1:::2:::3,Republican:::Democrat:::Independent:::Something else,1.0,Democrat,2020-06-04 12:34:19
Soprano et al,Big-1,worker_138,True,unit_86,1.0,2020-06-04 12:34:19,0.0,start,False,standard,35.99,1.0,2.0,environment,mcq,Should the government increase environmental regulations to prevent climate change?,0:::1:::2,Agree:::Disagree:::No opinion either way,0.0,Agree,2020-06-04 12:34:19
Soprano et al,Big-1,worker_154,True,unit_82,1.0,2020-06-04 12:48:11,0.0,start,False,crt,6.43,1.0,0.0,farmers,number,,,,9.0,,2020-06-04 12:48:11
Soprano et al,Big-1,worker_154,True,unit_82,1.0,2020-06-04 12:48:05,0.0,start,False,standard,65.31,1.0,3.0,consideration,mcq,"In politics today, do you consider yourself a",0:::1:::2:::3,Republican:::Democrat:::Independent:::Something else,0.0,Republican,2020-06-04 12:48:05
Soprano et al,Big-1,worker_154,True,unit_82,1.0,2020-06-04 12:48:22,0.0,start,False,crt,10.83,1.0,0.0,marks,number,,,,5.0,,2020-06-04 12:48:22
Soprano et al,Big-1,worker_154,True,unit_82,1.0,2020-06-04 12:48:05,0.0,start,False,standard,65.31,1.0,4.0,political_views,mcq,"In general, would you describe your political views as",0:::1:::2:::3:::4,Very conservative:::Conservative:::Moderate:::Liberal:::Very liberal,4.0,Very liberal,2020-06-04 12:48:05
Soprano et al,Big-1,worker_154,True,unit_82,1.0,2020-06-04 12:48:28,0.0,start,False,crt,5.55,1.0,0.0,athletics,number,,,,16.0,,2020-06-04 12:48:28
Soprano et al,Big-1,worker_154,True,unit_82,1.0,2020-06-04 12:48:05,0.0,start,False,standard,65.31,1.0,8.0,taxes,mcq,"Last year what was your total family income from all sources, before taxes?",0:::1:::2:::3:::4:::5:::6:::7:::8,"Less than 10,000:::10,000 to less than 20,000:::20,000 to less than 30,000:::30,000 to less than 40,000:::40,000 to less than 50,000:::50,000 to less than 75,000:::75,000 to less than 100,000:::100,000 to less than 150,000:::150,000 or more",4.0,"40,000 to less than 50,000",2020-06-04 12:48:05
Soprano et al,Big-1,worker_154,True,unit_82,1.0,2020-06-04 12:48:05,0.0,start,False,standard,65.31,1.0,5.0,age,mcq,What is your age range?,0:::1:::2:::3:::4:::5,0-18:::19-25:::26-35:::36-50:::50-80:::80,2.0,26-35,2020-06-04 12:48:05
Soprano et al,Big-1,worker_154,True,unit_82,1.0,2020-06-04 12:48:05,0.0,start,False,standard,65.31,1.0,5.0,school,mcq,What is the highest level of school you have completed or the highest degree you have received?,0:::1:::2:::3:::4:::5,"High school incomplete or less:::High school graduate or GED (includes technical/vocational training that doesn’t towards college credit):::Some college (some community college, associate’s degree):::Four year college degree/bachelor’s degree:::Some postgraduate or professional schooling, no postgraduate degree:::Postgraduate or professional degree, including master’s, doctorate, medical or law degree",3.0,Four year college degree/bachelor’s degree,2020-06-04 12:48:05
Soprano et al,Big-1,worker_154,True,unit_82,1.0,2020-06-04 12:48:05,0.0,start,False,standard,65.31,1.0,2.0,environment,mcq,Should the government increase environmental regulations to prevent climate change?,0:::1:::2,Agree:::Disagree:::No opinion either way,0.0,Agree,2020-06-04 12:48:05
Soprano et al,Big-1,worker_154,True,unit_82,1.0,2020-06-04 12:48:05,0.0,start,False,standard,65.31,1.0,2.0,southern_border,mcq,Should the U.S. build a wall along the southern border?,0:::1:::2,Agree:::Disagree:::No opinion either way,0.0,Agree,2020-06-04 12:48:05
Soprano et al,Big-1,worker_66,True,unit_108,1.0,2020-06-04 12:56:27,0.0,start,False,standard,18.67,1.0,2.0,environment,mcq,Should the government increase environmental regulations to prevent climate change?,0:::1:::2,Agree:::Disagree:::No opinion either way,0.0,Agree,2020-06-04 12:56:27
Soprano et al,Big-1,worker_66,True,unit_108,1.0,2020-06-04 12:56:27,0.0,start,False,standard,18.67,1.0,2.0,southern_border,mcq,Should the U.S. build a wall along the southern border?,0:::1:::2,Agree:::Disagree:::No opinion either way,0.0,Agree,2020-06-04 12:56:27
Soprano et al,Big-1,worker_66,True,unit_108,1.0,2020-06-04 12:56:27,0.0,start,False,standard,18.67,1.0,3.0,consideration,mcq,"In politics today, do you consider yourself a",0:::1:::2:::3,Republican:::Democrat:::Independent:::Something else,2.0,Independent,2020-06-04 12:56:27
Soprano et al,Big-1,worker_66,True,unit_108,1.0,2020-06-04 12:56:27,0.0,start,False,standard,18.67,1.0,8.0,taxes,mcq,"Last year what was your total family income from all sources, before taxes?",0:::1:::2:::3:::4:::5:::6:::7:::8,"Less than 10,000:::10,000 to less than 20,000:::20,000 to less than 30,000:::30,000 to less than 40,000:::40,000 to less than 50,000:::50,000 to less than 75,000:::75,000 to less than 100,000:::100,000 to less than 150,000:::150,000 or more",2.0,"20,000 to less than 30,000",2020-06-04 12:56:27
Soprano et al,Big-1,worker_66,True,unit_108,1.0,2020-06-04 12:57:04,0.0,start,False,crt,4.63,1.0,0.0,marks,number,,,,10.0,,2020-06-04 12:57:04
Soprano et al,Big-1,worker_66,True,unit_108,1.0,2020-06-04 12:57:10,0.0,start,False,crt,6.26,1.0,0.0,athletics,number,,,,4.0,,2020-06-04 12:57:10
Soprano et al,Big-1,worker_66,True,unit_108,1.0,2020-06-04 12:56:27,0.0,start,False,standard,18.67,1.0,5.0,school,mcq,What is the highest level of school you have completed or the highest degree you have received?,0:::1:::2:::3:::4:::5,"High school incomplete or less:::High school graduate or GED (includes technical/vocational training that doesn’t towards college credit):::Some college (some community college, associate’s degree):::Four year college degree/bachelor’s degree:::Some postgraduate or professional schooling, no postgraduate degree:::Postgraduate or professional degree, including master’s, doctorate, medical or law degree",4.0,"Some postgraduate or professional schooling, no postgraduate degree",2020-06-04 12:56:27
Soprano et al,Big-1,worker_66,True,unit_108,1.0,2020-06-04 12:56:27,0.0,start,False,standard,18.67,1.0,5.0,age,mcq,What is your age range?,0:::1:::2:::3:::4:::5,0-18:::19-25:::26-35:::36-50:::50-80:::80,1.0,19-25,2020-06-04 12:56:27
Soprano et al,Big-1,worker_66,True,unit_108,1.0,2020-06-04 12:56:59,0.0,start,False,crt,32.16,1.0,0.0,farmers,number,,,,9.0,,2020-06-04 12:56:59
Soprano et al,Big-1,worker_66,True,unit_108,1.0,2020-06-04 12:56:27,0.0,start,False,standard,18.67,1.0,4.0,political_views,mcq,"In general, would you describe your political views as",0:::1:::2:::3:::4,Very conservative:::Conservative:::Moderate:::Liberal:::Very liberal,2.0,Moderate,2020-06-04 12:56:27
Soprano et al,Big-1,worker_28,True,unit_174,1.0,2020-06-04 13:11:42,0.0,start,False,standard,22.59,1.0,8.0,taxes,mcq,"Last year what was your total family income from all sources, before taxes?",0:::1:::2:::3:::4:::5:::6:::7:::8,"Less than 10,000:::10,000 to less than 20,000:::20,000 to less than 30,000:::30,000 to less than 40,000:::40,000 to less than 50,000:::50,000 to less than 75,000:::75,000 to less than 100,000:::100,000 to less than 150,000:::150,000 or more",4.0,"40,000 to less than 50,000",2020-06-04 13:11:42
Soprano et al,Big-1,worker_28,True,unit_174,1.0,2020-06-04 13:11:42,0.0,start,False,standard,22.59,1.0,3.0,consideration,mcq,"In politics today, do you consider yourself a",0:::1:::2:::3,Republican:::Democrat:::Independent:::Something else,0.0,Republican,2020-06-04 13:11:42
Soprano et al,Big-1,worker_28,True,unit_174,1.0,2020-06-04 13:11:42,0.0,start,False,standard,22.59,1.0,2.0,southern_border,mcq,Should the U.S. build a wall along the southern border?,0:::1:::2,Agree:::Disagree:::No opinion either way,1.0,Disagree,2020-06-04 13:11:42
Soprano et al,Big-1,worker_28,True,unit_174,1.0,2020-06-04 13:11:42,0.0,start,False,standard,22.59,1.0,2.0,environment,mcq,Should the government increase environmental regulations to prevent climate change?,0:::1:::2,Agree:::Disagree:::No opinion either way,0.0,Agree,2020-06-04 13:11:42
Soprano et al,Big-1,worker_28,True,unit_174,1.0,2020-06-04 13:12:29,0.0,start,False,crt,46.7,1.0,0.0,farmers,number,,,,3.0,,2020-06-04 13:12:29
Soprano et al,Big-1,worker_28,True,unit_174,1.0,2020-06-04 13:12:39,0.0,start,False,crt,10.7,1.0,0.0,marks,number,,,,5.0,,2020-06-04 13:12:39
Soprano et al,Big-1,worker_28,True,unit_174,1.0,2020-06-04 13:11:42,0.0,start,False,standard,22.59,1.0,4.0,political_views,mcq,"In general, would you describe your political views as",0:::1:::2:::3:::4,Very conservative:::Conservative:::Moderate:::Liberal:::Very liberal,3.0,Liberal,2020-06-04 13:11:42
Soprano et al,Big-1,worker_28,True,unit_174,1.0,2020-06-04 13:11:42,0.0,start,False,standard,22.59,1.0,5.0,school,mcq,What is the highest level of school you have completed or the highest degree you have received?,0:::1:::2:::3:::4:::5,"High school incomplete or less:::High school graduate or GED (includes technical/vocational training that doesn’t towards college credit):::Some college (some community college, associate’s degree):::Four year college degree/bachelor’s degree:::Some postgraduate or professional schooling, no postgraduate degree:::Postgraduate or professional degree, including master’s, doctorate, medical or law degree",3.0,Four year college degree/bachelor’s degree,2020-06-04 13:11:42
Soprano et al,Big-1,worker_28,True,unit_174,1.0,2020-06-04 13:11:42,0.0,start,False,standard,22.59,1.0,5.0,age,mcq,What is your age range?,0:::1:::2:::3:::4:::5,0-18:::19-25:::26-35:::36-50:::50-80:::80,2.0,26-35,2020-06-04 13:11:42
Soprano et al,Big-1,worker_28,True,unit_174,1.0,2020-06-04 13:13:54,0.0,start,False,crt,74.42,1.0,0.0,athletics,number,,,,4.0,,2020-06-04 13:13:54
Soprano et al,Big-1,worker_57,True,unit_56,1.0,2020-06-04 13:12:05,0.0,start,False,standard,29.29,1.0,3.0,consideration,mcq,"In politics today, do you consider yourself a",0:::1:::2:::3,Republican:::Democrat:::Independent:::Something else,1.0,Democrat,2020-06-04 13:12:05
Soprano et al,Big-1,worker_57,True,unit_56,1.0,2020-06-04 13:12:05,0.0,start,False,standard,29.29,1.0,2.0,southern_border,mcq,Should the U.S. build a wall along the southern border?,0:::1:::2,Agree:::Disagree:::No opinion either way,1.0,Disagree,2020-06-04 13:12:05
Soprano et al,Big-1,worker_57,True,unit_56,1.0,2020-06-04 13:12:05,0.0,start,False,standard,29.29,1.0,5.0,school,mcq,What is the highest level of school you have completed or the highest degree you have received?,0:::1:::2:::3:::4:::5,"High school incomplete or less:::High school graduate or GED (includes technical/vocational training that doesn’t towards college credit):::Some college (some community college, associate’s degree):::Four year college degree/bachelor’s degree:::Some postgraduate or professional schooling, no postgraduate degree:::Postgraduate or professional degree, including master’s, doctorate, medical or law degree",4.0,"Some postgraduate or professional schooling, no postgraduate degree",2020-06-04 13:12:05
Soprano et al,Big-1,worker_57,True,unit_56,1.0,2020-06-04 13:12:05,0.0,start,False,standard,29.29,1.0,8.0,taxes,mcq,"Last year what was your total family income from all sources, before taxes?",0:::1:::2:::3:::4:::5:::6:::7:::8,"Less than 10,000:::10,000 to less than 20,000:::20,000 to less than 30,000:::30,000 to less than 40,000:::40,000 to less than 50,000:::50,000 to less than 75,000:::75,000 to less than 100,000:::100,000 to less than 150,000:::150,000 or more",8.0,"150,000 or more",2020-06-04 13:12:05
Soprano et al,Big-1,worker_57,True,unit_56,1.0,2020-06-04 13:12:50,0.0,start,False,crt,11.07,1.0,0.0,athletics,number,,,,4.0,,2020-06-04 13:12:50
Soprano et al,Big-1,worker_57,True,unit_56,1.0,2020-06-04 13:12:20,0.0,start,False,crt,15.31,1.0,0.0,farmers,number,,,,3.0,,2020-06-04 13:12:20
Soprano et al,Big-1,worker_57,True,unit_56,1.0,2020-06-04 13:12:05,0.0,start,False,standard,29.29,1.0,2.0,environment,mcq,Should the government increase environmental regulations to prevent climate change?,0:::1:::2,Agree:::Disagree:::No opinion either way,0.0,Agree,2020-06-04 13:12:05
Soprano et al,Big-1,worker_57,True,unit_56,1.0,2020-06-04 13:12:05,0.0,start,False,standard,29.29,1.0,5.0,age,mcq,What is your age range?,0:::1:::2:::3:::4:::5,0-18:::19-25:::26-35:::36-50:::50-80:::80,3.0,36-50,2020-06-04 13:12:05
Soprano et al,Big-1,worker_57,True,unit_56,1.0,2020-06-04 13:12:38,0.0,start,False,crt,18.37,1.0,0.0,marks,number,,,,5.0,,2020-06-04 13:12:38
Soprano et al,Big-1,worker_57,True,unit_56,1.0,2020-06-04 13:12:05,0.0,start,False,standard,29.29,1.0,4.0,political_views,mcq,"In general, would you describe your political views as",0:::1:::2:::3:::4,Very conservative:::Conservative:::Moderate:::Liberal:::Very liberal,4.0,Very liberal,2020-06-04 13:12:05
Soprano et al,Big-1,worker_175,True,unit_102,1.0,2020-06-04 13:16:14,0.0,start,False,standard,260.09,1.0,2.0,southern_border,mcq,Should the U.S. build a wall along the southern border?,0:::1:::2,Agree:::Disagree:::No opinion either way,0.0,Agree,2020-06-04 13:16:14
Soprano et al,Big-1,worker_175,True,unit_102,1.0,2020-06-04 13:16:14,0.0,start,False,standard,260.09,1.0,3.0,consideration,mcq,"In politics today, do you consider yourself a",0:::1:::2:::3,Republican:::Democrat:::Independent:::Something else,0.0,Republican,2020-06-04 13:16:14
Soprano et al,Big-1,worker_175,True,unit_102,1.0,2020-06-04 13:16:14,0.0,start,False,standard,260.09,1.0,4.0,political_views,mcq,"In general, would you describe your political views as",0:::1:::2:::3:::4,Very conservative:::Conservative:::Moderate:::Liberal:::Very liberal,0.0,Very conservative,2020-06-04 13:16:14
Soprano et al,Big-1,worker_175,True,unit_102,1.0,2020-06-04 13:16:14,0.0,start,False,standard,260.09,1.0,8.0,taxes,mcq,"Last year what was your total family income from all sources, before taxes?",0:::1:::2:::3:::4:::5:::6:::7:::8,"Less than 10,000:::10,000 to less than 20,000:::20,000 to less than 30,000:::30,000 to less than 40,000:::40,000 to less than 50,000:::50,000 to less than 75,000:::75,000 to less than 100,000:::100,000 to less than 150,000:::150,000 or more",4.0,"40,000 to less than 50,000",2020-06-04 13:16:14
Soprano et al,Big-1,worker_175,True,unit_102,1.0,2020-06-04 13:16:14,0.0,start,False,standard,260.09,1.0,5.0,school,mcq,What is the highest level of school you have completed or the highest degree you have received?,0:::1:::2:::3:::4:::5,"High school incomplete or less:::High school graduate or GED (includes technical/vocational training that doesn’t towards college credit):::Some college (some community college, associate’s degree):::Four year college degree/bachelor’s degree:::Some postgraduate or professional schooling, no postgraduate degree:::Postgraduate or professional degree, including master’s, doctorate, medical or law degree",5.0,"Postgraduate or professional degree, including master’s, doctorate, medical or law degree",2020-06-04 13:16:14
Soprano et al,Big-1,worker_175,True,unit_102,1.0,2020-06-04 13:16:30,0.0,start,False,crt,7.7,1.0,0.0,marks,number,,,,2.0,,2020-06-04 13:16:30
Soprano et al,Big-1,worker_175,True,unit_102,1.0,2020-06-04 13:16:14,0.0,start,False,standard,260.09,1.0,5.0,age,mcq,What is your age range?,0:::1:::2:::3:::4:::5,0-18:::19-25:::26-35:::36-50:::50-80:::80,3.0,36-50,2020-06-04 13:16:14
Soprano et al,Big-1,worker_175,True,unit_102,1.0,2020-06-04 13:16:38,0.0,start,False,crt,8.03,1.0,0.0,athletics,number,,,,1.0,,2020-06-04 13:16:38
Soprano et al,Big-1,worker_175,True,unit_102,1.0,2020-06-04 13:16:14,0.0,start,False,standard,260.09,1.0,2.0,environment,mcq,Should the government increase environmental regulations to prevent climate change?,0:::1:::2,Agree:::Disagree:::No opinion either way,0.0,Agree,2020-06-04 13:16:14
Soprano et al,Big-1,worker_175,True,unit_102,1.0,2020-06-04 13:16:22,0.0,start,False,crt,8.75,1.0,0.0,farmers,number,,,,4.0,,2020-06-04 13:16:22
Soprano et al,Big-1,worker_159,True,unit_66,1.0,2020-06-04 13:13:58,0.0,start,False,crt,10.02,1.0,0.0,marks,number,,,,1.0,,2020-06-04 13:13:58
Soprano et al,Big-1,worker_159,True,unit_66,1.0,2020-06-04 13:13:27,0.0,start,False,standard,16.27,1.0,8.0,taxes,mcq,"Last year what was your total family income from all sources, before taxes?",0:::1:::2:::3:::4:::5:::6:::7:::8,"Less than 10,000:::10,000 to less than 20,000:::20,000 to less than 30,000:::30,000 to less than 40,000:::40,000 to less than 50,000:::50,000 to less than 75,000:::75,000 to less than 100,000:::100,000 to less than 150,000:::150,000 or more",5.0,"50,000 to less than 75,000",2020-06-04 13:13:27
Soprano et al,Big-1,worker_159,True,unit_66,1.0,2020-06-04 13:13:27,0.0,start,False,standard,16.27,1.0,4.0,political_views,mcq,"In general, would you describe your political views as",0:::1:::2:::3:::4,Very conservative:::Conservative:::Moderate:::Liberal:::Very liberal,3.0,Liberal,2020-06-04 13:13:27
Soprano et al,Big-1,worker_159,True,unit_66,1.0,2020-06-04 13:13:27,0.0,start,False,standard,16.27,1.0,3.0,consideration,mcq,"In politics today, do you consider yourself a",0:::1:::2:::3,Republican:::Democrat:::Independent:::Something else,1.0,Democrat,2020-06-04 13:13:27
Soprano et al,Big-1,worker_159,True,unit_66,1.0,2020-06-04 13:13:27,0.0,start,False,standard,16.27,1.0,5.0,school,mcq,What is the highest level of school you have completed or the highest degree you have received?,0:::1:::2:::3:::4:::5,"High school incomplete or less:::High school graduate or GED (includes technical/vocational training that doesn’t towards college credit):::Some college (some community college, associate’s degree):::Four year college degree/bachelor’s degree:::Some postgraduate or professional schooling, no postgraduate degree:::Postgraduate or professional degree, including master’s, doctorate, medical or law degree",5.0,"Postgraduate or professional degree, including master’s, doctorate, medical or law degree",2020-06-04 13:13:27
Soprano et al,Big-1,worker_159,True,unit_66,1.0,2020-06-04 13:13:27,0.0,start,False,standard,16.27,1.0,2.0,southern_border,mcq,Should the U.S. build a wall along the southern border?,0:::1:::2,Agree:::Disagree:::No opinion either way,1.0,Disagree,2020-06-04 13:13:27
Soprano et al,Big-1,worker_159,True,unit_66,1.0,2020-06-04 13:14:09,0.0,start,False,crt,10.51,1.0,0.0,athletics,number,,,,5.0,,2020-06-04 13:14:09
Soprano et al,Big-1,worker_159,True,unit_66,1.0,2020-06-04 13:13:27,0.0,start,False,standard,16.27,1.0,2.0,environment,mcq,Should the government increase environmental regulations to prevent climate change?,0:::1:::2,Agree:::Disagree:::No opinion either way,0.0,Agree,2020-06-04 13:13:27
Soprano et al,Big-1,worker_159,True,unit_66,1.0,2020-06-04 13:13:27,0.0,start,False,standard,16.27,1.0,5.0,age,mcq,What is your age range?,0:::1:::2:::3:::4:::5,0-18:::19-25:::26-35:::36-50:::50-80:::80,3.0,36-50,2020-06-04 13:13:27
Soprano et al,Big-1,worker_159,True,unit_66,1.0,2020-06-04 13:13:48,0.0,start,False,crt,21.37,1.0,0.0,farmers,number,,,,9.0,,2020-06-04 13:13:48
Soprano et al,Big-1,worker_81,True,unit_88,1.0,2020-06-04 13:13:52,0.0,start,False,standard,35.54,1.0,4.0,political_views,mcq,"In general, would you describe your political views as",0:::1:::2:::3:::4,Very conservative:::Conservative:::Moderate:::Liberal:::Very liberal,1.0,Conservative,2020-06-04 13:13:52
Soprano et al,Big-1,worker_81,True,unit_88,1.0,2020-06-04 13:13:52,0.0,start,False,standard,35.54,1.0,3.0,consideration,mcq,"In politics today, do you consider yourself a",0:::1:::2:::3,Republican:::Democrat:::Independent:::Something else,0.0,Republican,2020-06-04 13:13:52
Soprano et al,Big-1,worker_81,True,unit_88,1.0,2020-06-04 13:13:52,0.0,start,False,standard,35.54,1.0,5.0,school,mcq,What is the highest level of school you have completed or the highest degree you have received?,0:::1:::2:::3:::4:::5,"High school incomplete or less:::High school graduate or GED (includes technical/vocational training that doesn’t towards college credit):::Some college (some community college, associate’s degree):::Four year college degree/bachelor’s degree:::Some postgraduate or professional schooling, no postgraduate degree:::Postgraduate or professional degree, including master’s, doctorate, medical or law degree",3.0,Four year college degree/bachelor’s degree,2020-06-04 13:13:52
Soprano et al,Big-1,worker_81,True,unit_88,1.0,2020-06-04 13:14:25,0.0,start,False,crt,32.52,1.0,0.0,farmers,number,,,,3.0,,2020-06-04 13:14:25
Soprano et al,Big-1,worker_81,True,unit_88,1.0,2020-06-04 13:14:46,0.0,start,False,crt,21.53,1.0,0.0,marks,number,,,,10.0,,2020-06-04 13:14:46
Soprano et al,Big-1,worker_81,True,unit_88,1.0,2020-06-04 13:15:12,0.0,start,False,crt,25.41,1.0,0.0,athletics,number,,,,15.0,,2020-06-04 13:15:12
Soprano et al,Big-1,worker_81,True,unit_88,1.0,2020-06-04 13:13:52,0.0,start,False,standard,35.54,1.0,2.0,environment,mcq,Should the government increase environmental regulations to prevent climate change?,0:::1:::2,Agree:::Disagree:::No opinion either way,0.0,Agree,2020-06-04 13:13:52
Soprano et al,Big-1,worker_81,True,unit_88,1.0,2020-06-04 13:13:52,0.0,start,False,standard,35.54,1.0,5.0,age,mcq,What is your age range?,0:::1:::2:::3:::4:::5,0-18:::19-25:::26-35:::36-50:::50-80:::80,2.0,26-35,2020-06-04 13:13:52
Soprano et al,Big-1,worker_81,True,unit_88,1.0,2020-06-04 13:13:52,0.0,start,False,standard,35.54,1.0,2.0,southern_border,mcq,Should the U.S. build a wall along the southern border?,0:::1:::2,Agree:::Disagree:::No opinion either way,1.0,Disagree,2020-06-04 13:13:52
Soprano et al,Big-1,worker_81,True,unit_88,1.0,2020-06-04 13:13:52,0.0,start,False,standard,35.54,1.0,8.0,taxes,mcq,"Last year what was your total family income from all sources, before taxes?",0:::1:::2:::3:::4:::5:::6:::7:::8,"Less than 10,000:::10,000 to less than 20,000:::20,000 to less than 30,000:::30,000 to less than 40,000:::40,000 to less than 50,000:::50,000 to less than 75,000:::75,000 to less than 100,000:::100,000 to less than 150,000:::150,000 or more",7.0,"100,000 to less than 150,000",2020-06-04 13:13:52
Soprano et al,Big-1,worker_35,True,unit_132,1.0,2020-06-04 13:14:41,0.0,start,False,standard,19.63,1.0,2.0,environment,mcq,Should the government increase environmental regulations to prevent climate change?,0:::1:::2,Agree:::Disagree:::No opinion either way,0.0,Agree,2020-06-04 13:14:41
Soprano et al,Big-1,worker_35,True,unit_132,1.0,2020-06-04 13:15:14,0.0,start,False,crt,10.87,1.0,0.0,athletics,number,,,,5.0,,2020-06-04 13:15:14
Soprano et al,Big-1,worker_35,True,unit_132,1.0,2020-06-04 13:14:41,0.0,start,False,standard,19.63,1.0,8.0,taxes,mcq,"Last year what was your total family income from all sources, before taxes?",0:::1:::2:::3:::4:::5:::6:::7:::8,"Less than 10,000:::10,000 to less than 20,000:::20,000 to less than 30,000:::30,000 to less than 40,000:::40,000 to less than 50,000:::50,000 to less than 75,000:::75,000 to less than 100,000:::100,000 to less than 150,000:::150,000 or more",2.0,"20,000 to less than 30,000",2020-06-04 13:14:41
Soprano et al,Big-1,worker_35,True,unit_132,1.0,2020-06-04 13:14:41,0.0,start,False,standard,19.63,1.0,2.0,southern_border,mcq,Should the U.S. build a wall along the southern border?,0:::1:::2,Agree:::Disagree:::No opinion either way,1.0,Disagree,2020-06-04 13:14:41
Soprano et al,Big-1,worker_35,True,unit_132,1.0,2020-06-04 13:14:55,0.0,start,False,crt,13.81,1.0,0.0,farmers,number,,,,3.0,,2020-06-04 13:14:55
Soprano et al,Big-1,worker_35,True,unit_132,1.0,2020-06-04 13:14:41,0.0,start,False,standard,19.63,1.0,3.0,consideration,mcq,"In politics today, do you consider yourself a",0:::1:::2:::3,Republican:::Democrat:::Independent:::Something else,1.0,Democrat,2020-06-04 13:14:41
Soprano et al,Big-1,worker_35,True,unit_132,1.0,2020-06-04 13:14:41,0.0,start,False,standard,19.63,1.0,5.0,school,mcq,What is the highest level of school you have completed or the highest degree you have received?,0:::1:::2:::3:::4:::5,"High school incomplete or less:::High school graduate or GED (includes technical/vocational training that doesn’t towards college credit):::Some college (some community college, associate’s degree):::Four year college degree/bachelor’s degree:::Some postgraduate or professional schooling, no postgraduate degree:::Postgraduate or professional degree, including master’s, doctorate, medical or law degree",2.0,"Some college (some community college, associate’s degree)",2020-06-04 13:14:41
Soprano et al,Big-1,worker_35,True,unit_132,1.0,2020-06-04 13:14:41,0.0,start,False,standard,19.63,1.0,5.0,age,mcq,What is your age range?,0:::1:::2:::3:::4:::5,0-18:::19-25:::26-35:::36-50:::50-80:::80,4.0,50-80,2020-06-04 13:14:41
Soprano et al,Big-1,worker_35,True,unit_132,1.0,2020-06-04 13:14:41,0.0,start,False,standard,19.63,1.0,4.0,political_views,mcq,"In general, would you describe your political views as",0:::1:::2:::3:::4,Very conservative:::Conservative:::Moderate:::Liberal:::Very liberal,3.0,Liberal,2020-06-04 13:14:41
Soprano et al,Big-1,worker_35,True,unit_132,1.0,2020-06-04 13:15:03,0.0,start,False,crt,8.3,1.0,0.0,marks,number,,,,10.0,,2020-06-04 13:15:03
Soprano et al,Big-1,worker_143,True,unit_8,1.0,2020-06-04 13:15:13,0.0,start,False,standard,33.16,1.0,3.0,consideration,mcq,"In politics today, do you consider yourself a",0:::1:::2:::3,Republican:::Democrat:::Independent:::Something else,0.0,Republican,2020-06-04 13:15:13
Soprano et al,Big-1,worker_143,True,unit_8,1.0,2020-06-04 13:17:53,0.0,start,False,crt,89.95,1.0,0.0,athletics,number,,,,6.0,,2020-06-04 13:17:53
Soprano et al,Big-1,worker_143,True,unit_8,1.0,2020-06-04 13:16:23,0.0,start,False,crt,50.51,1.0,0.0,marks,number,,,,9.0,,2020-06-04 13:16:23
Soprano et al,Big-1,worker_143,True,unit_8,1.0,2020-06-04 13:15:33,0.0,start,False,crt,20.12,1.0,0.0,farmers,number,,,,9.0,,2020-06-04 13:15:33
Soprano et al,Big-1,worker_143,True,unit_8,1.0,2020-06-04 13:15:13,0.0,start,False,standard,33.16,1.0,2.0,southern_border,mcq,Should the U.S. build a wall along the southern border?,0:::1:::2,Agree:::Disagree:::No opinion either way,0.0,Agree,2020-06-04 13:15:13
Soprano et al,Big-1,worker_143,True,unit_8,1.0,2020-06-04 13:15:13,0.0,start,False,standard,33.16,1.0,8.0,taxes,mcq,"Last year what was your total family income from all sources, before taxes?",0:::1:::2:::3:::4:::5:::6:::7:::8,"Less than 10,000:::10,000 to less than 20,000:::20,000 to less than 30,000:::30,000 to less than 40,000:::40,000 to less than 50,000:::50,000 to less than 75,000:::75,000 to less than 100,000:::100,000 to less than 150,000:::150,000 or more",6.0,"75,000 to less than 100,000",2020-06-04 13:15:13
Soprano et al,Big-1,worker_143,True,unit_8,1.0,2020-06-04 13:15:13,0.0,start,False,standard,33.16,1.0,4.0,political_views,mcq,"In general, would you describe your political views as",0:::1:::2:::3:::4,Very conservative:::Conservative:::Moderate:::Liberal:::Very liberal,1.0,Conservative,2020-06-04 13:15:13
Soprano et al,Big-1,worker_143,True,unit_8,1.0,2020-06-04 13:15:13,0.0,start,False,standard,33.16,1.0,5.0,school,mcq,What is the highest level of school you have completed or the highest degree you have received?,0:::1:::2:::3:::4:::5,"High school incomplete or less:::High school graduate or GED (includes technical/vocational training that doesn’t towards college credit):::Some college (some community college, associate’s degree):::Four year college degree/bachelor’s degree:::Some postgraduate or professional schooling, no postgraduate degree:::Postgraduate or professional degree, including master’s, doctorate, medical or law degree",5.0,"Postgraduate or professional degree, including master’s, doctorate, medical or law degree",2020-06-04 13:15:13
Soprano et al,Big-1,worker_143,True,unit_8,1.0,2020-06-04 13:15:13,0.0,start,False,standard,33.16,1.0,5.0,age,mcq,What is your age range?,0:::1:::2:::3:::4:::5,0-18:::19-25:::26-35:::36-50:::50-80:::80,3.0,36-50,2020-06-04 13:15:13
Soprano et al,Big-1,worker_143,True,unit_8,1.0,2020-06-04 13:15:13,0.0,start,False,standard,33.16,1.0,2.0,environment,mcq,Should the government increase environmental regulations to prevent climate change?,0:::1:::2,Agree:::Disagree:::No opinion either way,0.0,Agree,2020-06-04 13:15:13
Soprano et al,Big-1,worker_118,True,unit_6,1.0,2020-06-04 13:17:18,0.0,start,False,standard,25.27,1.0,5.0,school,mcq,What is the highest level of school you have completed or the highest degree you have received?,0:::1:::2:::3:::4:::5,"High school incomplete or less:::High school graduate or GED (includes technical/vocational training that doesn’t towards college credit):::Some college (some community college, associate’s degree):::Four year college degree/bachelor’s degree:::Some postgraduate or professional schooling, no postgraduate degree:::Postgraduate or professional degree, including master’s, doctorate, medical or law degree",3.0,Four year college degree/bachelor’s degree,2020-06-04 13:17:18
Soprano et al,Big-1,worker_118,True,unit_6,1.0,2020-06-04 13:17:18,0.0,start,False,standard,25.27,1.0,8.0,taxes,mcq,"Last year what was your total family income from all sources, before taxes?",0:::1:::2:::3:::4:::5:::6:::7:::8,"Less than 10,000:::10,000 to less than 20,000:::20,000 to less than 30,000:::30,000 to less than 40,000:::40,000 to less than 50,000:::50,000 to less than 75,000:::75,000 to less than 100,000:::100,000 to less than 150,000:::150,000 or more",8.0,"150,000 or more",2020-06-04 13:17:18
Soprano et al,Big-1,worker_118,True,unit_6,1.0,2020-06-04 13:17:18,0.0,start,False,standard,25.27,1.0,4.0,political_views,mcq,"In general, would you describe your political views as",0:::1:::2:::3:::4,Very conservative:::Conservative:::Moderate:::Liberal:::Very liberal,1.0,Conservative,2020-06-04 13:17:18
Soprano et al,Big-1,worker_118,True,unit_6,1.0,2020-06-04 13:17:18,0.0,start,False,standard,25.27,1.0,3.0,consideration,mcq,"In politics today, do you consider yourself a",0:::1:::2:::3,Republican:::Democrat:::Independent:::Something else,0.0,Republican,2020-06-04 13:17:18
Soprano et al,Big-1,worker_118,True,unit_6,1.0,2020-06-04 13:17:18,0.0,start,False,standard,25.27,1.0,2.0,southern_border,mcq,Should the U.S. build a wall along the southern border?,0:::1:::2,Agree:::Disagree:::No opinion either way,2.0,No opinion either way,2020-06-04 13:17:18
Soprano et al,Big-1,worker_118,True,unit_6,1.0,2020-06-04 13:17:18,0.0,start,False,standard,25.27,1.0,5.0,age,mcq,What is your age range?,0:::1:::2:::3:::4:::5,0-18:::19-25:::26-35:::36-50:::50-80:::80,2.0,26-35,2020-06-04 13:17:18
Soprano et al,Big-1,worker_118,True,unit_6,1.0,2020-06-04 13:17:33,0.0,start,False,crt,15.08,1.0,0.0,farmers,number,,,,3.0,,2020-06-04 13:17:33
Soprano et al,Big-1,worker_118,True,unit_6,1.0,2020-06-04 13:17:18,0.0,start,False,standard,25.27,1.0,2.0,environment,mcq,Should the government increase environmental regulations to prevent climate change?,0:::1:::2,Agree:::Disagree:::No opinion either way,1.0,Disagree,2020-06-04 13:17:18
Soprano et al,Big-1,worker_118,True,unit_6,1.0,2020-06-04 13:17:45,0.0,start,False,crt,7.19,1.0,0.0,athletics,number,,,,4.0,,2020-06-04 13:17:45
Soprano et al,Big-1,worker_118,True,unit_6,1.0,2020-06-04 13:17:38,0.0,start,False,crt,4.96,1.0,0.0,marks,number,,,,9.0,,2020-06-04 13:17:38
Soprano et al,Big-1,worker_4,True,unit_34,1.0,2020-06-04 13:18:01,0.0,start,False,standard,18.06,1.0,5.0,school,mcq,What is the highest level of school you have completed or the highest degree you have received?,0:::1:::2:::3:::4:::5,"High school incomplete or less:::High school graduate or GED (includes technical/vocational training that doesn’t towards college credit):::Some college (some community college, associate’s degree):::Four year college degree/bachelor’s degree:::Some postgraduate or professional schooling, no postgraduate degree:::Postgraduate or professional degree, including master’s, doctorate, medical or law degree",3.0,Four year college degree/bachelor’s degree,2020-06-04 13:18:01
Soprano et al,Big-1,worker_4,True,unit_34,1.0,2020-06-04 13:18:01,0.0,start,False,standard,18.06,1.0,8.0,taxes,mcq,"Last year what was your total family income from all sources, before taxes?",0:::1:::2:::3:::4:::5:::6:::7:::8,"Less than 10,000:::10,000 to less than 20,000:::20,000 to less than 30,000:::30,000 to less than 40,000:::40,000 to less than 50,000:::50,000 to less than 75,000:::75,000 to less than 100,000:::100,000 to less than 150,000:::150,000 or more",5.0,"50,000 to less than 75,000",2020-06-04 13:18:01
Soprano et al,Big-1,worker_4,True,unit_34,1.0,2020-06-04 13:18:01,0.0,start,False,standard,18.06,1.0,4.0,political_views,mcq,"In general, would you describe your political views as",0:::1:::2:::3:::4,Very conservative:::Conservative:::Moderate:::Liberal:::Very liberal,3.0,Liberal,2020-06-04 13:18:01
Soprano et al,Big-1,worker_4,True,unit_34,1.0,2020-06-04 13:18:01,0.0,start,False,standard,18.06,1.0,3.0,consideration,mcq,"In politics today, do you consider yourself a",0:::1:::2:::3,Republican:::Democrat:::Independent:::Something else,2.0,Independent,2020-06-04 13:18:01
Soprano et al,Big-1,worker_4,True,unit_34,1.0,2020-06-04 13:20:01,0.0,start,False,crt,49.32,1.0,0.0,athletics,number,,,,4.0,,2020-06-04 13:20:01
Soprano et al,Big-1,worker_4,True,unit_34,1.0,2020-06-04 13:18:01,0.0,start,False,standard,18.06,1.0,2.0,environment,mcq,Should the government increase environmental regulations to prevent climate change?,0:::1:::2,Agree:::Disagree:::No opinion either way,0.0,Agree,2020-06-04 13:18:01
Soprano et al,Big-1,worker_4,True,unit_34,1.0,2020-06-04 13:18:38,0.0,start,False,crt,37.61,1.0,0.0,farmers,number,,,,3.0,,2020-06-04 13:18:38
Soprano et al,Big-1,worker_4,True,unit_34,1.0,2020-06-04 13:19:12,0.0,start,False,crt,34.01,1.0,0.0,marks,number,,,,9.0,,2020-06-04 13:19:12
Soprano et al,Big-1,worker_4,True,unit_34,1.0,2020-06-04 13:18:01,0.0,start,False,standard,18.06,1.0,2.0,southern_border,mcq,Should the U.S. build a wall along the southern border?,0:::1:::2,Agree:::Disagree:::No opinion either way,1.0,Disagree,2020-06-04 13:18:01
Soprano et al,Big-1,worker_4,True,unit_34,1.0,2020-06-04 13:18:01,0.0,start,False,standard,18.06,1.0,5.0,age,mcq,What is your age range?,0:::1:::2:::3:::4:::5,0-18:::19-25:::26-35:::36-50:::50-80:::80,1.0,19-25,2020-06-04 13:18:01
Soprano et al,Big-1,worker_72,True,unit_176,1.0,2020-06-04 13:21:08,0.0,start,False,standard,43.02,1.0,2.0,southern_border,mcq,Should the U.S. build a wall along the southern border?,0:::1:::2,Agree:::Disagree:::No opinion either way,1.0,Disagree,2020-06-04 13:21:08
Soprano et al,Big-1,worker_72,True,unit_176,1.0,2020-06-04 13:21:08,0.0,start,False,standard,43.02,1.0,4.0,political_views,mcq,"In general, would you describe your political views as",0:::1:::2:::3:::4,Very conservative:::Conservative:::Moderate:::Liberal:::Very liberal,1.0,Conservative,2020-06-04 13:21:08
Soprano et al,Big-1,worker_72,True,unit_176,1.0,2020-06-04 13:21:08,0.0,start,False,standard,43.02,1.0,3.0,consideration,mcq,"In politics today, do you consider yourself a",0:::1:::2:::3,Republican:::Democrat:::Independent:::Something else,2.0,Independent,2020-06-04 13:21:08
Soprano et al,Big-1,worker_72,True,unit_176,1.0,2020-06-04 13:21:08,0.0,start,False,standard,43.02,1.0,8.0,taxes,mcq,"Last year what was your total family income from all sources, before taxes?",0:::1:::2:::3:::4:::5:::6:::7:::8,"Less than 10,000:::10,000 to less than 20,000:::20,000 to less than 30,000:::30,000 to less than 40,000:::40,000 to less than 50,000:::50,000 to less than 75,000:::75,000 to less than 100,000:::100,000 to less than 150,000:::150,000 or more",6.0,"75,000 to less than 100,000",2020-06-04 13:21:08
Soprano et al,Big-1,worker_72,True,unit_176,1.0,2020-06-04 13:21:54,0.0,start,False,crt,16.89,1.0,0.0,marks,number,,,,9.0,,2020-06-04 13:21:54
Soprano et al,Big-1,worker_72,True,unit_176,1.0,2020-06-04 13:21:08,0.0,start,False,standard,43.02,1.0,5.0,school,mcq,What is the highest level of school you have completed or the highest degree you have received?,0:::1:::2:::3:::4:::5,"High school incomplete or less:::High school graduate or GED (includes technical/vocational training that doesn’t towards college credit):::Some college (some community college, associate’s degree):::Four year college degree/bachelor’s degree:::Some postgraduate or professional schooling, no postgraduate degree:::Postgraduate or professional degree, including master’s, doctorate, medical or law degree",3.0,Four year college degree/bachelor’s degree,2020-06-04 13:21:08
Soprano et al,Big-1,worker_72,True,unit_176,1.0,2020-06-04 13:22:15,0.0,start,False,crt,20.55,1.0,0.0,athletics,number,,,,4.0,,2020-06-04 13:22:15
Soprano et al,Big-1,worker_72,True,unit_176,1.0,2020-06-04 13:21:08,0.0,start,False,standard,43.02,1.0,5.0,age,mcq,What is your age range?,0:::1:::2:::3:::4:::5,0-18:::19-25:::26-35:::36-50:::50-80:::80,4.0,50-80,2020-06-04 13:21:08
Soprano et al,Big-1,worker_72,True,unit_176,1.0,2020-06-04 13:21:38,0.0,start,False,crt,30.09,1.0,0.0,farmers,number,,,,3.0,,2020-06-04 13:21:38
Soprano et al,Big-1,worker_72,True,unit_176,1.0,2020-06-04 13:21:08,0.0,start,False,standard,43.02,1.0,2.0,environment,mcq,Should the government increase environmental regulations to prevent climate change?,0:::1:::2,Agree:::Disagree:::No opinion either way,1.0,Disagree,2020-06-04 13:21:08
Soprano et al,Big-1,worker_189,True,unit_182,1.0,2020-06-04 13:24:17,0.0,start,False,crt,3.97,1.0,0.0,athletics,number,,,,4.0,,2020-06-04 13:24:17
Soprano et al,Big-1,worker_189,True,unit_182,1.0,2020-06-04 13:23:38,0.0,start,False,standard,26.33,1.0,8.0,taxes,mcq,"Last year what was your total family income from all sources, before taxes?",0:::1:::2:::3:::4:::5:::6:::7:::8,"Less than 10,000:::10,000 to less than 20,000:::20,000 to less than 30,000:::30,000 to less than 40,000:::40,000 to less than 50,000:::50,000 to less than 75,000:::75,000 to less than 100,000:::100,000 to less than 150,000:::150,000 or more",1.0,"10,000 to less than 20,000",2020-06-04 13:23:38
Soprano et al,Big-1,worker_189,True,unit_182,1.0,2020-06-04 13:23:38,0.0,start,False,standard,26.33,1.0,5.0,school,mcq,What is the highest level of school you have completed or the highest degree you have received?,0:::1:::2:::3:::4:::5,"High school incomplete or less:::High school graduate or GED (includes technical/vocational training that doesn’t towards college credit):::Some college (some community college, associate’s degree):::Four year college degree/bachelor’s degree:::Some postgraduate or professional schooling, no postgraduate degree:::Postgraduate or professional degree, including master’s, doctorate, medical or law degree",3.0,Four year college degree/bachelor’s degree,2020-06-04 13:23:38
Soprano et al,Big-1,worker_189,True,unit_182,1.0,2020-06-04 13:23:38,0.0,start,False,standard,26.33,1.0,5.0,age,mcq,What is your age range?,0:::1:::2:::3:::4:::5,0-18:::19-25:::26-35:::36-50:::50-80:::80,2.0,26-35,2020-06-04 13:23:38
Soprano et al,Big-1,worker_189,True,unit_182,1.0,2020-06-04 13:23:38,0.0,start,False,standard,26.33,1.0,2.0,southern_border,mcq,Should the U.S. build a wall along the southern border?,0:::1:::2,Agree:::Disagree:::No opinion either way,0.0,Agree,2020-06-04 13:23:38
Soprano et al,Big-1,worker_189,True,unit_182,1.0,2020-06-04 13:23:38,0.0,start,False,standard,26.33,1.0,2.0,environment,mcq,Should the government increase environmental regulations to prevent climate change?,0:::1:::2,Agree:::Disagree:::No opinion either way,0.0,Agree,2020-06-04 13:23:38
Soprano et al,Big-1,worker_189,True,unit_182,1.0,2020-06-04 13:24:03,0.0,start,False,crt,25.52,1.0,0.0,farmers,number,,,,5.0,,2020-06-04 13:24:03
Soprano et al,Big-1,worker_189,True,unit_182,1.0,2020-06-04 13:24:13,0.0,start,False,crt,9.39,1.0,0.0,marks,number,,,,6.0,,2020-06-04 13:24:13
Soprano et al,Big-1,worker_189,True,unit_182,1.0,2020-06-04 13:23:38,0.0,start,False,standard,26.33,1.0,3.0,consideration,mcq,"In politics today, do you consider yourself a",0:::1:::2:::3,Republican:::Democrat:::Independent:::Something else,1.0,Democrat,2020-06-04 13:23:38
Soprano et al,Big-1,worker_189,True,unit_182,1.0,2020-06-04 13:23:38,0.0,start,False,standard,26.33,1.0,4.0,political_views,mcq,"In general, would you describe your political views as",0:::1:::2:::3:::4,Very conservative:::Conservative:::Moderate:::Liberal:::Very liberal,3.0,Liberal,2020-06-04 13:23:38
Soprano et al,Big-1,worker_2,True,unit_138,1.0,2020-06-04 13:27:31,0.0,start,False,crt,21.31,1.0,0.0,athletics,number,,,,4.0,,2020-06-04 13:27:31
Soprano et al,Big-1,worker_2,True,unit_138,1.0,2020-06-04 13:27:00,0.0,start,False,crt,18.81,1.0,0.0,farmers,number,,,,9.0,,2020-06-04 13:27:00
Soprano et al,Big-1,worker_2,True,unit_138,1.0,2020-06-04 13:26:41,0.0,start,False,standard,18.33,1.0,2.0,environment,mcq,Should the government increase environmental regulations to prevent climate change?,0:::1:::2,Agree:::Disagree:::No opinion either way,0.0,Agree,2020-06-04 13:26:41
Soprano et al,Big-1,worker_2,True,unit_138,1.0,2020-06-04 13:26:41,0.0,start,False,standard,18.33,1.0,2.0,southern_border,mcq,Should the U.S. build a wall along the southern border?,0:::1:::2,Agree:::Disagree:::No opinion either way,0.0,Agree,2020-06-04 13:26:41
Soprano et al,Big-1,worker_2,True,unit_138,1.0,2020-06-04 13:26:41,0.0,start,False,standard,18.33,1.0,5.0,age,mcq,What is your age range?,0:::1:::2:::3:::4:::5,0-18:::19-25:::26-35:::36-50:::50-80:::80,3.0,36-50,2020-06-04 13:26:41
Soprano et al,Big-1,worker_2,True,unit_138,1.0,2020-06-04 13:26:41,0.0,start,False,standard,18.33,1.0,4.0,political_views,mcq,"In general, would you describe your political views as",0:::1:::2:::3:::4,Very conservative:::Conservative:::Moderate:::Liberal:::Very liberal,0.0,Very conservative,2020-06-04 13:26:41
Soprano et al,Big-1,worker_2,True,unit_138,1.0,2020-06-04 13:26:41,0.0,start,False,standard,18.33,1.0,8.0,taxes,mcq,"Last year what was your total family income from all sources, before taxes?",0:::1:::2:::3:::4:::5:::6:::7:::8,"Less than 10,000:::10,000 to less than 20,000:::20,000 to less than 30,000:::30,000 to less than 40,000:::40,000 to less than 50,000:::50,000 to less than 75,000:::75,000 to less than 100,000:::100,000 to less than 150,000:::150,000 or more",4.0,"40,000 to less than 50,000",2020-06-04 13:26:41
Soprano et al,Big-1,worker_2,True,unit_138,1.0,2020-06-04 13:27:10,0.0,start,False,crt,10.1,1.0,0.0,marks,number,,,,10.0,,2020-06-04 13:27:10
Soprano et al,Big-1,worker_2,True,unit_138,1.0,2020-06-04 13:26:41,0.0,start,False,standard,18.33,1.0,5.0,school,mcq,What is the highest level of school you have completed or the highest degree you have received?,0:::1:::2:::3:::4:::5,"High school incomplete or less:::High school graduate or GED (includes technical/vocational training that doesn’t towards college credit):::Some college (some community college, associate’s degree):::Four year college degree/bachelor’s degree:::Some postgraduate or professional schooling, no postgraduate degree:::Postgraduate or professional degree, including master’s, doctorate, medical or law degree",3.0,Four year college degree/bachelor’s degree,2020-06-04 13:26:41
Soprano et al,Big-1,worker_2,True,unit_138,1.0,2020-06-04 13:26:41,0.0,start,False,standard,18.33,1.0,3.0,consideration,mcq,"In politics today, do you consider yourself a",0:::1:::2:::3,Republican:::Democrat:::Independent:::Something else,1.0,Democrat,2020-06-04 13:26:41
Soprano et al,Big-1,worker_93,True,unit_94,1.0,2020-06-04 13:27:06,0.0,start,False,standard,42.69,1.0,2.0,environment,mcq,Should the government increase environmental regulations to prevent climate change?,0:::1:::2,Agree:::Disagree:::No opinion either way,0.0,Agree,2020-06-04 13:27:06
Soprano et al,Big-1,worker_93,True,unit_94,1.0,2020-06-04 13:27:16,0.0,start,False,crt,9.9,1.0,0.0,farmers,number,,,,9.0,,2020-06-04 13:27:16
Soprano et al,Big-1,worker_93,True,unit_94,1.0,2020-06-04 13:27:06,0.0,start,False,standard,42.69,1.0,5.0,age,mcq,What is your age range?,0:::1:::2:::3:::4:::5,0-18:::19-25:::26-35:::36-50:::50-80:::80,2.0,26-35,2020-06-04 13:27:06
Soprano et al,Big-1,worker_93,True,unit_94,1.0,2020-06-04 13:27:06,0.0,start,False,standard,42.69,1.0,8.0,taxes,mcq,"Last year what was your total family income from all sources, before taxes?",0:::1:::2:::3:::4:::5:::6:::7:::8,"Less than 10,000:::10,000 to less than 20,000:::20,000 to less than 30,000:::30,000 to less than 40,000:::40,000 to less than 50,000:::50,000 to less than 75,000:::75,000 to less than 100,000:::100,000 to less than 150,000:::150,000 or more",2.0,"20,000 to less than 30,000",2020-06-04 13:27:06
Soprano et al,Big-1,worker_93,True,unit_94,1.0,2020-06-04 13:27:06,0.0,start,False,standard,42.69,1.0,4.0,political_views,mcq,"In general, would you describe your political views as",0:::1:::2:::3:::4,Very conservative:::Conservative:::Moderate:::Liberal:::Very liberal,0.0,Very conservative,2020-06-04 13:27:06
Soprano et al,Big-1,worker_93,True,unit_94,1.0,2020-06-04 13:27:06,0.0,start,False,standard,42.69,1.0,5.0,school,mcq,What is the highest level of school you have completed or the highest degree you have received?,0:::1:::2:::3:::4:::5,"High school incomplete or less:::High school graduate or GED (includes technical/vocational training that doesn’t towards college credit):::Some college (some community college, associate’s degree):::Four year college degree/bachelor’s degree:::Some postgraduate or professional schooling, no postgraduate degree:::Postgraduate or professional degree, including master’s, doctorate, medical or law degree",3.0,Four year college degree/bachelor’s degree,2020-06-04 13:27:06
Soprano et al,Big-1,worker_93,True,unit_94,1.0,2020-06-04 13:27:06,0.0,start,False,standard,42.69,1.0,2.0,southern_border,mcq,Should the U.S. build a wall along the southern border?,0:::1:::2,Agree:::Disagree:::No opinion either way,0.0,Agree,2020-06-04 13:27:06
Soprano et al,Big-1,worker_93,True,unit_94,1.0,2020-06-04 13:29:17,0.0,start,False,crt,47.58,1.0,0.0,athletics,number,,,,14.0,,2020-06-04 13:29:17
Soprano et al,Big-1,worker_93,True,unit_94,1.0,2020-06-04 13:28:30,0.0,start,False,crt,73.74,1.0,0.0,marks,number,,,,10.0,,2020-06-04 13:28:30
Soprano et al,Big-1,worker_93,True,unit_94,1.0,2020-06-04 13:27:06,0.0,start,False,standard,42.69,1.0,3.0,consideration,mcq,"In politics today, do you consider yourself a",0:::1:::2:::3,Republican:::Democrat:::Independent:::Something else,0.0,Republican,2020-06-04 13:27:06
Soprano et al,Big-1,worker_165,True,unit_74,1.0,2020-06-04 13:33:31,0.0,start,False,standard,82.72,1.0,8.0,taxes,mcq,"Last year what was your total family income from all sources, before taxes?",0:::1:::2:::3:::4:::5:::6:::7:::8,"Less than 10,000:::10,000 to less than 20,000:::20,000 to less than 30,000:::30,000 to less than 40,000:::40,000 to less than 50,000:::50,000 to less than 75,000:::75,000 to less than 100,000:::100,000 to less than 150,000:::150,000 or more",4.0,"40,000 to less than 50,000",2020-06-04 13:33:31
Soprano et al,Big-1,worker_165,True,unit_74,1.0,2020-06-04 13:33:31,0.0,start,False,standard,82.72,1.0,5.0,age,mcq,What is your age range?,0:::1:::2:::3:::4:::5,0-18:::19-25:::26-35:::36-50:::50-80:::80,2.0,26-35,2020-06-04 13:33:31
Soprano et al,Big-1,worker_165,True,unit_74,1.0,2020-06-04 13:33:31,0.0,start,False,standard,82.72,1.0,3.0,consideration,mcq,"In politics today, do you consider yourself a",0:::1:::2:::3,Republican:::Democrat:::Independent:::Something else,0.0,Republican,2020-06-04 13:33:31
Soprano et al,Big-1,worker_165,True,unit_74,1.0,2020-06-04 13:39:46,0.0,start,False,crt,127.88,1.0,0.0,athletics,number,,,,5.0,,2020-06-04 13:39:46
Soprano et al,Big-1,worker_165,True,unit_74,1.0,2020-06-04 13:33:31,0.0,start,False,standard,82.72,1.0,2.0,environment,mcq,Should the government increase environmental regulations to prevent climate change?,0:::1:::2,Agree:::Disagree:::No opinion either way,0.0,Agree,2020-06-04 13:33:31
Soprano et al,Big-1,worker_165,True,unit_74,1.0,2020-06-04 13:35:22,0.0,start,False,crt,110.63,1.0,0.0,farmers,number,,,,3.0,,2020-06-04 13:35:22
Soprano et al,Big-1,worker_165,True,unit_74,1.0,2020-06-04 13:33:31,0.0,start,False,standard,82.72,1.0,4.0,political_views,mcq,"In general, would you describe your political views as",0:::1:::2:::3:::4,Very conservative:::Conservative:::Moderate:::Liberal:::Very liberal,3.0,Liberal,2020-06-04 13:33:31
Soprano et al,Big-1,worker_165,True,unit_74,1.0,2020-06-04 13:33:31,0.0,start,False,standard,82.72,1.0,2.0,southern_border,mcq,Should the U.S. build a wall along the southern border?,0:::1:::2,Agree:::Disagree:::No opinion either way,0.0,Agree,2020-06-04 13:33:31
Soprano et al,Big-1,worker_165,True,unit_74,1.0,2020-06-04 13:33:31,0.0,start,False,standard,82.72,1.0,5.0,school,mcq,What is the highest level of school you have completed or the highest degree you have received?,0:::1:::2:::3:::4:::5,"High school incomplete or less:::High school graduate or GED (includes technical/vocational training that doesn’t towards college credit):::Some college (some community college, associate’s degree):::Four year college degree/bachelor’s degree:::Some postgraduate or professional schooling, no postgraduate degree:::Postgraduate or professional degree, including master’s, doctorate, medical or law degree",3.0,Four year college degree/bachelor’s degree,2020-06-04 13:33:31
Soprano et al,Big-1,worker_165,True,unit_74,1.0,2020-06-04 13:37:38,0.0,start,False,crt,136.18,1.0,0.0,marks,number,,,,9.0,,2020-06-04 13:37:38
Soprano et al,Big-1,worker_59,True,unit_128,1.0,2020-06-04 13:42:40,0.0,start,False,crt,27.62,1.0,0.0,farmers,number,,,,3.0,,2020-06-04 13:42:40
Soprano et al,Big-1,worker_59,True,unit_128,1.0,2020-06-04 13:43:33,0.0,start,False,crt,15.37,1.0,0.0,athletics,number,,,,5.0,,2020-06-04 13:43:33
Soprano et al,Big-1,worker_59,True,unit_128,1.0,2020-06-04 13:42:12,0.0,start,False,standard,44.82,1.0,2.0,environment,mcq,Should the government increase environmental regulations to prevent climate change?,0:::1:::2,Agree:::Disagree:::No opinion either way,1.0,Disagree,2020-06-04 13:42:12
Soprano et al,Big-1,worker_59,True,unit_128,1.0,2020-06-04 13:42:12,0.0,start,False,standard,44.82,1.0,2.0,southern_border,mcq,Should the U.S. build a wall along the southern border?,0:::1:::2,Agree:::Disagree:::No opinion either way,1.0,Disagree,2020-06-04 13:42:12
Soprano et al,Big-1,worker_59,True,unit_128,1.0,2020-06-04 13:42:12,0.0,start,False,standard,44.82,1.0,3.0,consideration,mcq,"In politics today, do you consider yourself a",0:::1:::2:::3,Republican:::Democrat:::Independent:::Something else,2.0,Independent,2020-06-04 13:42:12
Soprano et al,Big-1,worker_59,True,unit_128,1.0,2020-06-04 13:42:12,0.0,start,False,standard,44.82,1.0,5.0,school,mcq,What is the highest level of school you have completed or the highest degree you have received?,0:::1:::2:::3:::4:::5,"High school incomplete or less:::High school graduate or GED (includes technical/vocational training that doesn’t towards college credit):::Some college (some community college, associate’s degree):::Four year college degree/bachelor’s degree:::Some postgraduate or professional schooling, no postgraduate degree:::Postgraduate or professional degree, including master’s, doctorate, medical or law degree",5.0,"Postgraduate or professional degree, including master’s, doctorate, medical or law degree",2020-06-04 13:42:12
Soprano et al,Big-1,worker_59,True,unit_128,1.0,2020-06-04 13:42:12,0.0,start,False,standard,44.82,1.0,4.0,political_views,mcq,"In general, would you describe your political views as",0:::1:::2:::3:::4,Very conservative:::Conservative:::Moderate:::Liberal:::Very liberal,4.0,Very liberal,2020-06-04 13:42:12
Soprano et al,Big-1,worker_59,True,unit_128,1.0,2020-06-04 13:42:12,0.0,start,False,standard,44.82,1.0,5.0,age,mcq,What is your age range?,0:::1:::2:::3:::4:::5,0-18:::19-25:::26-35:::36-50:::50-80:::80,3.0,36-50,2020-06-04 13:42:12
Soprano et al,Big-1,worker_59,True,unit_128,1.0,2020-06-04 13:42:12,0.0,start,False,standard,44.82,1.0,8.0,taxes,mcq,"Last year what was your total family income from all sources, before taxes?",0:::1:::2:::3:::4:::5:::6:::7:::8,"Less than 10,000:::10,000 to less than 20,000:::20,000 to less than 30,000:::30,000 to less than 40,000:::40,000 to less than 50,000:::50,000 to less than 75,000:::75,000 to less than 100,000:::100,000 to less than 150,000:::150,000 or more",5.0,"50,000 to less than 75,000",2020-06-04 13:42:12
Soprano et al,Big-1,worker_59,True,unit_128,1.0,2020-06-04 13:43:18,0.0,start,False,crt,38.15,1.0,0.0,marks,number,,,,9.0,,2020-06-04 13:43:18
Soprano et al,Big-1,worker_114,True,unit_172,1.0,2020-06-04 13:53:30,0.0,start,False,standard,28.05,1.0,8.0,taxes,mcq,"Last year what was your total family income from all sources, before taxes?",0:::1:::2:::3:::4:::5:::6:::7:::8,"Less than 10,000:::10,000 to less than 20,000:::20,000 to less than 30,000:::30,000 to less than 40,000:::40,000 to less than 50,000:::50,000 to less than 75,000:::75,000 to less than 100,000:::100,000 to less than 150,000:::150,000 or more",1.0,"10,000 to less than 20,000",2020-06-04 13:53:30
Soprano et al,Big-1,worker_114,True,unit_172,1.0,2020-06-04 13:53:30,0.0,start,False,standard,28.05,1.0,5.0,school,mcq,What is the highest level of school you have completed or the highest degree you have received?,0:::1:::2:::3:::4:::5,"High school incomplete or less:::High school graduate or GED (includes technical/vocational training that doesn’t towards college credit):::Some college (some community college, associate’s degree):::Four year college degree/bachelor’s degree:::Some postgraduate or professional schooling, no postgraduate degree:::Postgraduate or professional degree, including master’s, doctorate, medical or law degree",3.0,Four year college degree/bachelor’s degree,2020-06-04 13:53:30
Soprano et al,Big-1,worker_114,True,unit_172,1.0,2020-06-04 13:53:30,0.0,start,False,standard,28.05,1.0,5.0,age,mcq,What is your age range?,0:::1:::2:::3:::4:::5,0-18:::19-25:::26-35:::36-50:::50-80:::80,1.0,19-25,2020-06-04 13:53:30
Soprano et al,Big-1,worker_114,True,unit_172,1.0,2020-06-04 13:53:30,0.0,start,False,standard,28.05,1.0,4.0,political_views,mcq,"In general, would you describe your political views as",0:::1:::2:::3:::4,Very conservative:::Conservative:::Moderate:::Liberal:::Very liberal,3.0,Liberal,2020-06-04 13:53:30
Soprano et al,Big-1,worker_114,True,unit_172,1.0,2020-06-04 13:53:30,0.0,start,False,standard,28.05,1.0,3.0,consideration,mcq,"In politics today, do you consider yourself a",0:::1:::2:::3,Republican:::Democrat:::Independent:::Something else,2.0,Independent,2020-06-04 13:53:30
Soprano et al,Big-1,worker_111,True,unit_190,1.0,2020-06-04 13:53:50,0.0,start,False,standard,48.17,1.0,2.0,environment,mcq,Should the government increase environmental regulations to prevent climate change?,0:::1:::2,Agree:::Disagree:::No opinion either way,0.0,Agree,2020-06-04 13:53:50
Soprano et al,Big-1,worker_111,True,unit_190,1.0,2020-06-04 13:53:50,0.0,start,False,standard,48.17,1.0,5.0,age,mcq,What is your age range?,0:::1:::2:::3:::4:::5,0-18:::19-25:::26-35:::36-50:::50-80:::80,2.0,26-35,2020-06-04 13:53:50
Soprano et al,Big-1,worker_111,True,unit_190,1.0,2020-06-04 13:53:50,0.0,start,False,standard,48.17,1.0,3.0,consideration,mcq,"In politics today, do you consider yourself a",0:::1:::2:::3,Republican:::Democrat:::Independent:::Something else,1.0,Democrat,2020-06-04 13:53:50
Soprano et al,Big-1,worker_111,True,unit_190,1.0,2020-06-04 13:53:50,0.0,start,False,standard,48.17,1.0,2.0,southern_border,mcq,Should the U.S. build a wall along the southern border?,0:::1:::2,Agree:::Disagree:::No opinion either way,1.0,Disagree,2020-06-04 13:53:50
Soprano et al,Big-1,worker_111,True,unit_190,1.0,2020-06-04 13:54:17,0.0,start,False,crt,26.9,1.0,0.0,farmers,number,,,,3.0,,2020-06-04 13:54:17
Soprano et al,Big-1,worker_111,True,unit_190,1.0,2020-06-04 13:54:45,0.0,start,False,crt,28.03,1.0,0.0,marks,number,,,,9.0,,2020-06-04 13:54:45
Soprano et al,Big-1,worker_111,True,unit_190,1.0,2020-06-04 13:55:27,0.0,start,False,crt,42.15,1.0,0.0,athletics,number,,,,4.0,,2020-06-04 13:55:27
Soprano et al,Big-1,worker_111,True,unit_190,1.0,2020-06-04 13:53:50,0.0,start,False,standard,48.17,1.0,5.0,school,mcq,What is the highest level of school you have completed or the highest degree you have received?,0:::1:::2:::3:::4:::5,"High school incomplete or less:::High school graduate or GED (includes technical/vocational training that doesn’t towards college credit):::Some college (some community college, associate’s degree):::Four year college degree/bachelor’s degree:::Some postgraduate or professional schooling, no postgraduate degree:::Postgraduate or professional degree, including master’s, doctorate, medical or law degree",3.0,Four year college degree/bachelor’s degree,2020-06-04 13:53:50
Soprano et al,Big-1,worker_111,True,unit_190,1.0,2020-06-04 13:53:50,0.0,start,False,standard,48.17,1.0,8.0,taxes,mcq,"Last year what was your total family income from all sources, before taxes?",0:::1:::2:::3:::4:::5:::6:::7:::8,"Less than 10,000:::10,000 to less than 20,000:::20,000 to less than 30,000:::30,000 to less than 40,000:::40,000 to less than 50,000:::50,000 to less than 75,000:::75,000 to less than 100,000:::100,000 to less than 150,000:::150,000 or more",6.0,"75,000 to less than 100,000",2020-06-04 13:53:50
Soprano et al,Big-1,worker_111,True,unit_190,1.0,2020-06-04 13:53:50,0.0,start,False,standard,48.17,1.0,4.0,political_views,mcq,"In general, would you describe your political views as",0:::1:::2:::3:::4,Very conservative:::Conservative:::Moderate:::Liberal:::Very liberal,3.0,Liberal,2020-06-04 13:53:50
Soprano et al,Big-1,worker_114,True,unit_172,1.0,2020-06-04 13:53:30,0.0,start,False,standard,28.05,1.0,2.0,southern_border,mcq,Should the U.S. build a wall along the southern border?,0:::1:::2,Agree:::Disagree:::No opinion either way,1.0,Disagree,2020-06-04 13:53:30
Soprano et al,Big-1,worker_114,True,unit_172,1.0,2020-06-04 13:54:24,0.0,start,False,crt,54.92,1.0,0.0,farmers,number,,,,3.0,,2020-06-04 13:54:24
Soprano et al,Big-1,worker_114,True,unit_172,1.0,2020-06-04 13:55:09,0.0,start,False,crt,31.71,1.0,0.0,athletics,number,,,,15.0,,2020-06-04 13:55:09
Soprano et al,Big-1,worker_114,True,unit_172,1.0,2020-06-04 13:53:30,0.0,start,False,standard,28.05,1.0,2.0,environment,mcq,Should the government increase environmental regulations to prevent climate change?,0:::1:::2,Agree:::Disagree:::No opinion either way,0.0,Agree,2020-06-04 13:53:30
Soprano et al,Big-1,worker_114,True,unit_172,1.0,2020-06-04 13:54:37,0.0,start,False,crt,12.37,1.0,0.0,marks,number,,,,5.0,,2020-06-04 13:54:37
Soprano et al,Big-1,worker_166,True,unit_186,1.0,2020-06-04 13:54:15,0.0,start,False,standard,38.69,1.0,3.0,consideration,mcq,"In politics today, do you consider yourself a",0:::1:::2:::3,Republican:::Democrat:::Independent:::Something else,2.0,Independent,2020-06-04 13:54:15
Soprano et al,Big-1,worker_166,True,unit_186,1.0,2020-06-04 13:54:15,0.0,start,False,standard,38.69,1.0,2.0,southern_border,mcq,Should the U.S. build a wall along the southern border?,0:::1:::2,Agree:::Disagree:::No opinion either way,0.0,Agree,2020-06-04 13:54:15
Soprano et al,Big-1,worker_166,True,unit_186,1.0,2020-06-04 13:54:15,0.0,start,False,standard,38.69,1.0,8.0,taxes,mcq,"Last year what was your total family income from all sources, before taxes?",0:::1:::2:::3:::4:::5:::6:::7:::8,"Less than 10,000:::10,000 to less than 20,000:::20,000 to less than 30,000:::30,000 to less than 40,000:::40,000 to less than 50,000:::50,000 to less than 75,000:::75,000 to less than 100,000:::100,000 to less than 150,000:::150,000 or more",4.0,"40,000 to less than 50,000",2020-06-04 13:54:15
Soprano et al,Big-1,worker_166,True,unit_186,1.0,2020-06-04 13:54:38,0.0,start,False,crt,7.77,1.0,0.0,athletics,number,,,,21.0,,2020-06-04 13:54:38
Soprano et al,Big-1,worker_166,True,unit_186,1.0,2020-06-04 13:54:30,0.0,start,False,crt,5.75,1.0,0.0,marks,number,,,,10.0,,2020-06-04 13:54:30
Soprano et al,Big-1,worker_166,True,unit_186,1.0,2020-06-04 13:54:24,0.0,start,False,crt,9.24,1.0,0.0,farmers,number,,,,3.0,,2020-06-04 13:54:24
Soprano et al,Big-1,worker_166,True,unit_186,1.0,2020-06-04 13:54:15,0.0,start,False,standard,38.69,1.0,2.0,environment,mcq,Should the government increase environmental regulations to prevent climate change?,0:::1:::2,Agree:::Disagree:::No opinion either way,0.0,Agree,2020-06-04 13:54:15
Soprano et al,Big-1,worker_166,True,unit_186,1.0,2020-06-04 13:54:15,0.0,start,False,standard,38.69,1.0,5.0,age,mcq,What is your age range?,0:::1:::2:::3:::4:::5,0-18:::19-25:::26-35:::36-50:::50-80:::80,2.0,26-35,2020-06-04 13:54:15
Soprano et al,Big-1,worker_166,True,unit_186,1.0,2020-06-04 13:54:15,0.0,start,False,standard,38.69,1.0,5.0,school,mcq,What is the highest level of school you have completed or the highest degree you have received?,0:::1:::2:::3:::4:::5,"High school incomplete or less:::High school graduate or GED (includes technical/vocational training that doesn’t towards college credit):::Some college (some community college, associate’s degree):::Four year college degree/bachelor’s degree:::Some postgraduate or professional schooling, no postgraduate degree:::Postgraduate or professional degree, including master’s, doctorate, medical or law degree",3.0,Four year college degree/bachelor’s degree,2020-06-04 13:54:15
Soprano et al,Big-1,worker_166,True,unit_186,1.0,2020-06-04 13:54:15,0.0,start,False,standard,38.69,1.0,4.0,political_views,mcq,"In general, would you describe your political views as",0:::1:::2:::3:::4,Very conservative:::Conservative:::Moderate:::Liberal:::Very liberal,2.0,Moderate,2020-06-04 13:54:15
Soprano et al,Big-1,worker_20,True,unit_198,1.0,2020-06-04 13:58:07,0.0,start,False,standard,233.49,1.0,4.0,political_views,mcq,"In general, would you describe your political views as",0:::1:::2:::3:::4,Very conservative:::Conservative:::Moderate:::Liberal:::Very liberal,3.0,Liberal,2020-06-04 13:58:07
Soprano et al,Big-1,worker_20,True,unit_198,1.0,2020-06-04 13:59:04,0.0,start,False,crt,24.68,1.0,0.0,athletics,number,,,,10.0,,2020-06-04 13:59:04
Soprano et al,Big-1,worker_20,True,unit_198,1.0,2020-06-04 13:58:07,0.0,start,False,standard,233.49,1.0,5.0,age,mcq,What is your age range?,0:::1:::2:::3:::4:::5,0-18:::19-25:::26-35:::36-50:::50-80:::80,3.0,36-50,2020-06-04 13:58:07
Soprano et al,Big-1,worker_20,True,unit_198,1.0,2020-06-04 13:58:07,0.0,start,False,standard,233.49,1.0,2.0,environment,mcq,Should the government increase environmental regulations to prevent climate change?,0:::1:::2,Agree:::Disagree:::No opinion either way,0.0,Agree,2020-06-04 13:58:07
Soprano et al,Big-1,worker_20,True,unit_198,1.0,2020-06-04 13:58:07,0.0,start,False,standard,233.49,1.0,5.0,school,mcq,What is the highest level of school you have completed or the highest degree you have received?,0:::1:::2:::3:::4:::5,"High school incomplete or less:::High school graduate or GED (includes technical/vocational training that doesn’t towards college credit):::Some college (some community college, associate’s degree):::Four year college degree/bachelor’s degree:::Some postgraduate or professional schooling, no postgraduate degree:::Postgraduate or professional degree, including master’s, doctorate, medical or law degree",5.0,"Postgraduate or professional degree, including master’s, doctorate, medical or law degree",2020-06-04 13:58:07
Soprano et al,Big-1,worker_20,True,unit_198,1.0,2020-06-04 13:58:40,0.0,start,False,crt,10.38,1.0,0.0,marks,number,,,,5.0,,2020-06-04 13:58:40
Soprano et al,Big-1,worker_20,True,unit_198,1.0,2020-06-04 13:58:07,0.0,start,False,standard,233.49,1.0,8.0,taxes,mcq,"Last year what was your total family income from all sources, before taxes?",0:::1:::2:::3:::4:::5:::6:::7:::8,"Less than 10,000:::10,000 to less than 20,000:::20,000 to less than 30,000:::30,000 to less than 40,000:::40,000 to less than 50,000:::50,000 to less than 75,000:::75,000 to less than 100,000:::100,000 to less than 150,000:::150,000 or more",3.0,"30,000 to less than 40,000",2020-06-04 13:58:07
Soprano et al,Big-1,worker_20,True,unit_198,1.0,2020-06-04 13:58:07,0.0,start,False,standard,233.49,1.0,2.0,southern_border,mcq,Should the U.S. build a wall along the southern border?,0:::1:::2,Agree:::Disagree:::No opinion either way,0.0,Agree,2020-06-04 13:58:07
Soprano et al,Big-1,worker_20,True,unit_198,1.0,2020-06-04 13:58:07,0.0,start,False,standard,233.49,1.0,3.0,consideration,mcq,"In politics today, do you consider yourself a",0:::1:::2:::3,Republican:::Democrat:::Independent:::Something else,1.0,Democrat,2020-06-04 13:58:07
Soprano et al,Big-1,worker_20,True,unit_198,1.0,2020-06-04 13:58:29,0.0,start,False,crt,22.35,1.0,0.0,farmers,number,,,,9.0,,2020-06-04 13:58:29
Soprano et al,Big-1,worker_99,True,unit_160,1.0,2020-06-04 13:56:28,0.0,start,False,crt,8.91,1.0,0.0,farmers,number,,,,3.0,,2020-06-04 13:56:28
Soprano et al,Big-1,worker_99,True,unit_160,1.0,2020-06-04 13:56:38,0.0,start,False,crt,10.38,1.0,0.0,marks,number,,,,10.0,,2020-06-04 13:56:38
Soprano et al,Big-1,worker_99,True,unit_160,1.0,2020-06-04 13:56:19,0.0,start,False,standard,32.09,1.0,8.0,taxes,mcq,"Last year what was your total family income from all sources, before taxes?",0:::1:::2:::3:::4:::5:::6:::7:::8,"Less than 10,000:::10,000 to less than 20,000:::20,000 to less than 30,000:::30,000 to less than 40,000:::40,000 to less than 50,000:::50,000 to less than 75,000:::75,000 to less than 100,000:::100,000 to less than 150,000:::150,000 or more",3.0,"30,000 to less than 40,000",2020-06-04 13:56:19
Soprano et al,Big-1,worker_99,True,unit_160,1.0,2020-06-04 13:56:53,0.0,start,False,crt,15.17,1.0,0.0,athletics,number,,,,5.0,,2020-06-04 13:56:53
Soprano et al,Big-1,worker_99,True,unit_160,1.0,2020-06-04 13:56:19,0.0,start,False,standard,32.09,1.0,5.0,school,mcq,What is the highest level of school you have completed or the highest degree you have received?,0:::1:::2:::3:::4:::5,"High school incomplete or less:::High school graduate or GED (includes technical/vocational training that doesn’t towards college credit):::Some college (some community college, associate’s degree):::Four year college degree/bachelor’s degree:::Some postgraduate or professional schooling, no postgraduate degree:::Postgraduate or professional degree, including master’s, doctorate, medical or law degree",2.0,"Some college (some community college, associate’s degree)",2020-06-04 13:56:19
Soprano et al,Big-1,worker_99,True,unit_160,1.0,2020-06-04 13:56:19,0.0,start,False,standard,32.09,1.0,2.0,southern_border,mcq,Should the U.S. build a wall along the southern border?,0:::1:::2,Agree:::Disagree:::No opinion either way,1.0,Disagree,2020-06-04 13:56:19
Soprano et al,Big-1,worker_99,True,unit_160,1.0,2020-06-04 13:56:19,0.0,start,False,standard,32.09,1.0,4.0,political_views,mcq,"In general, would you describe your political views as",0:::1:::2:::3:::4,Very conservative:::Conservative:::Moderate:::Liberal:::Very liberal,4.0,Very liberal,2020-06-04 13:56:19
Soprano et al,Big-1,worker_99,True,unit_160,1.0,2020-06-04 13:56:19,0.0,start,False,standard,32.09,1.0,3.0,consideration,mcq,"In politics today, do you consider yourself a",0:::1:::2:::3,Republican:::Democrat:::Independent:::Something else,1.0,Democrat,2020-06-04 13:56:19
Soprano et al,Big-1,worker_99,True,unit_160,1.0,2020-06-04 13:56:19,0.0,start,False,standard,32.09,1.0,2.0,environment,mcq,Should the government increase environmental regulations to prevent climate change?,0:::1:::2,Agree:::Disagree:::No opinion either way,0.0,Agree,2020-06-04 13:56:19
Soprano et al,Big-1,worker_99,True,unit_160,1.0,2020-06-04 13:56:19,0.0,start,False,standard,32.09,1.0,5.0,age,mcq,What is your age range?,0:::1:::2:::3:::4:::5,0-18:::19-25:::26-35:::36-50:::50-80:::80,2.0,26-35,2020-06-04 13:56:19
Soprano et al,Big-1,worker_25,True,unit_118,1.0,2020-06-04 14:01:04,0.0,start,False,standard,26.9,1.0,4.0,political_views,mcq,"In general, would you describe your political views as",0:::1:::2:::3:::4,Very conservative:::Conservative:::Moderate:::Liberal:::Very liberal,3.0,Liberal,2020-06-04 14:01:04
Soprano et al,Big-1,worker_25,True,unit_118,1.0,2020-06-04 14:01:04,0.0,start,False,standard,26.9,1.0,5.0,age,mcq,What is your age range?,0:::1:::2:::3:::4:::5,0-18:::19-25:::26-35:::36-50:::50-80:::80,3.0,36-50,2020-06-04 14:01:04
Soprano et al,Big-1,worker_25,True,unit_118,1.0,2020-06-04 14:02:17,0.0,start,False,crt,35.59,1.0,0.0,athletics,number,,,,3.0,,2020-06-04 14:02:17
Soprano et al,Big-1,worker_25,True,unit_118,1.0,2020-06-04 14:01:04,0.0,start,False,standard,26.9,1.0,2.0,southern_border,mcq,Should the U.S. build a wall along the southern border?,0:::1:::2,Agree:::Disagree:::No opinion either way,1.0,Disagree,2020-06-04 14:01:04
Soprano et al,Big-1,worker_25,True,unit_118,1.0,2020-06-04 14:01:04,0.0,start,False,standard,26.9,1.0,2.0,environment,mcq,Should the government increase environmental regulations to prevent climate change?,0:::1:::2,Agree:::Disagree:::No opinion either way,0.0,Agree,2020-06-04 14:01:04
Soprano et al,Big-1,worker_25,True,unit_118,1.0,2020-06-04 14:01:30,0.0,start,False,crt,25.31,1.0,0.0,farmers,number,,,,3.0,,2020-06-04 14:01:30
Soprano et al,Big-1,worker_25,True,unit_118,1.0,2020-06-04 14:01:41,0.0,start,False,crt,11.39,1.0,0.0,marks,number,,,,6.0,,2020-06-04 14:01:41
Soprano et al,Big-1,worker_25,True,unit_118,1.0,2020-06-04 14:01:04,0.0,start,False,standard,26.9,1.0,3.0,consideration,mcq,"In politics today, do you consider yourself a",0:::1:::2:::3,Republican:::Democrat:::Independent:::Something else,1.0,Democrat,2020-06-04 14:01:04
Soprano et al,Big-1,worker_25,True,unit_118,1.0,2020-06-04 14:01:04,0.0,start,False,standard,26.9,1.0,8.0,taxes,mcq,"Last year what was your total family income from all sources, before taxes?",0:::1:::2:::3:::4:::5:::6:::7:::8,"Less than 10,000:::10,000 to less than 20,000:::20,000 to less than 30,000:::30,000 to less than 40,000:::40,000 to less than 50,000:::50,000 to less than 75,000:::75,000 to less than 100,000:::100,000 to less than 150,000:::150,000 or more",5.0,"50,000 to less than 75,000",2020-06-04 14:01:04
Soprano et al,Big-1,worker_25,True,unit_118,1.0,2020-06-04 14:01:04,0.0,start,False,standard,26.9,1.0,5.0,school,mcq,What is the highest level of school you have completed or the highest degree you have received?,0:::1:::2:::3:::4:::5,"High school incomplete or less:::High school graduate or GED (includes technical/vocational training that doesn’t towards college credit):::Some college (some community college, associate’s degree):::Four year college degree/bachelor’s degree:::Some postgraduate or professional schooling, no postgraduate degree:::Postgraduate or professional degree, including master’s, doctorate, medical or law degree",5.0,"Postgraduate or professional degree, including master’s, doctorate, medical or law degree",2020-06-04 14:01:04
Soprano et al,Big-1,worker_131,True,unit_44,1.0,2020-06-04 14:19:13,0.0,start,False,standard,107.67,1.0,2.0,environment,mcq,Should the government increase environmental regulations to prevent climate change?,0:::1:::2,Agree:::Disagree:::No opinion either way,0.0,Agree,2020-06-04 14:19:13
Soprano et al,Big-1,worker_131,True,unit_44,1.0,2020-06-04 14:19:13,0.0,start,False,standard,107.67,1.0,2.0,southern_border,mcq,Should the U.S. build a wall along the southern border?,0:::1:::2,Agree:::Disagree:::No opinion either way,0.0,Agree,2020-06-04 14:19:13
Soprano et al,Big-1,worker_131,True,unit_44,1.0,2020-06-04 14:19:13,0.0,start,False,standard,107.67,1.0,3.0,consideration,mcq,"In politics today, do you consider yourself a",0:::1:::2:::3,Republican:::Democrat:::Independent:::Something else,1.0,Democrat,2020-06-04 14:19:13
Soprano et al,Big-1,worker_131,True,unit_44,1.0,2020-06-04 14:19:13,0.0,start,False,standard,107.67,1.0,5.0,age,mcq,What is your age range?,0:::1:::2:::3:::4:::5,0-18:::19-25:::26-35:::36-50:::50-80:::80,2.0,26-35,2020-06-04 14:19:13
Soprano et al,Big-1,worker_131,True,unit_44,1.0,2020-06-04 14:19:13,0.0,start,False,standard,107.67,1.0,8.0,taxes,mcq,"Last year what was your total family income from all sources, before taxes?",0:::1:::2:::3:::4:::5:::6:::7:::8,"Less than 10,000:::10,000 to less than 20,000:::20,000 to less than 30,000:::30,000 to less than 40,000:::40,000 to less than 50,000:::50,000 to less than 75,000:::75,000 to less than 100,000:::100,000 to less than 150,000:::150,000 or more",4.0,"40,000 to less than 50,000",2020-06-04 14:19:13
Soprano et al,Big-1,worker_131,True,unit_44,1.0,2020-06-04 14:19:13,0.0,start,False,standard,107.67,1.0,5.0,school,mcq,What is the highest level of school you have completed or the highest degree you have received?,0:::1:::2:::3:::4:::5,"High school incomplete or less:::High school graduate or GED (includes technical/vocational training that doesn’t towards college credit):::Some college (some community college, associate’s degree):::Four year college degree/bachelor’s degree:::Some postgraduate or professional schooling, no postgraduate degree:::Postgraduate or professional degree, including master’s, doctorate, medical or law degree",3.0,Four year college degree/bachelor’s degree,2020-06-04 14:19:13
Soprano et al,Big-1,worker_131,True,unit_44,1.0,2020-06-04 14:21:57,0.0,start,False,crt,72.93,1.0,0.0,athletics,number,,,,5.0,,2020-06-04 14:21:57
Soprano et al,Big-1,worker_131,True,unit_44,1.0,2020-06-04 14:20:44,0.0,start,False,crt,44.94,1.0,0.0,marks,number,,,,10.0,,2020-06-04 14:20:44
Soprano et al,Big-1,worker_131,True,unit_44,1.0,2020-06-04 14:19:59,0.0,start,False,crt,45.97,1.0,0.0,farmers,number,,,,9.0,,2020-06-04 14:19:59
Soprano et al,Big-1,worker_131,True,unit_44,1.0,2020-06-04 14:19:13,0.0,start,False,standard,107.67,1.0,4.0,political_views,mcq,"In general, would you describe your political views as",0:::1:::2:::3:::4,Very conservative:::Conservative:::Moderate:::Liberal:::Very liberal,1.0,Conservative,2020-06-04 14:19:13
Soprano et al,Big-1,worker_63,True,unit_70,3.0,,0.0,start,False,crt,17.82,1.0,0.0,marks,number,,,,5.0,,
Soprano et al,Big-1,worker_63,True,unit_70,3.0,,0.0,start,False,standard,36.06,1.0,8.0,taxes,mcq,"Last year what was your total family income from all sources, before taxes?",0:::1:::2:::3:::4:::5:::6:::7:::8,"Less than 10,000:::10,000 to less than 20,000:::20,000 to less than 30,000:::30,000 to less than 40,000:::40,000 to less than 50,000:::50,000 to less than 75,000:::75,000 to less than 100,000:::100,000 to less than 150,000:::150,000 or more",4.0,"40,000 to less than 50,000",
Soprano et al,Big-1,worker_63,True,unit_70,3.0,,0.0,start,False,standard,36.06,1.0,4.0,political_views,mcq,"In general, would you describe your political views as",0:::1:::2:::3:::4,Very conservative:::Conservative:::Moderate:::Liberal:::Very liberal,0.0,Very conservative,
Soprano et al,Big-1,worker_63,True,unit_70,3.0,,0.0,start,False,standard,36.06,1.0,5.0,age,mcq,What is your age range?,0:::1:::2:::3:::4:::5,0-18:::19-25:::26-35:::36-50:::50-80:::80,3.0,36-50,
Soprano et al,Big-1,worker_63,True,unit_70,3.0,,0.0,start,False,standard,36.06,1.0,2.0,southern_border,mcq,Should the U.S. build a wall along the southern border?,0:::1:::2,Agree:::Disagree:::No opinion either way,0.0,Agree,
Soprano et al,Big-1,worker_63,True,unit_70,3.0,,0.0,start,False,standard,36.06,1.0,2.0,environment,mcq,Should the government increase environmental regulations to prevent climate change?,0:::1:::2,Agree:::Disagree:::No opinion either way,0.0,Agree,
Soprano et al,Big-1,worker_63,True,unit_70,3.0,,0.0,start,False,crt,69.91,1.0,0.0,farmers,number,,,,3.0,,
Soprano et al,Big-1,worker_63,True,unit_70,3.0,,0.0,start,False,standard,36.06,1.0,3.0,consideration,mcq,"In politics today, do you consider yourself a",0:::1:::2:::3,Republican:::Democrat:::Independent:::Something else,1.0,Democrat,
Soprano et al,Big-1,worker_63,True,unit_70,3.0,,0.0,start,False,standard,36.06,1.0,5.0,school,mcq,What is the highest level of school you have completed or the highest degree you have received?,0:::1:::2:::3:::4:::5,"High school incomplete or less:::High school graduate or GED (includes technical/vocational training that doesn’t towards college credit):::Some college (some community college, associate’s degree):::Four year college degree/bachelor’s degree:::Some postgraduate or professional schooling, no postgraduate degree:::Postgraduate or professional degree, including master’s, doctorate, medical or law degree",3.0,Four year college degree/bachelor’s degree,
Soprano et al,Big-1,worker_63,True,unit_70,3.0,,0.0,start,False,crt,7.05,1.0,0.0,athletics,number,,,,4.0,,
Soprano et al,Big-1,worker_52,True,unit_170,1.0,2020-06-04 14:28:32,0.0,start,False,standard,22.47,1.0,3.0,consideration,mcq,"In politics today, do you consider yourself a",0:::1:::2:::3,Republican:::Democrat:::Independent:::Something else,1.0,Democrat,2020-06-04 14:28:32
Soprano et al,Big-1,worker_52,True,unit_170,1.0,2020-06-04 14:29:34,0.0,start,False,crt,29.42,1.0,0.0,athletics,number,,,,4.0,,2020-06-04 14:29:34
Soprano et al,Big-1,worker_52,True,unit_170,1.0,2020-06-04 14:28:32,0.0,start,False,standard,22.47,1.0,8.0,taxes,mcq,"Last year what was your total family income from all sources, before taxes?",0:::1:::2:::3:::4:::5:::6:::7:::8,"Less than 10,000:::10,000 to less than 20,000:::20,000 to less than 30,000:::30,000 to less than 40,000:::40,000 to less than 50,000:::50,000 to less than 75,000:::75,000 to less than 100,000:::100,000 to less than 150,000:::150,000 or more",5.0,"50,000 to less than 75,000",2020-06-04 14:28:32
Soprano et al,Big-1,worker_52,True,unit_170,1.0,2020-06-04 14:28:32,0.0,start,False,standard,22.47,1.0,4.0,political_views,mcq,"In general, would you describe your political views as",0:::1:::2:::3:::4,Very conservative:::Conservative:::Moderate:::Liberal:::Very liberal,3.0,Liberal,2020-06-04 14:28:32
Soprano et al,Big-1,worker_52,True,unit_170,1.0,2020-06-04 14:29:04,0.0,start,False,crt,8.34,1.0,0.0,marks,number,,,,9.0,,2020-06-04 14:29:04
Soprano et al,Big-1,worker_52,True,unit_170,1.0,2020-06-04 14:28:32,0.0,start,False,standard,22.47,1.0,5.0,school,mcq,What is the highest level of school you have completed or the highest degree you have received?,0:::1:::2:::3:::4:::5,"High school incomplete or less:::High school graduate or GED (includes technical/vocational training that doesn’t towards college credit):::Some college (some community college, associate’s degree):::Four year college degree/bachelor’s degree:::Some postgraduate or professional schooling, no postgraduate degree:::Postgraduate or professional degree, including master’s, doctorate, medical or law degree",3.0,Four year college degree/bachelor’s degree,2020-06-04 14:28:32
Soprano et al,Big-1,worker_52,True,unit_170,1.0,2020-06-04 14:28:32,0.0,start,False,standard,22.47,1.0,5.0,age,mcq,What is your age range?,0:::1:::2:::3:::4:::5,0-18:::19-25:::26-35:::36-50:::50-80:::80,2.0,26-35,2020-06-04 14:28:32
Soprano et al,Big-1,worker_52,True,unit_170,1.0,2020-06-04 14:28:56,0.0,start,False,crt,24.04,1.0,0.0,farmers,number,,,,3.0,,2020-06-04 14:28:56
Soprano et al,Big-1,worker_52,True,unit_170,1.0,2020-06-04 14:28:32,0.0,start,False,standard,22.47,1.0,2.0,environment,mcq,Should the government increase environmental regulations to prevent climate change?,0:::1:::2,Agree:::Disagree:::No opinion either way,0.0,Agree,2020-06-04 14:28:32
Soprano et al,Big-1,worker_52,True,unit_170,1.0,2020-06-04 14:28:32,0.0,start,False,standard,22.47,1.0,2.0,southern_border,mcq,Should the U.S. build a wall along the southern border?,0:::1:::2,Agree:::Disagree:::No opinion either way,1.0,Disagree,2020-06-04 14:28:32
Soprano et al,Big-1,worker_21,True,unit_80,1.0,2020-06-04 14:32:23,0.0,start,False,standard,43.73,1.0,5.0,school,mcq,What is the highest level of school you have completed or the highest degree you have received?,0:::1:::2:::3:::4:::5,"High school incomplete or less:::High school graduate or GED (includes technical/vocational training that doesn’t towards college credit):::Some college (some community college, associate’s degree):::Four year college degree/bachelor’s degree:::Some postgraduate or professional schooling, no postgraduate degree:::Postgraduate or professional degree, including master’s, doctorate, medical or law degree",4.0,"Some postgraduate or professional schooling, no postgraduate degree",2020-06-04 14:32:23
Soprano et al,Big-1,worker_21,True,unit_80,1.0,2020-06-04 14:39:34,0.0,start,False,crt,55.52,1.0,0.0,athletics,number,,,,4.0,,2020-06-04 14:39:34
Soprano et al,Big-1,worker_21,True,unit_80,1.0,2020-06-04 14:37:25,0.0,start,False,crt,301.71,1.0,0.0,farmers,number,,,,9.0,,2020-06-04 14:37:25
Soprano et al,Big-1,worker_21,True,unit_80,1.0,2020-06-04 14:38:39,0.0,start,False,crt,73.95,1.0,0.0,marks,number,,,,10.0,,2020-06-04 14:38:39
Soprano et al,Big-1,worker_21,True,unit_80,1.0,2020-06-04 14:32:23,0.0,start,False,standard,43.73,1.0,2.0,southern_border,mcq,Should the U.S. build a wall along the southern border?,0:::1:::2,Agree:::Disagree:::No opinion either way,0.0,Agree,2020-06-04 14:32:23
Soprano et al,Big-1,worker_21,True,unit_80,1.0,2020-06-04 14:32:23,0.0,start,False,standard,43.73,1.0,3.0,consideration,mcq,"In politics today, do you consider yourself a",0:::1:::2:::3,Republican:::Democrat:::Independent:::Something else,0.0,Republican,2020-06-04 14:32:23
Soprano et al,Big-1,worker_21,True,unit_80,1.0,2020-06-04 14:32:23,0.0,start,False,standard,43.73,1.0,4.0,political_views,mcq,"In general, would you describe your political views as",0:::1:::2:::3:::4,Very conservative:::Conservative:::Moderate:::Liberal:::Very liberal,2.0,Moderate,2020-06-04 14:32:23
Soprano et al,Big-1,worker_21,True,unit_80,1.0,2020-06-04 14:32:23,0.0,start,False,standard,43.73,1.0,8.0,taxes,mcq,"Last year what was your total family income from all sources, before taxes?",0:::1:::2:::3:::4:::5:::6:::7:::8,"Less than 10,000:::10,000 to less than 20,000:::20,000 to less than 30,000:::30,000 to less than 40,000:::40,000 to less than 50,000:::50,000 to less than 75,000:::75,000 to less than 100,000:::100,000 to less than 150,000:::150,000 or more",4.0,"40,000 to less than 50,000",2020-06-04 14:32:23
Soprano et al,Big-1,worker_21,True,unit_80,1.0,2020-06-04 14:32:23,0.0,start,False,standard,43.73,1.0,5.0,age,mcq,What is your age range?,0:::1:::2:::3:::4:::5,0-18:::19-25:::26-35:::36-50:::50-80:::80,2.0,26-35,2020-06-04 14:32:23
Soprano et al,Big-1,worker_21,True,unit_80,1.0,2020-06-04 14:32:23,0.0,start,False,standard,43.73,1.0,2.0,environment,mcq,Should the government increase environmental regulations to prevent climate change?,0:::1:::2,Agree:::Disagree:::No opinion either way,0.0,Agree,2020-06-04 14:32:23
Soprano et al,Big-1,worker_197,True,unit_144,1.0,2020-06-04 14:43:34,0.0,start,False,standard,58.77,1.0,2.0,environment,mcq,Should the government increase environmental regulations to prevent climate change?,0:::1:::2,Agree:::Disagree:::No opinion either way,0.0,Agree,2020-06-04 14:43:34
Soprano et al,Big-1,worker_197,True,unit_144,1.0,2020-06-04 14:43:34,0.0,start,False,standard,58.77,1.0,5.0,age,mcq,What is your age range?,0:::1:::2:::3:::4:::5,0-18:::19-25:::26-35:::36-50:::50-80:::80,3.0,36-50,2020-06-04 14:43:34
Soprano et al,Big-1,worker_197,True,unit_144,1.0,2020-06-04 14:43:34,0.0,start,False,standard,58.77,1.0,5.0,school,mcq,What is the highest level of school you have completed or the highest degree you have received?,0:::1:::2:::3:::4:::5,"High school incomplete or less:::High school graduate or GED (includes technical/vocational training that doesn’t towards college credit):::Some college (some community college, associate’s degree):::Four year college degree/bachelor’s degree:::Some postgraduate or professional schooling, no postgraduate degree:::Postgraduate or professional degree, including master’s, doctorate, medical or law degree",5.0,"Postgraduate or professional degree, including master’s, doctorate, medical or law degree",2020-06-04 14:43:34
Soprano et al,Big-1,worker_197,True,unit_144,1.0,2020-06-04 14:43:34,0.0,start,False,standard,58.77,1.0,8.0,taxes,mcq,"Last year what was your total family income from all sources, before taxes?",0:::1:::2:::3:::4:::5:::6:::7:::8,"Less than 10,000:::10,000 to less than 20,000:::20,000 to less than 30,000:::30,000 to less than 40,000:::40,000 to less than 50,000:::50,000 to less than 75,000:::75,000 to less than 100,000:::100,000 to less than 150,000:::150,000 or more",6.0,"75,000 to less than 100,000",2020-06-04 14:43:34
Soprano et al,Big-1,worker_197,True,unit_144,1.0,2020-06-04 14:43:34,0.0,start,False,standard,58.77,1.0,4.0,political_views,mcq,"In general, would you describe your political views as",0:::1:::2:::3:::4,Very conservative:::Conservative:::Moderate:::Liberal:::Very liberal,3.0,Liberal,2020-06-04 14:43:34
Soprano et al,Big-1,worker_197,True,unit_144,1.0,2020-06-04 14:43:34,0.0,start,False,standard,58.77,1.0,3.0,consideration,mcq,"In politics today, do you consider yourself a",0:::1:::2:::3,Republican:::Democrat:::Independent:::Something else,1.0,Democrat,2020-06-04 14:43:34
Soprano et al,Big-1,worker_197,True,unit_144,1.0,2020-06-04 14:43:34,0.0,start,False,standard,58.77,1.0,2.0,southern_border,mcq,Should the U.S. build a wall along the southern border?,0:::1:::2,Agree:::Disagree:::No opinion either way,1.0,Disagree,2020-06-04 14:43:34
Soprano et al,Big-1,worker_197,True,unit_144,1.0,2020-06-04 14:43:50,0.0,start,False,crt,15.52,1.0,0.0,farmers,number,,,,3.0,,2020-06-04 14:43:50
Soprano et al,Big-1,worker_197,True,unit_144,1.0,2020-06-04 14:44:17,0.0,start,False,crt,26.9,1.0,0.0,marks,number,,,,10.0,,2020-06-04 14:44:17
Soprano et al,Big-1,worker_197,True,unit_144,1.0,2020-06-04 14:44:47,0.0,start,False,crt,29.88,1.0,0.0,athletics,number,,,,5.0,,2020-06-04 14:44:47
Soprano et al,Big-1,worker_16,True,unit_42,1.0,2020-06-04 14:44:09,0.0,start,False,standard,18.51,1.0,3.0,consideration,mcq,"In politics today, do you consider yourself a",0:::1:::2:::3,Republican:::Democrat:::Independent:::Something else,1.0,Democrat,2020-06-04 14:44:09
Soprano et al,Big-1,worker_16,True,unit_42,1.0,2020-06-04 14:44:22,0.0,start,False,crt,3.3,1.0,0.0,marks,number,,,,9.0,,2020-06-04 14:44:22
Soprano et al,Big-1,worker_16,True,unit_42,1.0,2020-06-04 14:44:37,0.0,start,False,crt,15.03,1.0,0.0,athletics,number,,,,4.0,,2020-06-04 14:44:37
Soprano et al,Big-1,worker_16,True,unit_42,1.0,2020-06-04 14:44:19,0.0,start,False,crt,9.9,1.0,0.0,farmers,number,,,,3.0,,2020-06-04 14:44:19
Soprano et al,Big-1,worker_16,True,unit_42,1.0,2020-06-04 14:44:09,0.0,start,False,standard,18.51,1.0,2.0,environment,mcq,Should the government increase environmental regulations to prevent climate change?,0:::1:::2,Agree:::Disagree:::No opinion either way,0.0,Agree,2020-06-04 14:44:09
Soprano et al,Big-1,worker_16,True,unit_42,1.0,2020-06-04 14:44:09,0.0,start,False,standard,18.51,1.0,8.0,taxes,mcq,"Last year what was your total family income from all sources, before taxes?",0:::1:::2:::3:::4:::5:::6:::7:::8,"Less than 10,000:::10,000 to less than 20,000:::20,000 to less than 30,000:::30,000 to less than 40,000:::40,000 to less than 50,000:::50,000 to less than 75,000:::75,000 to less than 100,000:::100,000 to less than 150,000:::150,000 or more",5.0,"50,000 to less than 75,000",2020-06-04 14:44:09
Soprano et al,Big-1,worker_16,True,unit_42,1.0,2020-06-04 14:44:09,0.0,start,False,standard,18.51,1.0,2.0,southern_border,mcq,Should the U.S. build a wall along the southern border?,0:::1:::2,Agree:::Disagree:::No opinion either way,1.0,Disagree,2020-06-04 14:44:09
Soprano et al,Big-1,worker_16,True,unit_42,1.0,2020-06-04 14:44:09,0.0,start,False,standard,18.51,1.0,5.0,age,mcq,What is your age range?,0:::1:::2:::3:::4:::5,0-18:::19-25:::26-35:::36-50:::50-80:::80,2.0,26-35,2020-06-04 14:44:09
Soprano et al,Big-1,worker_16,True,unit_42,1.0,2020-06-04 14:44:09,0.0,start,False,standard,18.51,1.0,4.0,political_views,mcq,"In general, would you describe your political views as",0:::1:::2:::3:::4,Very conservative:::Conservative:::Moderate:::Liberal:::Very liberal,3.0,Liberal,2020-06-04 14:44:09
Soprano et al,Big-1,worker_16,True,unit_42,1.0,2020-06-04 14:44:09,0.0,start,False,standard,18.51,1.0,5.0,school,mcq,What is the highest level of school you have completed or the highest degree you have received?,0:::1:::2:::3:::4:::5,"High school incomplete or less:::High school graduate or GED (includes technical/vocational training that doesn’t towards college credit):::Some college (some community college, associate’s degree):::Four year college degree/bachelor’s degree:::Some postgraduate or professional schooling, no postgraduate degree:::Postgraduate or professional degree, including master’s, doctorate, medical or law degree",3.0,Four year college degree/bachelor’s degree,2020-06-04 14:44:09
Soprano et al,Big-1,worker_151,True,unit_180,1.0,2020-06-04 14:45:35,0.0,start,False,crt,25.81,1.0,0.0,farmers,number,,,,8.0,,2020-06-04 14:45:35
Soprano et al,Big-1,worker_151,True,unit_180,1.0,2020-06-04 14:45:09,0.0,start,False,standard,38.83,1.0,2.0,environment,mcq,Should the government increase environmental regulations to prevent climate change?,0:::1:::2,Agree:::Disagree:::No opinion either way,0.0,Agree,2020-06-04 14:45:09
Soprano et al,Big-1,worker_151,True,unit_180,1.0,2020-06-04 14:45:09,0.0,start,False,standard,38.83,1.0,2.0,southern_border,mcq,Should the U.S. build a wall along the southern border?,0:::1:::2,Agree:::Disagree:::No opinion either way,0.0,Agree,2020-06-04 14:45:09
Soprano et al,Big-1,worker_151,True,unit_180,1.0,2020-06-04 14:45:09,0.0,start,False,standard,38.83,1.0,3.0,consideration,mcq,"In politics today, do you consider yourself a",0:::1:::2:::3,Republican:::Democrat:::Independent:::Something else,2.0,Independent,2020-06-04 14:45:09
Soprano et al,Big-1,worker_151,True,unit_180,1.0,2020-06-04 14:45:09,0.0,start,False,standard,38.83,1.0,4.0,political_views,mcq,"In general, would you describe your political views as",0:::1:::2:::3:::4,Very conservative:::Conservative:::Moderate:::Liberal:::Very liberal,2.0,Moderate,2020-06-04 14:45:09
Soprano et al,Big-1,worker_151,True,unit_180,1.0,2020-06-04 14:45:09,0.0,start,False,standard,38.83,1.0,8.0,taxes,mcq,"Last year what was your total family income from all sources, before taxes?",0:::1:::2:::3:::4:::5:::6:::7:::8,"Less than 10,000:::10,000 to less than 20,000:::20,000 to less than 30,000:::30,000 to less than 40,000:::40,000 to less than 50,000:::50,000 to less than 75,000:::75,000 to less than 100,000:::100,000 to less than 150,000:::150,000 or more",5.0,"50,000 to less than 75,000",2020-06-04 14:45:09
Soprano et al,Big-1,worker_151,True,unit_180,1.0,2020-06-04 14:45:09,0.0,start,False,standard,38.83,1.0,5.0,school,mcq,What is the highest level of school you have completed or the highest degree you have received?,0:::1:::2:::3:::4:::5,"High school incomplete or less:::High school graduate or GED (includes technical/vocational training that doesn’t towards college credit):::Some college (some community college, associate’s degree):::Four year college degree/bachelor’s degree:::Some postgraduate or professional schooling, no postgraduate degree:::Postgraduate or professional degree, including master’s, doctorate, medical or law degree",3.0,Four year college degree/bachelor’s degree,2020-06-04 14:45:09
Soprano et al,Big-1,worker_151,True,unit_180,1.0,2020-06-04 14:47:06,0.0,start,False,crt,51.74,1.0,0.0,athletics,number,,,,7.0,,2020-06-04 14:47:06
Soprano et al,Big-1,worker_151,True,unit_180,1.0,2020-06-04 14:46:14,0.0,start,False,crt,39.17,1.0,0.0,marks,number,,,,11.0,,2020-06-04 14:46:14
Soprano et al,Big-1,worker_151,True,unit_180,1.0,2020-06-04 14:45:09,0.0,start,False,standard,38.83,1.0,5.0,age,mcq,What is your age range?,0:::1:::2:::3:::4:::5,0-18:::19-25:::26-35:::36-50:::50-80:::80,2.0,26-35,2020-06-04 14:45:09
Soprano et al,Big-1,worker_173,True,unit_40,1.0,2020-06-04 14:47:47,0.0,start,False,standard,24.76,1.0,3.0,consideration,mcq,"In politics today, do you consider yourself a",0:::1:::2:::3,Republican:::Democrat:::Independent:::Something else,0.0,Republican,2020-06-04 14:47:47
Soprano et al,Big-1,worker_173,True,unit_40,1.0,2020-06-04 14:50:38,0.0,start,False,crt,170.42,1.0,0.0,farmers,number,,,,27.0,,2020-06-04 14:50:38
Soprano et al,Big-1,worker_173,True,unit_40,1.0,2020-06-04 14:47:47,0.0,start,False,standard,24.76,1.0,8.0,taxes,mcq,"Last year what was your total family income from all sources, before taxes?",0:::1:::2:::3:::4:::5:::6:::7:::8,"Less than 10,000:::10,000 to less than 20,000:::20,000 to less than 30,000:::30,000 to less than 40,000:::40,000 to less than 50,000:::50,000 to less than 75,000:::75,000 to less than 100,000:::100,000 to less than 150,000:::150,000 or more",1.0,"10,000 to less than 20,000",2020-06-04 14:47:47
Soprano et al,Big-1,worker_173,True,unit_40,1.0,2020-06-04 14:47:47,0.0,start,False,standard,24.76,1.0,5.0,school,mcq,What is the highest level of school you have completed or the highest degree you have received?,0:::1:::2:::3:::4:::5,"High school incomplete or less:::High school graduate or GED (includes technical/vocational training that doesn’t towards college credit):::Some college (some community college, associate’s degree):::Four year college degree/bachelor’s degree:::Some postgraduate or professional schooling, no postgraduate degree:::Postgraduate or professional degree, including master’s, doctorate, medical or law degree",3.0,Four year college degree/bachelor’s degree,2020-06-04 14:47:47
Soprano et al,Big-1,worker_173,True,unit_40,1.0,2020-06-04 14:47:47,0.0,start,False,standard,24.76,1.0,5.0,age,mcq,What is your age range?,0:::1:::2:::3:::4:::5,0-18:::19-25:::26-35:::36-50:::50-80:::80,3.0,36-50,2020-06-04 14:47:47
Soprano et al,Big-1,worker_173,True,unit_40,1.0,2020-06-04 14:47:47,0.0,start,False,standard,24.76,1.0,4.0,political_views,mcq,"In general, would you describe your political views as",0:::1:::2:::3:::4,Very conservative:::Conservative:::Moderate:::Liberal:::Very liberal,4.0,Very liberal,2020-06-04 14:47:47
Soprano et al,Big-1,worker_173,True,unit_40,1.0,2020-06-04 14:50:49,0.0,start,False,crt,11.46,1.0,0.0,marks,number,,,,10.0,,2020-06-04 14:50:49
Soprano et al,Big-1,worker_173,True,unit_40,1.0,2020-06-04 14:51:07,0.0,start,False,crt,17.91,1.0,0.0,athletics,number,,,,5.0,,2020-06-04 14:51:07
Soprano et al,Big-1,worker_173,True,unit_40,1.0,2020-06-04 14:47:47,0.0,start,False,standard,24.76,1.0,2.0,southern_border,mcq,Should the U.S. build a wall along the southern border?,0:::1:::2,Agree:::Disagree:::No opinion either way,0.0,Agree,2020-06-04 14:47:47
Soprano et al,Big-1,worker_173,True,unit_40,1.0,2020-06-04 14:47:47,0.0,start,False,standard,24.76,1.0,2.0,environment,mcq,Should the government increase environmental regulations to prevent climate change?,0:::1:::2,Agree:::Disagree:::No opinion either way,0.0,Agree,2020-06-04 14:47:47
Soprano et al,Big-1,worker_185,True,unit_64,1.0,2020-06-04 14:56:02,0.0,start,False,crt,381.31,1.0,0.0,farmers,number,,,,3.0,,2020-06-04 14:56:02
Soprano et al,Big-1,worker_185,True,unit_64,1.0,2020-06-04 14:57:47,0.0,start,False,crt,105.34,1.0,0.0,marks,number,,,,10.0,,2020-06-04 14:57:47
Soprano et al,Big-1,worker_185,True,unit_64,1.0,2020-06-04 14:49:40,0.0,start,False,standard,95.84,1.0,5.0,age,mcq,What is your age range?,0:::1:::2:::3:::4:::5,0-18:::19-25:::26-35:::36-50:::50-80:::80,2.0,26-35,2020-06-04 14:49:40
Soprano et al,Big-1,worker_185,True,unit_64,1.0,2020-06-04 14:49:40,0.0,start,False,standard,95.84,1.0,5.0,school,mcq,What is the highest level of school you have completed or the highest degree you have received?,0:::1:::2:::3:::4:::5,"High school incomplete or less:::High school graduate or GED (includes technical/vocational training that doesn’t towards college credit):::Some college (some community college, associate’s degree):::Four year college degree/bachelor’s degree:::Some postgraduate or professional schooling, no postgraduate degree:::Postgraduate or professional degree, including master’s, doctorate, medical or law degree",3.0,Four year college degree/bachelor’s degree,2020-06-04 14:49:40
Soprano et al,Big-1,worker_185,True,unit_64,1.0,2020-06-04 14:49:40,0.0,start,False,standard,95.84,1.0,8.0,taxes,mcq,"Last year what was your total family income from all sources, before taxes?",0:::1:::2:::3:::4:::5:::6:::7:::8,"Less than 10,000:::10,000 to less than 20,000:::20,000 to less than 30,000:::30,000 to less than 40,000:::40,000 to less than 50,000:::50,000 to less than 75,000:::75,000 to less than 100,000:::100,000 to less than 150,000:::150,000 or more",4.0,"40,000 to less than 50,000",2020-06-04 14:49:40
Soprano et al,Big-1,worker_185,True,unit_64,1.0,2020-06-04 14:49:40,0.0,start,False,standard,95.84,1.0,3.0,consideration,mcq,"In politics today, do you consider yourself a",0:::1:::2:::3,Republican:::Democrat:::Independent:::Something else,2.0,Independent,2020-06-04 14:49:40
Soprano et al,Big-1,worker_185,True,unit_64,1.0,2020-06-04 14:58:30,0.0,start,False,crt,42.97,1.0,0.0,athletics,number,,,,5.0,,2020-06-04 14:58:30
Soprano et al,Big-1,worker_185,True,unit_64,1.0,2020-06-04 14:49:40,0.0,start,False,standard,95.84,1.0,2.0,southern_border,mcq,Should the U.S. build a wall along the southern border?,0:::1:::2,Agree:::Disagree:::No opinion either way,1.0,Disagree,2020-06-04 14:49:40
Soprano et al,Big-1,worker_185,True,unit_64,1.0,2020-06-04 14:49:40,0.0,start,False,standard,95.84,1.0,2.0,environment,mcq,Should the government increase environmental regulations to prevent climate change?,0:::1:::2,Agree:::Disagree:::No opinion either way,0.0,Agree,2020-06-04 14:49:40
Soprano et al,Big-1,worker_185,True,unit_64,1.0,2020-06-04 14:49:40,0.0,start,False,standard,95.84,1.0,4.0,political_views,mcq,"In general, would you describe your political views as",0:::1:::2:::3:::4,Very conservative:::Conservative:::Moderate:::Liberal:::Very liberal,1.0,Conservative,2020-06-04 14:49:40
Soprano et al,Big-1,worker_117,True,unit_166,1.0,2020-06-04 14:50:29,0.0,start,False,crt,17.78,1.0,0.0,farmers,number,,,,3.0,,2020-06-04 14:50:29
Soprano et al,Big-1,worker_117,True,unit_166,1.0,2020-06-04 14:50:11,0.0,start,False,standard,17.45,1.0,2.0,environment,mcq,Should the government increase environmental regulations to prevent climate change?,0:::1:::2,Agree:::Disagree:::No opinion either way,0.0,Agree,2020-06-04 14:50:11
Soprano et al,Big-1,worker_117,True,unit_166,1.0,2020-06-04 14:50:11,0.0,start,False,standard,17.45,1.0,2.0,southern_border,mcq,Should the U.S. build a wall along the southern border?,0:::1:::2,Agree:::Disagree:::No opinion either way,1.0,Disagree,2020-06-04 14:50:11
Soprano et al,Big-1,worker_117,True,unit_166,1.0,2020-06-04 14:50:11,0.0,start,False,standard,17.45,1.0,3.0,consideration,mcq,"In politics today, do you consider yourself a",0:::1:::2:::3,Republican:::Democrat:::Independent:::Something else,1.0,Democrat,2020-06-04 14:50:11
Soprano et al,Big-1,worker_117,True,unit_166,1.0,2020-06-04 14:50:11,0.0,start,False,standard,17.45,1.0,4.0,political_views,mcq,"In general, would you describe your political views as",0:::1:::2:::3:::4,Very conservative:::Conservative:::Moderate:::Liberal:::Very liberal,3.0,Liberal,2020-06-04 14:50:11
Soprano et al,Big-1,worker_117,True,unit_166,1.0,2020-06-04 14:50:11,0.0,start,False,standard,17.45,1.0,8.0,taxes,mcq,"Last year what was your total family income from all sources, before taxes?",0:::1:::2:::3:::4:::5:::6:::7:::8,"Less than 10,000:::10,000 to less than 20,000:::20,000 to less than 30,000:::30,000 to less than 40,000:::40,000 to less than 50,000:::50,000 to less than 75,000:::75,000 to less than 100,000:::100,000 to less than 150,000:::150,000 or more",5.0,"50,000 to less than 75,000",2020-06-04 14:50:11
Soprano et al,Big-1,worker_117,True,unit_166,1.0,2020-06-04 14:50:38,0.0,start,False,crt,9.2,1.0,0.0,marks,number,,,,9.0,,2020-06-04 14:50:38
Soprano et al,Big-1,worker_117,True,unit_166,1.0,2020-06-04 14:50:11,0.0,start,False,standard,17.45,1.0,5.0,age,mcq,What is your age range?,0:::1:::2:::3:::4:::5,0-18:::19-25:::26-35:::36-50:::50-80:::80,4.0,50-80,2020-06-04 14:50:11
Soprano et al,Big-1,worker_117,True,unit_166,1.0,2020-06-04 14:51:01,0.0,start,False,crt,22.71,1.0,0.0,athletics,number,,,,4.0,,2020-06-04 14:51:01
Soprano et al,Big-1,worker_117,True,unit_166,1.0,2020-06-04 14:50:11,0.0,start,False,standard,17.45,1.0,5.0,school,mcq,What is the highest level of school you have completed or the highest degree you have received?,0:::1:::2:::3:::4:::5,"High school incomplete or less:::High school graduate or GED (includes technical/vocational training that doesn’t towards college credit):::Some college (some community college, associate’s degree):::Four year college degree/bachelor’s degree:::Some postgraduate or professional schooling, no postgraduate degree:::Postgraduate or professional degree, including master’s, doctorate, medical or law degree",2.0,"Some college (some community college, associate’s degree)",2020-06-04 14:50:11
Soprano et al,Big-1,worker_40,True,unit_4,1.0,2020-06-04 14:57:19,0.0,start,False,standard,25.36,1.0,5.0,age,mcq,What is your age range?,0:::1:::2:::3:::4:::5,0-18:::19-25:::26-35:::36-50:::50-80:::80,3.0,36-50,2020-06-04 14:57:19
Soprano et al,Big-1,worker_40,True,unit_4,1.0,2020-06-04 14:57:19,0.0,start,False,standard,25.36,1.0,4.0,political_views,mcq,"In general, would you describe your political views as",0:::1:::2:::3:::4,Very conservative:::Conservative:::Moderate:::Liberal:::Very liberal,2.0,Moderate,2020-06-04 14:57:19
Soprano et al,Big-1,worker_40,True,unit_4,1.0,2020-06-04 14:57:19,0.0,start,False,standard,25.36,1.0,3.0,consideration,mcq,"In politics today, do you consider yourself a",0:::1:::2:::3,Republican:::Democrat:::Independent:::Something else,2.0,Independent,2020-06-04 14:57:19
Soprano et al,Big-1,worker_40,True,unit_4,1.0,2020-06-04 14:57:19,0.0,start,False,standard,25.36,1.0,5.0,school,mcq,What is the highest level of school you have completed or the highest degree you have received?,0:::1:::2:::3:::4:::5,"High school incomplete or less:::High school graduate or GED (includes technical/vocational training that doesn’t towards college credit):::Some college (some community college, associate’s degree):::Four year college degree/bachelor’s degree:::Some postgraduate or professional schooling, no postgraduate degree:::Postgraduate or professional degree, including master’s, doctorate, medical or law degree",1.0,High school graduate or GED (includes technical/vocational training that doesn’t towards college credit),2020-06-04 14:57:19
Soprano et al,Big-1,worker_40,True,unit_4,1.0,2020-06-04 14:57:19,0.0,start,False,standard,25.36,1.0,2.0,environment,mcq,Should the government increase environmental regulations to prevent climate change?,0:::1:::2,Agree:::Disagree:::No opinion either way,0.0,Agree,2020-06-04 14:57:19
Soprano et al,Big-1,worker_40,True,unit_4,1.0,2020-06-04 14:57:32,0.0,start,False,crt,13.21,1.0,0.0,farmers,number,,,,3.0,,2020-06-04 14:57:32
Soprano et al,Big-1,worker_40,True,unit_4,1.0,2020-06-04 14:58:01,0.0,start,False,crt,29.25,1.0,0.0,marks,number,,,,14.0,,2020-06-04 14:58:01
Soprano et al,Big-1,worker_40,True,unit_4,1.0,2020-06-04 14:58:23,0.0,start,False,crt,21.77,1.0,0.0,athletics,number,,,,5.0,,2020-06-04 14:58:23
Soprano et al,Big-1,worker_40,True,unit_4,1.0,2020-06-04 14:57:19,0.0,start,False,standard,25.36,1.0,2.0,southern_border,mcq,Should the U.S. build a wall along the southern border?,0:::1:::2,Agree:::Disagree:::No opinion either way,1.0,Disagree,2020-06-04 14:57:19
Soprano et al,Big-1,worker_40,True,unit_4,1.0,2020-06-04 14:57:19,0.0,start,False,standard,25.36,1.0,8.0,taxes,mcq,"Last year what was your total family income from all sources, before taxes?",0:::1:::2:::3:::4:::5:::6:::7:::8,"Less than 10,000:::10,000 to less than 20,000:::20,000 to less than 30,000:::30,000 to less than 40,000:::40,000 to less than 50,000:::50,000 to less than 75,000:::75,000 to less than 100,000:::100,000 to less than 150,000:::150,000 or more",7.0,"100,000 to less than 150,000",2020-06-04 14:57:19
Soprano et al,Big-1,worker_69,True,unit_178,1.0,2020-06-04 15:00:17,0.0,start,False,standard,31.48,1.0,5.0,age,mcq,What is your age range?,0:::1:::2:::3:::4:::5,0-18:::19-25:::26-35:::36-50:::50-80:::80,2.0,26-35,2020-06-04 15:00:17
Soprano et al,Big-1,worker_69,True,unit_178,1.0,2020-06-04 15:00:17,0.0,start,False,standard,31.48,1.0,8.0,taxes,mcq,"Last year what was your total family income from all sources, before taxes?",0:::1:::2:::3:::4:::5:::6:::7:::8,"Less than 10,000:::10,000 to less than 20,000:::20,000 to less than 30,000:::30,000 to less than 40,000:::40,000 to less than 50,000:::50,000 to less than 75,000:::75,000 to less than 100,000:::100,000 to less than 150,000:::150,000 or more",5.0,"50,000 to less than 75,000",2020-06-04 15:00:17
Soprano et al,Big-1,worker_69,True,unit_178,1.0,2020-06-04 15:00:17,0.0,start,False,standard,31.48,1.0,4.0,political_views,mcq,"In general, would you describe your political views as",0:::1:::2:::3:::4,Very conservative:::Conservative:::Moderate:::Liberal:::Very liberal,2.0,Moderate,2020-06-04 15:00:17
Soprano et al,Big-1,worker_69,True,unit_178,1.0,2020-06-04 15:00:17,0.0,start,False,standard,31.48,1.0,5.0,school,mcq,What is the highest level of school you have completed or the highest degree you have received?,0:::1:::2:::3:::4:::5,"High school incomplete or less:::High school graduate or GED (includes technical/vocational training that doesn’t towards college credit):::Some college (some community college, associate’s degree):::Four year college degree/bachelor’s degree:::Some postgraduate or professional schooling, no postgraduate degree:::Postgraduate or professional degree, including master’s, doctorate, medical or law degree",3.0,Four year college degree/bachelor’s degree,2020-06-04 15:00:17
Soprano et al,Big-1,worker_69,True,unit_178,1.0,2020-06-04 15:00:17,0.0,start,False,standard,31.48,1.0,2.0,southern_border,mcq,Should the U.S. build a wall along the southern border?,0:::1:::2,Agree:::Disagree:::No opinion either way,0.0,Agree,2020-06-04 15:00:17
Soprano et al,Big-1,worker_69,True,unit_178,1.0,2020-06-04 15:04:42,0.0,start,False,crt,179.59,1.0,0.0,athletics,number,,,,20.0,,2020-06-04 15:04:42
Soprano et al,Big-1,worker_69,True,unit_178,1.0,2020-06-04 15:00:58,0.0,start,False,crt,40.75,1.0,0.0,farmers,number,,,,3.0,,2020-06-04 15:00:58
Soprano et al,Big-1,worker_69,True,unit_178,1.0,2020-06-04 15:00:17,0.0,start,False,standard,31.48,1.0,2.0,environment,mcq,Should the government increase environmental regulations to prevent climate change?,0:::1:::2,Agree:::Disagree:::No opinion either way,0.0,Agree,2020-06-04 15:00:17
Soprano et al,Big-1,worker_69,True,unit_178,1.0,2020-06-04 15:00:17,0.0,start,False,standard,31.48,1.0,3.0,consideration,mcq,"In politics today, do you consider yourself a",0:::1:::2:::3,Republican:::Democrat:::Independent:::Something else,0.0,Republican,2020-06-04 15:00:17
Soprano et al,Big-1,worker_69,True,unit_178,1.0,2020-06-04 15:01:43,0.0,start,False,crt,44.98,1.0,0.0,marks,number,,,,5.0,,2020-06-04 15:01:43
Soprano et al,Big-1,worker_79,True,unit_192,1.0,2020-06-04 15:19:24,0.0,start,False,crt,83.0,1.0,0.0,marks,number,,,,1.0,,2020-06-04 15:19:24
Soprano et al,Big-1,worker_79,True,unit_192,1.0,2020-06-04 15:18:01,0.0,start,False,crt,46.32,1.0,0.0,farmers,number,,,,3.0,,2020-06-04 15:18:01
Soprano et al,Big-1,worker_79,True,unit_192,1.0,2020-06-04 15:17:15,0.0,start,False,standard,76.5,1.0,2.0,environment,mcq,Should the government increase environmental regulations to prevent climate change?,0:::1:::2,Agree:::Disagree:::No opinion either way,0.0,Agree,2020-06-04 15:17:15
Soprano et al,Big-1,worker_79,True,unit_192,1.0,2020-06-04 15:17:15,0.0,start,False,standard,76.5,1.0,2.0,southern_border,mcq,Should the U.S. build a wall along the southern border?,0:::1:::2,Agree:::Disagree:::No opinion either way,0.0,Agree,2020-06-04 15:17:15
Soprano et al,Big-1,worker_79,True,unit_192,1.0,2020-06-04 15:17:15,0.0,start,False,standard,76.5,1.0,3.0,consideration,mcq,"In politics today, do you consider yourself a",0:::1:::2:::3,Republican:::Democrat:::Independent:::Something else,0.0,Republican,2020-06-04 15:17:15
Soprano et al,Big-1,worker_79,True,unit_192,1.0,2020-06-04 15:17:15,0.0,start,False,standard,76.5,1.0,4.0,political_views,mcq,"In general, would you describe your political views as",0:::1:::2:::3:::4,Very conservative:::Conservative:::Moderate:::Liberal:::Very liberal,0.0,Very conservative,2020-06-04 15:17:15
Soprano et al,Big-1,worker_79,True,unit_192,1.0,2020-06-04 15:17:15,0.0,start,False,standard,76.5,1.0,5.0,school,mcq,What is the highest level of school you have completed or the highest degree you have received?,0:::1:::2:::3:::4:::5,"High school incomplete or less:::High school graduate or GED (includes technical/vocational training that doesn’t towards college credit):::Some college (some community college, associate’s degree):::Four year college degree/bachelor’s degree:::Some postgraduate or professional schooling, no postgraduate degree:::Postgraduate or professional degree, including master’s, doctorate, medical or law degree",3.0,Four year college degree/bachelor’s degree,2020-06-04 15:17:15
Soprano et al,Big-1,worker_79,True,unit_192,1.0,2020-06-04 15:17:15,0.0,start,False,standard,76.5,1.0,5.0,age,mcq,What is your age range?,0:::1:::2:::3:::4:::5,0-18:::19-25:::26-35:::36-50:::50-80:::80,2.0,26-35,2020-06-04 15:17:15
Soprano et al,Big-1,worker_79,True,unit_192,1.0,2020-06-04 15:19:40,0.0,start,False,crt,15.83,1.0,0.0,athletics,number,,,,5.0,,2020-06-04 15:19:40
Soprano et al,Big-1,worker_79,True,unit_192,1.0,2020-06-04 15:17:15,0.0,start,False,standard,76.5,1.0,8.0,taxes,mcq,"Last year what was your total family income from all sources, before taxes?",0:::1:::2:::3:::4:::5:::6:::7:::8,"Less than 10,000:::10,000 to less than 20,000:::20,000 to less than 30,000:::30,000 to less than 40,000:::40,000 to less than 50,000:::50,000 to less than 75,000:::75,000 to less than 100,000:::100,000 to less than 150,000:::150,000 or more",5.0,"50,000 to less than 75,000",2020-06-04 15:17:15
Soprano et al,Big-1,worker_170,True,unit_26,1.0,2020-06-04 15:32:07,0.0,start,False,standard,76.26,1.0,5.0,school,mcq,What is the highest level of school you have completed or the highest degree you have received?,0:::1:::2:::3:::4:::5,"High school incomplete or less:::High school graduate or GED (includes technical/vocational training that doesn’t towards college credit):::Some college (some community college, associate’s degree):::Four year college degree/bachelor’s degree:::Some postgraduate or professional schooling, no postgraduate degree:::Postgraduate or professional degree, including master’s, doctorate, medical or law degree",3.0,Four year college degree/bachelor’s degree,2020-06-04 15:32:07
Soprano et al,Big-1,worker_170,True,unit_26,1.0,2020-06-04 15:38:21,0.0,start,False,crt,125.93,1.0,0.0,athletics,number,,,,5.0,,2020-06-04 15:38:21
Soprano et al,Big-1,worker_170,True,unit_26,1.0,2020-06-04 15:36:15,0.0,start,False,crt,69.13,1.0,0.0,marks,number,,,,10.0,,2020-06-04 15:36:15
Soprano et al,Big-1,worker_170,True,unit_26,1.0,2020-06-04 15:35:06,0.0,start,False,crt,179.42,1.0,0.0,farmers,number,,,,9.0,,2020-06-04 15:35:06
Soprano et al,Big-1,worker_170,True,unit_26,1.0,2020-06-04 15:32:07,0.0,start,False,standard,76.26,1.0,8.0,taxes,mcq,"Last year what was your total family income from all sources, before taxes?",0:::1:::2:::3:::4:::5:::6:::7:::8,"Less than 10,000:::10,000 to less than 20,000:::20,000 to less than 30,000:::30,000 to less than 40,000:::40,000 to less than 50,000:::50,000 to less than 75,000:::75,000 to less than 100,000:::100,000 to less than 150,000:::150,000 or more",3.0,"30,000 to less than 40,000",2020-06-04 15:32:07
Soprano et al,Big-1,worker_170,True,unit_26,1.0,2020-06-04 15:32:07,0.0,start,False,standard,76.26,1.0,2.0,southern_border,mcq,Should the U.S. build a wall along the southern border?,0:::1:::2,Agree:::Disagree:::No opinion either way,2.0,No opinion either way,2020-06-04 15:32:07
Soprano et al,Big-1,worker_170,True,unit_26,1.0,2020-06-04 15:32:07,0.0,start,False,standard,76.26,1.0,3.0,consideration,mcq,"In politics today, do you consider yourself a",0:::1:::2:::3,Republican:::Democrat:::Independent:::Something else,1.0,Democrat,2020-06-04 15:32:07
Soprano et al,Big-1,worker_170,True,unit_26,1.0,2020-06-04 15:32:07,0.0,start,False,standard,76.26,1.0,4.0,political_views,mcq,"In general, would you describe your political views as",0:::1:::2:::3:::4,Very conservative:::Conservative:::Moderate:::Liberal:::Very liberal,3.0,Liberal,2020-06-04 15:32:07
Soprano et al,Big-1,worker_170,True,unit_26,1.0,2020-06-04 15:32:07,0.0,start,False,standard,76.26,1.0,2.0,environment,mcq,Should the government increase environmental regulations to prevent climate change?,0:::1:::2,Agree:::Disagree:::No opinion either way,0.0,Agree,2020-06-04 15:32:07
Soprano et al,Big-1,worker_170,True,unit_26,1.0,2020-06-04 15:32:07,0.0,start,False,standard,76.26,1.0,5.0,age,mcq,What is your age range?,0:::1:::2:::3:::4:::5,0-18:::19-25:::26-35:::36-50:::50-80:::80,1.0,19-25,2020-06-04 15:32:07
Soprano et al,Big-1,worker_83,True,unit_54,1.0,2020-06-04 15:36:17,0.0,start,False,standard,24.24,1.0,5.0,school,mcq,What is the highest level of school you have completed or the highest degree you have received?,0:::1:::2:::3:::4:::5,"High school incomplete or less:::High school graduate or GED (includes technical/vocational training that doesn’t towards college credit):::Some college (some community college, associate’s degree):::Four year college degree/bachelor’s degree:::Some postgraduate or professional schooling, no postgraduate degree:::Postgraduate or professional degree, including master’s, doctorate, medical or law degree",2.0,"Some college (some community college, associate’s degree)",2020-06-04 15:36:17
Soprano et al,Big-1,worker_83,True,unit_54,1.0,2020-06-04 15:36:17,0.0,start,False,standard,24.24,1.0,5.0,age,mcq,What is your age range?,0:::1:::2:::3:::4:::5,0-18:::19-25:::26-35:::36-50:::50-80:::80,3.0,36-50,2020-06-04 15:36:17
Soprano et al,Big-1,worker_83,True,unit_54,1.0,2020-06-04 15:36:17,0.0,start,False,standard,24.24,1.0,8.0,taxes,mcq,"Last year what was your total family income from all sources, before taxes?",0:::1:::2:::3:::4:::5:::6:::7:::8,"Less than 10,000:::10,000 to less than 20,000:::20,000 to less than 30,000:::30,000 to less than 40,000:::40,000 to less than 50,000:::50,000 to less than 75,000:::75,000 to less than 100,000:::100,000 to less than 150,000:::150,000 or more",2.0,"20,000 to less than 30,000",2020-06-04 15:36:17
Soprano et al,Big-1,worker_83,True,unit_54,1.0,2020-06-04 15:36:17,0.0,start,False,standard,24.24,1.0,4.0,political_views,mcq,"In general, would you describe your political views as",0:::1:::2:::3:::4,Very conservative:::Conservative:::Moderate:::Liberal:::Very liberal,3.0,Liberal,2020-06-04 15:36:17
Soprano et al,Big-1,worker_83,True,unit_54,1.0,2020-06-04 15:36:17,0.0,start,False,standard,24.24,1.0,3.0,consideration,mcq,"In politics today, do you consider yourself a",0:::1:::2:::3,Republican:::Democrat:::Independent:::Something else,1.0,Democrat,2020-06-04 15:36:17
Soprano et al,Big-1,worker_83,True,unit_54,1.0,2020-06-04 15:36:17,0.0,start,False,standard,24.24,1.0,2.0,southern_border,mcq,Should the U.S. build a wall along the southern border?,0:::1:::2,Agree:::Disagree:::No opinion either way,1.0,Disagree,2020-06-04 15:36:17
Soprano et al,Big-1,worker_83,True,unit_54,1.0,2020-06-04 15:36:17,0.0,start,False,standard,24.24,1.0,2.0,environment,mcq,Should the government increase environmental regulations to prevent climate change?,0:::1:::2,Agree:::Disagree:::No opinion either way,0.0,Agree,2020-06-04 15:36:17
Soprano et al,Big-1,worker_83,True,unit_54,1.0,2020-06-04 15:36:39,0.0,start,False,crt,10.66,1.0,0.0,marks,number,,,,23.0,,2020-06-04 15:36:39
Soprano et al,Big-1,worker_83,True,unit_54,1.0,2020-06-04 15:36:58,0.0,start,False,crt,19.57,1.0,0.0,athletics,number,,,,8.0,,2020-06-04 15:36:58
Soprano et al,Big-1,worker_83,True,unit_54,1.0,2020-06-04 15:36:28,0.0,start,False,crt,11.18,1.0,0.0,farmers,number,,,,3.0,,2020-06-04 15:36:28
Soprano et al,Big-1,worker_88,True,unit_126,1.0,2020-06-04 15:58:43,0.0,start,False,crt,17.51,1.0,0.0,marks,number,,,,5.0,,2020-06-04 15:58:43
Soprano et al,Big-1,worker_88,True,unit_126,1.0,2020-06-04 15:57:12,0.0,start,False,standard,92.74,1.0,5.0,school,mcq,What is the highest level of school you have completed or the highest degree you have received?,0:::1:::2:::3:::4:::5,"High school incomplete or less:::High school graduate or GED (includes technical/vocational training that doesn’t towards college credit):::Some college (some community college, associate’s degree):::Four year college degree/bachelor’s degree:::Some postgraduate or professional schooling, no postgraduate degree:::Postgraduate or professional degree, including master’s, doctorate, medical or law degree",3.0,Four year college degree/bachelor’s degree,2020-06-04 15:57:12
Soprano et al,Big-1,worker_88,True,unit_126,1.0,2020-06-04 15:57:12,0.0,start,False,standard,92.74,1.0,5.0,age,mcq,What is your age range?,0:::1:::2:::3:::4:::5,0-18:::19-25:::26-35:::36-50:::50-80:::80,2.0,26-35,2020-06-04 15:57:12
Soprano et al,Big-1,worker_88,True,unit_126,1.0,2020-06-04 15:57:12,0.0,start,False,standard,92.74,1.0,8.0,taxes,mcq,"Last year what was your total family income from all sources, before taxes?",0:::1:::2:::3:::4:::5:::6:::7:::8,"Less than 10,000:::10,000 to less than 20,000:::20,000 to less than 30,000:::30,000 to less than 40,000:::40,000 to less than 50,000:::50,000 to less than 75,000:::75,000 to less than 100,000:::100,000 to less than 150,000:::150,000 or more",3.0,"30,000 to less than 40,000",2020-06-04 15:57:12
Soprano et al,Big-1,worker_88,True,unit_126,1.0,2020-06-04 15:57:12,0.0,start,False,standard,92.74,1.0,4.0,political_views,mcq,"In general, would you describe your political views as",0:::1:::2:::3:::4,Very conservative:::Conservative:::Moderate:::Liberal:::Very liberal,1.0,Conservative,2020-06-04 15:57:12
Soprano et al,Big-1,worker_88,True,unit_126,1.0,2020-06-04 15:59:01,0.0,start,False,crt,17.9,1.0,0.0,athletics,number,,,,3.0,,2020-06-04 15:59:01
Soprano et al,Big-1,worker_88,True,unit_126,1.0,2020-06-04 15:57:12,0.0,start,False,standard,92.74,1.0,2.0,southern_border,mcq,Should the U.S. build a wall along the southern border?,0:::1:::2,Agree:::Disagree:::No opinion either way,0.0,Agree,2020-06-04 15:57:12
Soprano et al,Big-1,worker_88,True,unit_126,1.0,2020-06-04 15:57:12,0.0,start,False,standard,92.74,1.0,2.0,environment,mcq,Should the government increase environmental regulations to prevent climate change?,0:::1:::2,Agree:::Disagree:::No opinion either way,0.0,Agree,2020-06-04 15:57:12
Soprano et al,Big-1,worker_88,True,unit_126,1.0,2020-06-04 15:58:26,0.0,start,False,crt,73.75,1.0,0.0,farmers,number,,,,4.0,,2020-06-04 15:58:26
Soprano et al,Big-1,worker_88,True,unit_126,1.0,2020-06-04 15:57:12,0.0,start,False,standard,92.74,1.0,3.0,consideration,mcq,"In politics today, do you consider yourself a",0:::1:::2:::3,Republican:::Democrat:::Independent:::Something else,0.0,Republican,2020-06-04 15:57:12
Soprano et al,Big-1,worker_80,True,unit_106,1.0,2020-06-04 15:57:12,0.0,start,False,standard,27.84,1.0,5.0,age,mcq,What is your age range?,0:::1:::2:::3:::4:::5,0-18:::19-25:::26-35:::36-50:::50-80:::80,2.0,26-35,2020-06-04 15:57:12
Soprano et al,Big-1,worker_80,True,unit_106,1.0,2020-06-04 15:57:12,0.0,start,False,standard,27.84,1.0,3.0,consideration,mcq,"In politics today, do you consider yourself a",0:::1:::2:::3,Republican:::Democrat:::Independent:::Something else,1.0,Democrat,2020-06-04 15:57:12
Soprano et al,Big-1,worker_80,True,unit_106,1.0,2020-06-04 15:58:14,0.0,start,False,crt,11.39,1.0,0.0,marks,number,,,,10.0,,2020-06-04 15:58:14
Soprano et al,Big-1,worker_80,True,unit_106,1.0,2020-06-04 15:58:53,0.0,start,False,crt,38.18,1.0,0.0,athletics,number,,,,4.0,,2020-06-04 15:58:53
Soprano et al,Big-1,worker_80,True,unit_106,1.0,2020-06-04 15:58:03,0.0,start,False,crt,50.68,1.0,0.0,farmers,number,,,,9.0,,2020-06-04 15:58:03
Soprano et al,Big-1,worker_80,True,unit_106,1.0,2020-06-04 15:57:12,0.0,start,False,standard,27.84,1.0,5.0,school,mcq,What is the highest level of school you have completed or the highest degree you have received?,0:::1:::2:::3:::4:::5,"High school incomplete or less:::High school graduate or GED (includes technical/vocational training that doesn’t towards college credit):::Some college (some community college, associate’s degree):::Four year college degree/bachelor’s degree:::Some postgraduate or professional schooling, no postgraduate degree:::Postgraduate or professional degree, including master’s, doctorate, medical or law degree",1.0,High school graduate or GED (includes technical/vocational training that doesn’t towards college credit),2020-06-04 15:57:12
Soprano et al,Big-1,worker_80,True,unit_106,1.0,2020-06-04 15:57:12,0.0,start,False,standard,27.84,1.0,2.0,environment,mcq,Should the government increase environmental regulations to prevent climate change?,0:::1:::2,Agree:::Disagree:::No opinion either way,0.0,Agree,2020-06-04 15:57:12
Soprano et al,Big-1,worker_80,True,unit_106,1.0,2020-06-04 15:57:12,0.0,start,False,standard,27.84,1.0,2.0,southern_border,mcq,Should the U.S. build a wall along the southern border?,0:::1:::2,Agree:::Disagree:::No opinion either way,1.0,Disagree,2020-06-04 15:57:12
Soprano et al,Big-1,worker_80,True,unit_106,1.0,2020-06-04 15:57:12,0.0,start,False,standard,27.84,1.0,4.0,political_views,mcq,"In general, would you describe your political views as",0:::1:::2:::3:::4,Very conservative:::Conservative:::Moderate:::Liberal:::Very liberal,4.0,Very liberal,2020-06-04 15:57:12
Soprano et al,Big-1,worker_80,True,unit_106,1.0,2020-06-04 15:57:12,0.0,start,False,standard,27.84,1.0,8.0,taxes,mcq,"Last year what was your total family income from all sources, before taxes?",0:::1:::2:::3:::4:::5:::6:::7:::8,"Less than 10,000:::10,000 to less than 20,000:::20,000 to less than 30,000:::30,000 to less than 40,000:::40,000 to less than 50,000:::50,000 to less than 75,000:::75,000 to less than 100,000:::100,000 to less than 150,000:::150,000 or more",7.0,"100,000 to less than 150,000",2020-06-04 15:57:12
Soprano et al,Big-1,worker_141,True,unit_124,1.0,2020-06-04 16:06:00,0.0,start,False,standard,46.1,1.0,8.0,taxes,mcq,"Last year what was your total family income from all sources, before taxes?",0:::1:::2:::3:::4:::5:::6:::7:::8,"Less than 10,000:::10,000 to less than 20,000:::20,000 to less than 30,000:::30,000 to less than 40,000:::40,000 to less than 50,000:::50,000 to less than 75,000:::75,000 to less than 100,000:::100,000 to less than 150,000:::150,000 or more",1.0,"10,000 to less than 20,000",2020-06-04 16:06:00
Soprano et al,Big-1,worker_141,True,unit_124,1.0,2020-06-04 16:06:00,0.0,start,False,standard,46.1,1.0,4.0,political_views,mcq,"In general, would you describe your political views as",0:::1:::2:::3:::4,Very conservative:::Conservative:::Moderate:::Liberal:::Very liberal,3.0,Liberal,2020-06-04 16:06:00
Soprano et al,Big-1,worker_141,True,unit_124,1.0,2020-06-04 16:06:00,0.0,start,False,standard,46.1,1.0,2.0,southern_border,mcq,Should the U.S. build a wall along the southern border?,0:::1:::2,Agree:::Disagree:::No opinion either way,1.0,Disagree,2020-06-04 16:06:00
Soprano et al,Big-1,worker_141,True,unit_124,1.0,2020-06-04 16:06:00,0.0,start,False,standard,46.1,1.0,2.0,environment,mcq,Should the government increase environmental regulations to prevent climate change?,0:::1:::2,Agree:::Disagree:::No opinion either way,0.0,Agree,2020-06-04 16:06:00
Soprano et al,Big-1,worker_141,True,unit_124,1.0,2020-06-04 16:06:33,0.0,start,False,crt,33.43,1.0,0.0,farmers,number,,,,9.0,,2020-06-04 16:06:33
Soprano et al,Big-1,worker_141,True,unit_124,1.0,2020-06-04 16:06:51,0.0,start,False,crt,17.74,1.0,0.0,marks,number,,,,10.0,,2020-06-04 16:06:51
Soprano et al,Big-1,worker_141,True,unit_124,1.0,2020-06-04 16:07:08,0.0,start,False,crt,17.64,1.0,0.0,athletics,number,,,,16.0,,2020-06-04 16:07:08
Soprano et al,Big-1,worker_141,True,unit_124,1.0,2020-06-04 16:06:00,0.0,start,False,standard,46.1,1.0,5.0,age,mcq,What is your age range?,0:::1:::2:::3:::4:::5,0-18:::19-25:::26-35:::36-50:::50-80:::80,2.0,26-35,2020-06-04 16:06:00
Soprano et al,Big-1,worker_141,True,unit_124,1.0,2020-06-04 16:06:00,0.0,start,False,standard,46.1,1.0,5.0,school,mcq,What is the highest level of school you have completed or the highest degree you have received?,0:::1:::2:::3:::4:::5,"High school incomplete or less:::High school graduate or GED (includes technical/vocational training that doesn’t towards college credit):::Some college (some community college, associate’s degree):::Four year college degree/bachelor’s degree:::Some postgraduate or professional schooling, no postgraduate degree:::Postgraduate or professional degree, including master’s, doctorate, medical or law degree",2.0,"Some college (some community college, associate’s degree)",2020-06-04 16:06:00
Soprano et al,Big-1,worker_141,True,unit_124,1.0,2020-06-04 16:06:00,0.0,start,False,standard,46.1,1.0,3.0,consideration,mcq,"In politics today, do you consider yourself a",0:::1:::2:::3,Republican:::Democrat:::Independent:::Something else,1.0,Democrat,2020-06-04 16:06:00
Soprano et al,Big-1,worker_171,True,unit_36,1.0,2020-06-04 16:17:48,0.0,start,False,standard,55.39,1.0,2.0,southern_border,mcq,Should the U.S. build a wall along the southern border?,0:::1:::2,Agree:::Disagree:::No opinion either way,2.0,No opinion either way,2020-06-04 16:17:48
Soprano et al,Big-1,worker_171,True,unit_36,1.0,2020-06-04 16:17:48,0.0,start,False,standard,55.39,1.0,2.0,environment,mcq,Should the government increase environmental regulations to prevent climate change?,0:::1:::2,Agree:::Disagree:::No opinion either way,0.0,Agree,2020-06-04 16:17:48
Soprano et al,Big-1,worker_171,True,unit_36,1.0,2020-06-04 16:17:48,0.0,start,False,standard,55.39,1.0,3.0,consideration,mcq,"In politics today, do you consider yourself a",0:::1:::2:::3,Republican:::Democrat:::Independent:::Something else,1.0,Democrat,2020-06-04 16:17:48
Soprano et al,Big-1,worker_171,True,unit_36,1.0,2020-06-04 16:18:30,0.0,start,False,crt,42.55,1.0,0.0,farmers,number,,,,9.0,,2020-06-04 16:18:30
Soprano et al,Big-1,worker_171,True,unit_36,1.0,2020-06-04 16:17:48,0.0,start,False,standard,55.39,1.0,5.0,school,mcq,What is the highest level of school you have completed or the highest degree you have received?,0:::1:::2:::3:::4:::5,"High school incomplete or less:::High school graduate or GED (includes technical/vocational training that doesn’t towards college credit):::Some college (some community college, associate’s degree):::Four year college degree/bachelor’s degree:::Some postgraduate or professional schooling, no postgraduate degree:::Postgraduate or professional degree, including master’s, doctorate, medical or law degree",3.0,Four year college degree/bachelor’s degree,2020-06-04 16:17:48
Soprano et al,Big-1,worker_171,True,unit_36,1.0,2020-06-04 16:20:22,0.0,start,False,crt,37.75,1.0,0.0,athletics,number,,,,80.0,,2020-06-04 16:20:22
Soprano et al,Big-1,worker_171,True,unit_36,1.0,2020-06-04 16:17:48,0.0,start,False,standard,55.39,1.0,5.0,age,mcq,What is your age range?,0:::1:::2:::3:::4:::5,0-18:::19-25:::26-35:::36-50:::50-80:::80,3.0,36-50,2020-06-04 16:17:48
Soprano et al,Big-1,worker_171,True,unit_36,1.0,2020-06-04 16:19:44,0.0,start,False,crt,73.5,1.0,0.0,marks,number,,,,10.0,,2020-06-04 16:19:44
Soprano et al,Big-1,worker_171,True,unit_36,1.0,2020-06-04 16:17:48,0.0,start,False,standard,55.39,1.0,8.0,taxes,mcq,"Last year what was your total family income from all sources, before taxes?",0:::1:::2:::3:::4:::5:::6:::7:::8,"Less than 10,000:::10,000 to less than 20,000:::20,000 to less than 30,000:::30,000 to less than 40,000:::40,000 to less than 50,000:::50,000 to less than 75,000:::75,000 to less than 100,000:::100,000 to less than 150,000:::150,000 or more",5.0,"50,000 to less than 75,000",2020-06-04 16:17:48
Soprano et al,Big-1,worker_171,True,unit_36,1.0,2020-06-04 16:17:48,0.0,start,False,standard,55.39,1.0,4.0,political_views,mcq,"In general, would you describe your political views as",0:::1:::2:::3:::4,Very conservative:::Conservative:::Moderate:::Liberal:::Very liberal,2.0,Moderate,2020-06-04 16:17:48
Soprano et al,Big-1,worker_51,True,unit_136,1.0,2020-06-04 16:23:31,0.0,start,False,standard,20.62,1.0,5.0,school,mcq,What is the highest level of school you have completed or the highest degree you have received?,0:::1:::2:::3:::4:::5,"High school incomplete or less:::High school graduate or GED (includes technical/vocational training that doesn’t towards college credit):::Some college (some community college, associate’s degree):::Four year college degree/bachelor’s degree:::Some postgraduate or professional schooling, no postgraduate degree:::Postgraduate or professional degree, including master’s, doctorate, medical or law degree",5.0,"Postgraduate or professional degree, including master’s, doctorate, medical or law degree",2020-06-04 16:23:31
Soprano et al,Big-1,worker_51,True,unit_136,1.0,2020-06-04 16:23:31,0.0,start,False,standard,20.62,1.0,5.0,age,mcq,What is your age range?,0:::1:::2:::3:::4:::5,0-18:::19-25:::26-35:::36-50:::50-80:::80,2.0,26-35,2020-06-04 16:23:31
Soprano et al,Big-1,worker_51,True,unit_136,1.0,2020-06-04 16:24:19,0.0,start,False,crt,17.74,1.0,0.0,athletics,number,,,,4.0,,2020-06-04 16:24:19
Soprano et al,Big-1,worker_51,True,unit_136,1.0,2020-06-04 16:24:01,0.0,start,False,crt,11.86,1.0,0.0,marks,number,,,,10.0,,2020-06-04 16:24:01
Soprano et al,Big-1,worker_51,True,unit_136,1.0,2020-06-04 16:23:49,0.0,start,False,crt,18.15,1.0,0.0,farmers,number,,,,3.0,,2020-06-04 16:23:49
Soprano et al,Big-1,worker_51,True,unit_136,1.0,2020-06-04 16:23:31,0.0,start,False,standard,20.62,1.0,2.0,southern_border,mcq,Should the U.S. build a wall along the southern border?,0:::1:::2,Agree:::Disagree:::No opinion either way,1.0,Disagree,2020-06-04 16:23:31
Soprano et al,Big-1,worker_51,True,unit_136,1.0,2020-06-04 16:23:31,0.0,start,False,standard,20.62,1.0,3.0,consideration,mcq,"In politics today, do you consider yourself a",0:::1:::2:::3,Republican:::Democrat:::Independent:::Something else,2.0,Independent,2020-06-04 16:23:31
Soprano et al,Big-1,worker_51,True,unit_136,1.0,2020-06-04 16:23:31,0.0,start,False,standard,20.62,1.0,2.0,environment,mcq,Should the government increase environmental regulations to prevent climate change?,0:::1:::2,Agree:::Disagree:::No opinion either way,0.0,Agree,2020-06-04 16:23:31
Soprano et al,Big-1,worker_51,True,unit_136,1.0,2020-06-04 16:23:31,0.0,start,False,standard,20.62,1.0,4.0,political_views,mcq,"In general, would you describe your political views as",0:::1:::2:::3:::4,Very conservative:::Conservative:::Moderate:::Liberal:::Very liberal,4.0,Very liberal,2020-06-04 16:23:31
Soprano et al,Big-1,worker_51,True,unit_136,1.0,2020-06-04 16:23:31,0.0,start,False,standard,20.62,1.0,8.0,taxes,mcq,"Last year what was your total family income from all sources, before taxes?",0:::1:::2:::3:::4:::5:::6:::7:::8,"Less than 10,000:::10,000 to less than 20,000:::20,000 to less than 30,000:::30,000 to less than 40,000:::40,000 to less than 50,000:::50,000 to less than 75,000:::75,000 to less than 100,000:::100,000 to less than 150,000:::150,000 or more",5.0,"50,000 to less than 75,000",2020-06-04 16:23:31
Soprano et al,Big-1,worker_149,True,unit_12,1.0,2020-06-04 16:26:40,0.0,start,False,standard,26.02,1.0,8.0,taxes,mcq,"Last year what was your total family income from all sources, before taxes?",0:::1:::2:::3:::4:::5:::6:::7:::8,"Less than 10,000:::10,000 to less than 20,000:::20,000 to less than 30,000:::30,000 to less than 40,000:::40,000 to less than 50,000:::50,000 to less than 75,000:::75,000 to less than 100,000:::100,000 to less than 150,000:::150,000 or more",1.0,"10,000 to less than 20,000",2020-06-04 16:26:40
Soprano et al,Big-1,worker_149,True,unit_12,1.0,2020-06-04 16:26:40,0.0,start,False,standard,26.02,1.0,2.0,southern_border,mcq,Should the U.S. build a wall along the southern border?,0:::1:::2,Agree:::Disagree:::No opinion either way,1.0,Disagree,2020-06-04 16:26:40
Soprano et al,Big-1,worker_149,True,unit_12,1.0,2020-06-04 16:26:40,0.0,start,False,standard,26.02,1.0,2.0,environment,mcq,Should the government increase environmental regulations to prevent climate change?,0:::1:::2,Agree:::Disagree:::No opinion either way,0.0,Agree,2020-06-04 16:26:40
Soprano et al,Big-1,worker_149,True,unit_12,1.0,2020-06-04 16:27:39,0.0,start,False,crt,59.57,1.0,0.0,farmers,number,,,,27.0,,2020-06-04 16:27:39
Soprano et al,Big-1,worker_149,True,unit_12,1.0,2020-06-04 16:27:44,0.0,start,False,crt,5.03,1.0,0.0,marks,number,,,,5.0,,2020-06-04 16:27:44
Soprano et al,Big-1,worker_149,True,unit_12,1.0,2020-06-04 16:27:58,0.0,start,False,crt,13.64,1.0,0.0,athletics,number,,,,3.0,,2020-06-04 16:27:58
Soprano et al,Big-1,worker_149,True,unit_12,1.0,2020-06-04 16:26:40,0.0,start,False,standard,26.02,1.0,5.0,age,mcq,What is your age range?,0:::1:::2:::3:::4:::5,0-18:::19-25:::26-35:::36-50:::50-80:::80,3.0,36-50,2020-06-04 16:26:40
Soprano et al,Big-1,worker_149,True,unit_12,1.0,2020-06-04 16:26:40,0.0,start,False,standard,26.02,1.0,4.0,political_views,mcq,"In general, would you describe your political views as",0:::1:::2:::3:::4,Very conservative:::Conservative:::Moderate:::Liberal:::Very liberal,3.0,Liberal,2020-06-04 16:26:40
Soprano et al,Big-1,worker_149,True,unit_12,1.0,2020-06-04 16:26:40,0.0,start,False,standard,26.02,1.0,5.0,school,mcq,What is the highest level of school you have completed or the highest degree you have received?,0:::1:::2:::3:::4:::5,"High school incomplete or less:::High school graduate or GED (includes technical/vocational training that doesn’t towards college credit):::Some college (some community college, associate’s degree):::Four year college degree/bachelor’s degree:::Some postgraduate or professional schooling, no postgraduate degree:::Postgraduate or professional degree, including master’s, doctorate, medical or law degree",3.0,Four year college degree/bachelor’s degree,2020-06-04 16:26:40
Soprano et al,Big-1,worker_149,True,unit_12,1.0,2020-06-04 16:26:40,0.0,start,False,standard,26.02,1.0,3.0,consideration,mcq,"In politics today, do you consider yourself a",0:::1:::2:::3,Republican:::Democrat:::Independent:::Something else,2.0,Independent,2020-06-04 16:26:40
Soprano et al,Big-1,worker_29,True,unit_58,1.0,2020-06-04 16:30:42,0.0,start,False,standard,65.21,1.0,5.0,school,mcq,What is the highest level of school you have completed or the highest degree you have received?,0:::1:::2:::3:::4:::5,"High school incomplete or less:::High school graduate or GED (includes technical/vocational training that doesn’t towards college credit):::Some college (some community college, associate’s degree):::Four year college degree/bachelor’s degree:::Some postgraduate or professional schooling, no postgraduate degree:::Postgraduate or professional degree, including master’s, doctorate, medical or law degree",3.0,Four year college degree/bachelor’s degree,2020-06-04 16:30:42
Soprano et al,Big-1,worker_29,True,unit_58,1.0,2020-06-04 16:30:42,0.0,start,False,standard,65.21,1.0,5.0,age,mcq,What is your age range?,0:::1:::2:::3:::4:::5,0-18:::19-25:::26-35:::36-50:::50-80:::80,2.0,26-35,2020-06-04 16:30:42
Soprano et al,Big-1,worker_29,True,unit_58,1.0,2020-06-04 16:30:42,0.0,start,False,standard,65.21,1.0,8.0,taxes,mcq,"Last year what was your total family income from all sources, before taxes?",0:::1:::2:::3:::4:::5:::6:::7:::8,"Less than 10,000:::10,000 to less than 20,000:::20,000 to less than 30,000:::30,000 to less than 40,000:::40,000 to less than 50,000:::50,000 to less than 75,000:::75,000 to less than 100,000:::100,000 to less than 150,000:::150,000 or more",6.0,"75,000 to less than 100,000",2020-06-04 16:30:42
Soprano et al,Big-1,worker_29,True,unit_58,1.0,2020-06-04 16:30:42,0.0,start,False,standard,65.21,1.0,4.0,political_views,mcq,"In general, would you describe your political views as",0:::1:::2:::3:::4,Very conservative:::Conservative:::Moderate:::Liberal:::Very liberal,1.0,Conservative,2020-06-04 16:30:42
Soprano et al,Big-1,worker_29,True,unit_58,1.0,2020-06-04 16:30:42,0.0,start,False,standard,65.21,1.0,3.0,consideration,mcq,"In politics today, do you consider yourself a",0:::1:::2:::3,Republican:::Democrat:::Independent:::Something else,0.0,Republican,2020-06-04 16:30:42
Soprano et al,Big-1,worker_29,True,unit_58,1.0,2020-06-04 16:30:42,0.0,start,False,standard,65.21,1.0,2.0,southern_border,mcq,Should the U.S. build a wall along the southern border?,0:::1:::2,Agree:::Disagree:::No opinion either way,1.0,Disagree,2020-06-04 16:30:42
Soprano et al,Big-1,worker_29,True,unit_58,1.0,2020-06-04 16:30:42,0.0,start,False,standard,65.21,1.0,2.0,environment,mcq,Should the government increase environmental regulations to prevent climate change?,0:::1:::2,Agree:::Disagree:::No opinion either way,1.0,Disagree,2020-06-04 16:30:42
Soprano et al,Big-1,worker_29,True,unit_58,1.0,2020-06-04 16:32:09,0.0,start,False,crt,40.59,1.0,0.0,athletics,number,,,,4.0,,2020-06-04 16:32:09
Soprano et al,Big-1,worker_29,True,unit_58,1.0,2020-06-04 16:31:05,0.0,start,False,crt,23.75,1.0,0.0,farmers,number,,,,3.0,,2020-06-04 16:31:05
Soprano et al,Big-1,worker_29,True,unit_58,1.0,2020-06-04 16:31:29,0.0,start,False,crt,23.37,1.0,0.0,marks,number,,,,10.0,,2020-06-04 16:31:29
Soprano et al,Big-1,worker_142,True,unit_164,1.0,2020-06-04 16:34:10,0.0,start,False,crt,39.07,1.0,0.0,marks,number,,,,5.0,,2020-06-04 16:34:10
Soprano et al,Big-1,worker_142,True,unit_164,1.0,2020-06-04 16:33:30,0.0,start,False,crt,58.7,1.0,0.0,farmers,number,,,,9.0,,2020-06-04 16:33:30
Soprano et al,Big-1,worker_142,True,unit_164,1.0,2020-06-04 16:32:32,0.0,start,False,standard,52.24,1.0,2.0,environment,mcq,Should the government increase environmental regulations to prevent climate change?,0:::1:::2,Agree:::Disagree:::No opinion either way,0.0,Agree,2020-06-04 16:32:32
Soprano et al,Big-1,worker_142,True,unit_164,1.0,2020-06-04 16:32:32,0.0,start,False,standard,52.24,1.0,2.0,southern_border,mcq,Should the U.S. build a wall along the southern border?,0:::1:::2,Agree:::Disagree:::No opinion either way,1.0,Disagree,2020-06-04 16:32:32
Soprano et al,Big-1,worker_142,True,unit_164,1.0,2020-06-04 16:32:32,0.0,start,False,standard,52.24,1.0,3.0,consideration,mcq,"In politics today, do you consider yourself a",0:::1:::2:::3,Republican:::Democrat:::Independent:::Something else,1.0,Democrat,2020-06-04 16:32:32
Soprano et al,Big-1,worker_142,True,unit_164,1.0,2020-06-04 16:32:32,0.0,start,False,standard,52.24,1.0,4.0,political_views,mcq,"In general, would you describe your political views as",0:::1:::2:::3:::4,Very conservative:::Conservative:::Moderate:::Liberal:::Very liberal,3.0,Liberal,2020-06-04 16:32:32
Soprano et al,Big-1,worker_142,True,unit_164,1.0,2020-06-04 16:32:32,0.0,start,False,standard,52.24,1.0,8.0,taxes,mcq,"Last year what was your total family income from all sources, before taxes?",0:::1:::2:::3:::4:::5:::6:::7:::8,"Less than 10,000:::10,000 to less than 20,000:::20,000 to less than 30,000:::30,000 to less than 40,000:::40,000 to less than 50,000:::50,000 to less than 75,000:::75,000 to less than 100,000:::100,000 to less than 150,000:::150,000 or more",5.0,"50,000 to less than 75,000",2020-06-04 16:32:32
Soprano et al,Big-1,worker_142,True,unit_164,1.0,2020-06-04 16:32:32,0.0,start,False,standard,52.24,1.0,5.0,school,mcq,What is the highest level of school you have completed or the highest degree you have received?,0:::1:::2:::3:::4:::5,"High school incomplete or less:::High school graduate or GED (includes technical/vocational training that doesn’t towards college credit):::Some college (some community college, associate’s degree):::Four year college degree/bachelor’s degree:::Some postgraduate or professional schooling, no postgraduate degree:::Postgraduate or professional degree, including master’s, doctorate, medical or law degree",3.0,Four year college degree/bachelor’s degree,2020-06-04 16:32:32
Soprano et al,Big-1,worker_142,True,unit_164,1.0,2020-06-04 16:32:32,0.0,start,False,standard,52.24,1.0,5.0,age,mcq,What is your age range?,0:::1:::2:::3:::4:::5,0-18:::19-25:::26-35:::36-50:::50-80:::80,2.0,26-35,2020-06-04 16:32:32
Soprano et al,Big-1,worker_142,True,unit_164,1.0,2020-06-04 16:35:08,0.0,start,False,crt,58.79,1.0,0.0,athletics,number,,,,20.0,,2020-06-04 16:35:08
Soprano et al,Big-1,worker_179,True,unit_134,1.0,2020-06-04 16:32:04,0.0,start,False,standard,12.3,1.0,3.0,consideration,mcq,"In politics today, do you consider yourself a",0:::1:::2:::3,Republican:::Democrat:::Independent:::Something else,2.0,Independent,2020-06-04 16:32:04
Soprano et al,Big-1,worker_179,True,unit_134,1.0,2020-06-04 16:33:38,0.0,start,False,crt,72.93,1.0,0.0,marks,number,,,,9.0,,2020-06-04 16:33:38
Soprano et al,Big-1,worker_179,True,unit_134,1.0,2020-06-04 16:32:04,0.0,start,False,standard,12.3,1.0,4.0,political_views,mcq,"In general, would you describe your political views as",0:::1:::2:::3:::4,Very conservative:::Conservative:::Moderate:::Liberal:::Very liberal,2.0,Moderate,2020-06-04 16:32:04
Soprano et al,Big-1,worker_179,True,unit_134,1.0,2020-06-04 16:32:04,0.0,start,False,standard,12.3,1.0,8.0,taxes,mcq,"Last year what was your total family income from all sources, before taxes?",0:::1:::2:::3:::4:::5:::6:::7:::8,"Less than 10,000:::10,000 to less than 20,000:::20,000 to less than 30,000:::30,000 to less than 40,000:::40,000 to less than 50,000:::50,000 to less than 75,000:::75,000 to less than 100,000:::100,000 to less than 150,000:::150,000 or more",7.0,"100,000 to less than 150,000",2020-06-04 16:32:04
Soprano et al,Big-1,worker_179,True,unit_134,1.0,2020-06-04 16:32:04,0.0,start,False,standard,12.3,1.0,5.0,school,mcq,What is the highest level of school you have completed or the highest degree you have received?,0:::1:::2:::3:::4:::5,"High school incomplete or less:::High school graduate or GED (includes technical/vocational training that doesn’t towards college credit):::Some college (some community college, associate’s degree):::Four year college degree/bachelor’s degree:::Some postgraduate or professional schooling, no postgraduate degree:::Postgraduate or professional degree, including master’s, doctorate, medical or law degree",5.0,"Postgraduate or professional degree, including master’s, doctorate, medical or law degree",2020-06-04 16:32:04
Soprano et al,Big-1,worker_179,True,unit_134,1.0,2020-06-04 16:32:04,0.0,start,False,standard,12.3,1.0,2.0,southern_border,mcq,Should the U.S. build a wall along the southern border?,0:::1:::2,Agree:::Disagree:::No opinion either way,1.0,Disagree,2020-06-04 16:32:04
Soprano et al,Big-1,worker_179,True,unit_134,1.0,2020-06-04 16:33:51,0.0,start,False,crt,13.23,1.0,0.0,athletics,number,,,,5.0,,2020-06-04 16:33:51
Soprano et al,Big-1,worker_179,True,unit_134,1.0,2020-06-04 16:32:25,0.0,start,False,crt,21.34,1.0,0.0,farmers,number,,,,9.0,,2020-06-04 16:32:25
Soprano et al,Big-1,worker_179,True,unit_134,1.0,2020-06-04 16:32:04,0.0,start,False,standard,12.3,1.0,5.0,age,mcq,What is your age range?,0:::1:::2:::3:::4:::5,0-18:::19-25:::26-35:::36-50:::50-80:::80,2.0,26-35,2020-06-04 16:32:04
Soprano et al,Big-1,worker_179,True,unit_134,1.0,2020-06-04 16:32:04,0.0,start,False,standard,12.3,1.0,2.0,environment,mcq,Should the government increase environmental regulations to prevent climate change?,0:::1:::2,Agree:::Disagree:::No opinion either way,0.0,Agree,2020-06-04 16:32:04
Soprano et al,Big-1,worker_98,True,unit_104,1.0,2020-06-04 16:36:24,0.0,start,False,standard,32.27,1.0,2.0,environment,mcq,Should the government increase environmental regulations to prevent climate change?,0:::1:::2,Agree:::Disagree:::No opinion either way,0.0,Agree,2020-06-04 16:36:24
Soprano et al,Big-1,worker_98,True,unit_104,1.0,2020-06-04 16:36:42,0.0,start,False,crt,18.45,1.0,0.0,farmers,number,,,,3.0,,2020-06-04 16:36:42
Soprano et al,Big-1,worker_98,True,unit_104,1.0,2020-06-04 16:36:24,0.0,start,False,standard,32.27,1.0,5.0,age,mcq,What is your age range?,0:::1:::2:::3:::4:::5,0-18:::19-25:::26-35:::36-50:::50-80:::80,1.0,19-25,2020-06-04 16:36:24
Soprano et al,Big-1,worker_98,True,unit_104,1.0,2020-06-04 16:36:24,0.0,start,False,standard,32.27,1.0,5.0,school,mcq,What is the highest level of school you have completed or the highest degree you have received?,0:::1:::2:::3:::4:::5,"High school incomplete or less:::High school graduate or GED (includes technical/vocational training that doesn’t towards college credit):::Some college (some community college, associate’s degree):::Four year college degree/bachelor’s degree:::Some postgraduate or professional schooling, no postgraduate degree:::Postgraduate or professional degree, including master’s, doctorate, medical or law degree",2.0,"Some college (some community college, associate’s degree)",2020-06-04 16:36:24
Soprano et al,Big-1,worker_98,True,unit_104,1.0,2020-06-04 16:36:24,0.0,start,False,standard,32.27,1.0,8.0,taxes,mcq,"Last year what was your total family income from all sources, before taxes?",0:::1:::2:::3:::4:::5:::6:::7:::8,"Less than 10,000:::10,000 to less than 20,000:::20,000 to less than 30,000:::30,000 to less than 40,000:::40,000 to less than 50,000:::50,000 to less than 75,000:::75,000 to less than 100,000:::100,000 to less than 150,000:::150,000 or more",2.0,"20,000 to less than 30,000",2020-06-04 16:36:24
Soprano et al,Big-1,worker_98,True,unit_104,1.0,2020-06-04 16:37:48,0.0,start,False,crt,50.72,1.0,0.0,athletics,number,,,,5.0,,2020-06-04 16:37:48
Soprano et al,Big-1,worker_98,True,unit_104,1.0,2020-06-04 16:36:58,0.0,start,False,crt,15.51,1.0,0.0,marks,number,,,,10.0,,2020-06-04 16:36:58
Soprano et al,Big-1,worker_98,True,unit_104,1.0,2020-06-04 16:36:24,0.0,start,False,standard,32.27,1.0,3.0,consideration,mcq,"In politics today, do you consider yourself a",0:::1:::2:::3,Republican:::Democrat:::Independent:::Something else,1.0,Democrat,2020-06-04 16:36:24
Soprano et al,Big-1,worker_98,True,unit_104,1.0,2020-06-04 16:36:24,0.0,start,False,standard,32.27,1.0,2.0,southern_border,mcq,Should the U.S. build a wall along the southern border?,0:::1:::2,Agree:::Disagree:::No opinion either way,1.0,Disagree,2020-06-04 16:36:24
Soprano et al,Big-1,worker_98,True,unit_104,1.0,2020-06-04 16:36:24,0.0,start,False,standard,32.27,1.0,4.0,political_views,mcq,"In general, would you describe your political views as",0:::1:::2:::3:::4,Very conservative:::Conservative:::Moderate:::Liberal:::Very liberal,4.0,Very liberal,2020-06-04 16:36:24
Soprano et al,Big-1,worker_42,True,unit_142,1.0,2020-06-04 16:46:19,0.0,start,False,crt,52.71,1.0,0.0,farmers,number,,,,9.0,,2020-06-04 16:46:19
Soprano et al,Big-1,worker_42,True,unit_142,1.0,2020-06-04 16:45:27,0.0,start,False,standard,95.25,1.0,2.0,environment,mcq,Should the government increase environmental regulations to prevent climate change?,0:::1:::2,Agree:::Disagree:::No opinion either way,0.0,Agree,2020-06-04 16:45:27
Soprano et al,Big-1,worker_42,True,unit_142,1.0,2020-06-04 16:45:27,0.0,start,False,standard,95.25,1.0,2.0,southern_border,mcq,Should the U.S. build a wall along the southern border?,0:::1:::2,Agree:::Disagree:::No opinion either way,2.0,No opinion either way,2020-06-04 16:45:27
Soprano et al,Big-1,worker_42,True,unit_142,1.0,2020-06-04 16:45:27,0.0,start,False,standard,95.25,1.0,3.0,consideration,mcq,"In politics today, do you consider yourself a",0:::1:::2:::3,Republican:::Democrat:::Independent:::Something else,0.0,Republican,2020-06-04 16:45:27
Soprano et al,Big-1,worker_42,True,unit_142,1.0,2020-06-04 16:45:27,0.0,start,False,standard,95.25,1.0,4.0,political_views,mcq,"In general, would you describe your political views as",0:::1:::2:::3:::4,Very conservative:::Conservative:::Moderate:::Liberal:::Very liberal,0.0,Very conservative,2020-06-04 16:45:27
Soprano et al,Big-1,worker_42,True,unit_142,1.0,2020-06-04 16:45:27,0.0,start,False,standard,95.25,1.0,8.0,taxes,mcq,"Last year what was your total family income from all sources, before taxes?",0:::1:::2:::3:::4:::5:::6:::7:::8,"Less than 10,000:::10,000 to less than 20,000:::20,000 to less than 30,000:::30,000 to less than 40,000:::40,000 to less than 50,000:::50,000 to less than 75,000:::75,000 to less than 100,000:::100,000 to less than 150,000:::150,000 or more",0.0,"Less than 10,000",2020-06-04 16:45:27
Soprano et al,Big-1,worker_42,True,unit_142,1.0,2020-06-04 16:45:27,0.0,start,False,standard,95.25,1.0,5.0,age,mcq,What is your age range?,0:::1:::2:::3:::4:::5,0-18:::19-25:::26-35:::36-50:::50-80:::80,4.0,50-80,2020-06-04 16:45:27
Soprano et al,Big-1,worker_42,True,unit_142,1.0,2020-06-04 16:45:27,0.0,start,False,standard,95.25,1.0,5.0,school,mcq,What is the highest level of school you have completed or the highest degree you have received?,0:::1:::2:::3:::4:::5,"High school incomplete or less:::High school graduate or GED (includes technical/vocational training that doesn’t towards college credit):::Some college (some community college, associate’s degree):::Four year college degree/bachelor’s degree:::Some postgraduate or professional schooling, no postgraduate degree:::Postgraduate or professional degree, including master’s, doctorate, medical or law degree",3.0,Four year college degree/bachelor’s degree,2020-06-04 16:45:27
Soprano et al,Big-1,worker_42,True,unit_142,1.0,2020-06-04 16:48:17,0.0,start,False,crt,117.8,1.0,0.0,marks,number,,,,5.0,,2020-06-04 16:48:17
Soprano et al,Big-1,worker_42,True,unit_142,1.0,2020-06-04 16:49:17,0.0,start,False,crt,59.56,1.0,0.0,athletics,number,,,,5.0,,2020-06-04 16:49:17
Soprano et al,Big-1,worker_174,True,unit_100,1.0,2020-06-04 16:48:29,0.0,start,False,crt,27.09,1.0,0.0,athletics,number,,,,4.0,,2020-06-04 16:48:29
Soprano et al,Big-1,worker_174,True,unit_100,1.0,2020-06-04 16:48:01,0.0,start,False,crt,37.0,1.0,0.0,marks,number,,,,11.0,,2020-06-04 16:48:01
Soprano et al,Big-1,worker_174,True,unit_100,1.0,2020-06-04 16:47:24,0.0,start,False,crt,14.09,1.0,0.0,farmers,number,,,,3.0,,2020-06-04 16:47:24
Soprano et al,Big-1,worker_174,True,unit_100,1.0,2020-06-04 16:47:10,0.0,start,False,standard,18.9,1.0,2.0,environment,mcq,Should the government increase environmental regulations to prevent climate change?,0:::1:::2,Agree:::Disagree:::No opinion either way,0.0,Agree,2020-06-04 16:47:10
Soprano et al,Big-1,worker_174,True,unit_100,1.0,2020-06-04 16:47:10,0.0,start,False,standard,18.9,1.0,3.0,consideration,mcq,"In politics today, do you consider yourself a",0:::1:::2:::3,Republican:::Democrat:::Independent:::Something else,1.0,Democrat,2020-06-04 16:47:10
Soprano et al,Big-1,worker_174,True,unit_100,1.0,2020-06-04 16:47:10,0.0,start,False,standard,18.9,1.0,4.0,political_views,mcq,"In general, would you describe your political views as",0:::1:::2:::3:::4,Very conservative:::Conservative:::Moderate:::Liberal:::Very liberal,3.0,Liberal,2020-06-04 16:47:10
Soprano et al,Big-1,worker_174,True,unit_100,1.0,2020-06-04 16:47:10,0.0,start,False,standard,18.9,1.0,8.0,taxes,mcq,"Last year what was your total family income from all sources, before taxes?",0:::1:::2:::3:::4:::5:::6:::7:::8,"Less than 10,000:::10,000 to less than 20,000:::20,000 to less than 30,000:::30,000 to less than 40,000:::40,000 to less than 50,000:::50,000 to less than 75,000:::75,000 to less than 100,000:::100,000 to less than 150,000:::150,000 or more",0.0,"Less than 10,000",2020-06-04 16:47:10
Soprano et al,Big-1,worker_174,True,unit_100,1.0,2020-06-04 16:47:10,0.0,start,False,standard,18.9,1.0,5.0,school,mcq,What is the highest level of school you have completed or the highest degree you have received?,0:::1:::2:::3:::4:::5,"High school incomplete or less:::High school graduate or GED (includes technical/vocational training that doesn’t towards college credit):::Some college (some community college, associate’s degree):::Four year college degree/bachelor’s degree:::Some postgraduate or professional schooling, no postgraduate degree:::Postgraduate or professional degree, including master’s, doctorate, medical or law degree",2.0,"Some college (some community college, associate’s degree)",2020-06-04 16:47:10
Soprano et al,Big-1,worker_174,True,unit_100,1.0,2020-06-04 16:47:10,0.0,start,False,standard,18.9,1.0,5.0,age,mcq,What is your age range?,0:::1:::2:::3:::4:::5,0-18:::19-25:::26-35:::36-50:::50-80:::80,1.0,19-25,2020-06-04 16:47:10
Soprano et al,Big-1,worker_174,True,unit_100,1.0,2020-06-04 16:47:10,0.0,start,False,standard,18.9,1.0,2.0,southern_border,mcq,Should the U.S. build a wall along the southern border?,0:::1:::2,Agree:::Disagree:::No opinion either way,1.0,Disagree,2020-06-04 16:47:10
Soprano et al,Big-1,worker_23,True,unit_62,1.0,2020-06-04 16:49:19,0.0,start,False,standard,114.68,1.0,5.0,age,mcq,What is your age range?,0:::1:::2:::3:::4:::5,0-18:::19-25:::26-35:::36-50:::50-80:::80,3.0,36-50,2020-06-04 16:49:19
Soprano et al,Big-1,worker_23,True,unit_62,1.0,2020-06-04 16:49:19,0.0,start,False,standard,114.68,1.0,4.0,political_views,mcq,"In general, would you describe your political views as",0:::1:::2:::3:::4,Very conservative:::Conservative:::Moderate:::Liberal:::Very liberal,1.0,Conservative,2020-06-04 16:49:19
Soprano et al,Big-1,worker_23,True,unit_62,1.0,2020-06-04 16:49:19,0.0,start,False,standard,114.68,1.0,3.0,consideration,mcq,"In politics today, do you consider yourself a",0:::1:::2:::3,Republican:::Democrat:::Independent:::Something else,0.0,Republican,2020-06-04 16:49:19
Soprano et al,Big-1,worker_23,True,unit_62,1.0,2020-06-04 16:49:47,0.0,start,False,crt,16.37,1.0,0.0,athletics,number,,,,16.0,,2020-06-04 16:49:47
Soprano et al,Big-1,worker_23,True,unit_62,1.0,2020-06-04 16:49:19,0.0,start,False,standard,114.68,1.0,8.0,taxes,mcq,"Last year what was your total family income from all sources, before taxes?",0:::1:::2:::3:::4:::5:::6:::7:::8,"Less than 10,000:::10,000 to less than 20,000:::20,000 to less than 30,000:::30,000 to less than 40,000:::40,000 to less than 50,000:::50,000 to less than 75,000:::75,000 to less than 100,000:::100,000 to less than 150,000:::150,000 or more",4.0,"40,000 to less than 50,000",2020-06-04 16:49:19
Soprano et al,Big-1,worker_23,True,unit_62,1.0,2020-06-04 16:49:19,0.0,start,False,standard,114.68,1.0,2.0,environment,mcq,Should the government increase environmental regulations to prevent climate change?,0:::1:::2,Agree:::Disagree:::No opinion either way,0.0,Agree,2020-06-04 16:49:19
Soprano et al,Big-1,worker_23,True,unit_62,1.0,2020-06-04 16:49:26,0.0,start,False,crt,6.78,1.0,0.0,farmers,number,,,,9.0,,2020-06-04 16:49:26
Soprano et al,Big-1,worker_23,True,unit_62,1.0,2020-06-04 16:49:19,0.0,start,False,standard,114.68,1.0,5.0,school,mcq,What is the highest level of school you have completed or the highest degree you have received?,0:::1:::2:::3:::4:::5,"High school incomplete or less:::High school graduate or GED (includes technical/vocational training that doesn’t towards college credit):::Some college (some community college, associate’s degree):::Four year college degree/bachelor’s degree:::Some postgraduate or professional schooling, no postgraduate degree:::Postgraduate or professional degree, including master’s, doctorate, medical or law degree",3.0,Four year college degree/bachelor’s degree,2020-06-04 16:49:19
Soprano et al,Big-1,worker_23,True,unit_62,1.0,2020-06-04 16:49:31,0.0,start,False,crt,4.85,1.0,0.0,marks,number,,,,5.0,,2020-06-04 16:49:31
Soprano et al,Big-1,worker_23,True,unit_62,1.0,2020-06-04 16:49:19,0.0,start,False,standard,114.68,1.0,2.0,southern_border,mcq,Should the U.S. build a wall along the southern border?,0:::1:::2,Agree:::Disagree:::No opinion either way,0.0,Agree,2020-06-04 16:49:19
Soprano et al,Big-1,worker_65,True,unit_78,1.0,2020-06-04 16:55:19,0.0,start,False,crt,24.58,1.0,0.0,marks,number,,,,10.0,,2020-06-04 16:55:19
Soprano et al,Big-1,worker_65,True,unit_78,1.0,2020-06-04 16:54:23,0.0,start,False,standard,27.09,1.0,5.0,age,mcq,What is your age range?,0:::1:::2:::3:::4:::5,0-18:::19-25:::26-35:::36-50:::50-80:::80,2.0,26-35,2020-06-04 16:54:23
Soprano et al,Big-1,worker_65,True,unit_78,1.0,2020-06-04 16:54:23,0.0,start,False,standard,27.09,1.0,8.0,taxes,mcq,"Last year what was your total family income from all sources, before taxes?",0:::1:::2:::3:::4:::5:::6:::7:::8,"Less than 10,000:::10,000 to less than 20,000:::20,000 to less than 30,000:::30,000 to less than 40,000:::40,000 to less than 50,000:::50,000 to less than 75,000:::75,000 to less than 100,000:::100,000 to less than 150,000:::150,000 or more",5.0,"50,000 to less than 75,000",2020-06-04 16:54:23
Soprano et al,Big-1,worker_65,True,unit_78,1.0,2020-06-04 16:54:23,0.0,start,False,standard,27.09,1.0,5.0,school,mcq,What is the highest level of school you have completed or the highest degree you have received?,0:::1:::2:::3:::4:::5,"High school incomplete or less:::High school graduate or GED (includes technical/vocational training that doesn’t towards college credit):::Some college (some community college, associate’s degree):::Four year college degree/bachelor’s degree:::Some postgraduate or professional schooling, no postgraduate degree:::Postgraduate or professional degree, including master’s, doctorate, medical or law degree",5.0,"Postgraduate or professional degree, including master’s, doctorate, medical or law degree",2020-06-04 16:54:23
Soprano et al,Big-1,worker_65,True,unit_78,1.0,2020-06-04 16:54:23,0.0,start,False,standard,27.09,1.0,4.0,political_views,mcq,"In general, would you describe your political views as",0:::1:::2:::3:::4,Very conservative:::Conservative:::Moderate:::Liberal:::Very liberal,3.0,Liberal,2020-06-04 16:54:23
Soprano et al,Big-1,worker_65,True,unit_78,1.0,2020-06-04 16:54:23,0.0,start,False,standard,27.09,1.0,3.0,consideration,mcq,"In politics today, do you consider yourself a",0:::1:::2:::3,Republican:::Democrat:::Independent:::Something else,1.0,Democrat,2020-06-04 16:54:23
Soprano et al,Big-1,worker_65,True,unit_78,1.0,2020-06-04 16:54:23,0.0,start,False,standard,27.09,1.0,2.0,southern_border,mcq,Should the U.S. build a wall along the southern border?,0:::1:::2,Agree:::Disagree:::No opinion either way,1.0,Disagree,2020-06-04 16:54:23
Soprano et al,Big-1,worker_65,True,unit_78,1.0,2020-06-04 16:54:23,0.0,start,False,standard,27.09,1.0,2.0,environment,mcq,Should the government increase environmental regulations to prevent climate change?,0:::1:::2,Agree:::Disagree:::No opinion either way,0.0,Agree,2020-06-04 16:54:23
Soprano et al,Big-1,worker_65,True,unit_78,1.0,2020-06-04 16:55:39,0.0,start,False,crt,19.79,1.0,0.0,athletics,number,,,,5.0,,2020-06-04 16:55:39
Soprano et al,Big-1,worker_65,True,unit_78,1.0,2020-06-04 16:54:54,0.0,start,False,crt,31.75,1.0,0.0,farmers,number,,,,3.0,,2020-06-04 16:54:54
Soprano et al,Big-1,worker_5,True,unit_16,1.0,2020-06-04 17:19:15,0.0,start,False,crt,22.92,1.0,0.0,athletics,number,,,,5.0,,2020-06-04 17:19:15
Soprano et al,Big-1,worker_5,True,unit_16,1.0,2020-06-04 17:18:52,0.0,start,False,crt,20.23,1.0,0.0,marks,number,,,,11.0,,2020-06-04 17:18:52
Soprano et al,Big-1,worker_5,True,unit_16,1.0,2020-06-04 17:18:32,0.0,start,False,crt,21.4,1.0,0.0,farmers,number,,,,3.0,,2020-06-04 17:18:32
Soprano et al,Big-1,worker_5,True,unit_16,1.0,2020-06-04 17:18:10,0.0,start,False,standard,743.82,1.0,2.0,environment,mcq,Should the government increase environmental regulations to prevent climate change?,0:::1:::2,Agree:::Disagree:::No opinion either way,0.0,Agree,2020-06-04 17:18:10
Soprano et al,Big-1,worker_5,True,unit_16,1.0,2020-06-04 17:18:10,0.0,start,False,standard,743.82,1.0,2.0,southern_border,mcq,Should the U.S. build a wall along the southern border?,0:::1:::2,Agree:::Disagree:::No opinion either way,0.0,Agree,2020-06-04 17:18:10
Soprano et al,Big-1,worker_5,True,unit_16,1.0,2020-06-04 17:18:10,0.0,start,False,standard,743.82,1.0,3.0,consideration,mcq,"In politics today, do you consider yourself a",0:::1:::2:::3,Republican:::Democrat:::Independent:::Something else,0.0,Republican,2020-06-04 17:18:10
Soprano et al,Big-1,worker_5,True,unit_16,1.0,2020-06-04 17:18:10,0.0,start,False,standard,743.82,1.0,4.0,political_views,mcq,"In general, would you describe your political views as",0:::1:::2:::3:::4,Very conservative:::Conservative:::Moderate:::Liberal:::Very liberal,1.0,Conservative,2020-06-04 17:18:10
Soprano et al,Big-1,worker_5,True,unit_16,1.0,2020-06-04 17:18:10,0.0,start,False,standard,743.82,1.0,5.0,school,mcq,What is the highest level of school you have completed or the highest degree you have received?,0:::1:::2:::3:::4:::5,"High school incomplete or less:::High school graduate or GED (includes technical/vocational training that doesn’t towards college credit):::Some college (some community college, associate’s degree):::Four year college degree/bachelor’s degree:::Some postgraduate or professional schooling, no postgraduate degree:::Postgraduate or professional degree, including master’s, doctorate, medical or law degree",3.0,Four year college degree/bachelor’s degree,2020-06-04 17:18:10
Soprano et al,Big-1,worker_5,True,unit_16,1.0,2020-06-04 17:18:10,0.0,start,False,standard,743.82,1.0,5.0,age,mcq,What is your age range?,0:::1:::2:::3:::4:::5,0-18:::19-25:::26-35:::36-50:::50-80:::80,2.0,26-35,2020-06-04 17:18:10
Soprano et al,Big-1,worker_5,True,unit_16,1.0,2020-06-04 17:18:10,0.0,start,False,standard,743.82,1.0,8.0,taxes,mcq,"Last year what was your total family income from all sources, before taxes?",0:::1:::2:::3:::4:::5:::6:::7:::8,"Less than 10,000:::10,000 to less than 20,000:::20,000 to less than 30,000:::30,000 to less than 40,000:::40,000 to less than 50,000:::50,000 to less than 75,000:::75,000 to less than 100,000:::100,000 to less than 150,000:::150,000 or more",6.0,"75,000 to less than 100,000",2020-06-04 17:18:10
Soprano et al,Big-1,worker_101,True,unit_96,1.0,2020-06-04 17:07:40,0.0,start,False,standard,17.81,1.0,5.0,school,mcq,What is the highest level of school you have completed or the highest degree you have received?,0:::1:::2:::3:::4:::5,"High school incomplete or less:::High school graduate or GED (includes technical/vocational training that doesn’t towards college credit):::Some college (some community college, associate’s degree):::Four year college degree/bachelor’s degree:::Some postgraduate or professional schooling, no postgraduate degree:::Postgraduate or professional degree, including master’s, doctorate, medical or law degree",1.0,High school graduate or GED (includes technical/vocational training that doesn’t towards college credit),2020-06-04 17:07:40
Soprano et al,Big-1,worker_101,True,unit_96,1.0,2020-06-04 17:07:40,0.0,start,False,standard,17.81,1.0,8.0,taxes,mcq,"Last year what was your total family income from all sources, before taxes?",0:::1:::2:::3:::4:::5:::6:::7:::8,"Less than 10,000:::10,000 to less than 20,000:::20,000 to less than 30,000:::30,000 to less than 40,000:::40,000 to less than 50,000:::50,000 to less than 75,000:::75,000 to less than 100,000:::100,000 to less than 150,000:::150,000 or more",4.0,"40,000 to less than 50,000",2020-06-04 17:07:40
Soprano et al,Big-1,worker_101,True,unit_96,1.0,2020-06-04 17:07:40,0.0,start,False,standard,17.81,1.0,4.0,political_views,mcq,"In general, would you describe your political views as",0:::1:::2:::3:::4,Very conservative:::Conservative:::Moderate:::Liberal:::Very liberal,2.0,Moderate,2020-06-04 17:07:40
Soprano et al,Big-1,worker_101,True,unit_96,1.0,2020-06-04 17:07:40,0.0,start,False,standard,17.81,1.0,3.0,consideration,mcq,"In politics today, do you consider yourself a",0:::1:::2:::3,Republican:::Democrat:::Independent:::Something else,2.0,Independent,2020-06-04 17:07:40
Soprano et al,Big-1,worker_101,True,unit_96,1.0,2020-06-04 17:07:40,0.0,start,False,standard,17.81,1.0,2.0,environment,mcq,Should the government increase environmental regulations to prevent climate change?,0:::1:::2,Agree:::Disagree:::No opinion either way,0.0,Agree,2020-06-04 17:07:40
Soprano et al,Big-1,worker_101,True,unit_96,1.0,2020-06-04 17:07:48,0.0,start,False,crt,7.78,1.0,0.0,farmers,number,,,,3.0,,2020-06-04 17:07:48
Soprano et al,Big-1,worker_101,True,unit_96,1.0,2020-06-04 17:07:55,0.0,start,False,crt,7.1,1.0,0.0,marks,number,,,,11.0,,2020-06-04 17:07:55
Soprano et al,Big-1,worker_101,True,unit_96,1.0,2020-06-04 17:07:40,0.0,start,False,standard,17.81,1.0,2.0,southern_border,mcq,Should the U.S. build a wall along the southern border?,0:::1:::2,Agree:::Disagree:::No opinion either way,1.0,Disagree,2020-06-04 17:07:40
Soprano et al,Big-1,worker_101,True,unit_96,1.0,2020-06-04 17:08:12,0.0,start,False,crt,17.0,1.0,0.0,athletics,number,,,,4.0,,2020-06-04 17:08:12
Soprano et al,Big-1,worker_101,True,unit_96,1.0,2020-06-04 17:07:40,0.0,start,False,standard,17.81,1.0,5.0,age,mcq,What is your age range?,0:::1:::2:::3:::4:::5,0-18:::19-25:::26-35:::36-50:::50-80:::80,1.0,19-25,2020-06-04 17:07:40
Soprano et al,Big-1,worker_136,True,unit_194,1.0,2020-06-04 17:54:48,0.0,start,False,crt,19.63,1.0,0.0,marks,number,,,,5.0,,2020-06-04 17:54:48
Soprano et al,Big-1,worker_136,True,unit_194,1.0,2020-06-04 17:54:29,0.0,start,False,crt,38.24,1.0,0.0,farmers,number,,,,9.0,,2020-06-04 17:54:29
Soprano et al,Big-1,worker_136,True,unit_194,1.0,2020-06-04 17:53:50,0.0,start,False,standard,33.81,1.0,5.0,age,mcq,What is your age range?,0:::1:::2:::3:::4:::5,0-18:::19-25:::26-35:::36-50:::50-80:::80,4.0,50-80,2020-06-04 17:53:50
Soprano et al,Big-1,worker_136,True,unit_194,1.0,2020-06-04 17:53:50,0.0,start,False,standard,33.81,1.0,5.0,school,mcq,What is the highest level of school you have completed or the highest degree you have received?,0:::1:::2:::3:::4:::5,"High school incomplete or less:::High school graduate or GED (includes technical/vocational training that doesn’t towards college credit):::Some college (some community college, associate’s degree):::Four year college degree/bachelor’s degree:::Some postgraduate or professional schooling, no postgraduate degree:::Postgraduate or professional degree, including master’s, doctorate, medical or law degree",2.0,"Some college (some community college, associate’s degree)",2020-06-04 17:53:50
Soprano et al,Big-1,worker_136,True,unit_194,1.0,2020-06-04 17:55:10,0.0,start,False,crt,21.76,1.0,0.0,athletics,number,,,,5.0,,2020-06-04 17:55:10
Soprano et al,Big-1,worker_136,True,unit_194,1.0,2020-06-04 17:53:50,0.0,start,False,standard,33.81,1.0,8.0,taxes,mcq,"Last year what was your total family income from all sources, before taxes?",0:::1:::2:::3:::4:::5:::6:::7:::8,"Less than 10,000:::10,000 to less than 20,000:::20,000 to less than 30,000:::30,000 to less than 40,000:::40,000 to less than 50,000:::50,000 to less than 75,000:::75,000 to less than 100,000:::100,000 to less than 150,000:::150,000 or more",5.0,"50,000 to less than 75,000",2020-06-04 17:53:50
Soprano et al,Big-1,worker_136,True,unit_194,1.0,2020-06-04 17:53:50,0.0,start,False,standard,33.81,1.0,4.0,political_views,mcq,"In general, would you describe your political views as",0:::1:::2:::3:::4,Very conservative:::Conservative:::Moderate:::Liberal:::Very liberal,0.0,Very conservative,2020-06-04 17:53:50
Soprano et al,Big-1,worker_136,True,unit_194,1.0,2020-06-04 17:53:50,0.0,start,False,standard,33.81,1.0,3.0,consideration,mcq,"In politics today, do you consider yourself a",0:::1:::2:::3,Republican:::Democrat:::Independent:::Something else,0.0,Republican,2020-06-04 17:53:50
Soprano et al,Big-1,worker_136,True,unit_194,1.0,2020-06-04 17:53:50,0.0,start,False,standard,33.81,1.0,2.0,southern_border,mcq,Should the U.S. build a wall along the southern border?,0:::1:::2,Agree:::Disagree:::No opinion either way,0.0,Agree,2020-06-04 17:53:50
Soprano et al,Big-1,worker_136,True,unit_194,1.0,2020-06-04 17:53:50,0.0,start,False,standard,33.81,1.0,2.0,environment,mcq,Should the government increase environmental regulations to prevent climate change?,0:::1:::2,Agree:::Disagree:::No opinion either way,2.0,No opinion either way,2020-06-04 17:53:50
Soprano et al,Big-1,worker_135,True,unit_24,1.0,2020-06-04 18:36:16,0.0,start,False,standard,33.12,1.0,5.0,age,mcq,What is your age range?,0:::1:::2:::3:::4:::5,0-18:::19-25:::26-35:::36-50:::50-80:::80,2.0,26-35,2020-06-04 18:36:16
Soprano et al,Big-1,worker_135,True,unit_24,1.0,2020-06-04 18:40:24,0.0,start,False,crt,61.2,1.0,0.0,athletics,number,,,,5.0,,2020-06-04 18:40:24
Soprano et al,Big-1,worker_135,True,unit_24,1.0,2020-06-04 18:38:53,0.0,start,False,crt,157.31,1.0,0.0,farmers,number,,,,3.0,,2020-06-04 18:38:53
Soprano et al,Big-1,worker_135,True,unit_24,1.0,2020-06-04 18:36:16,0.0,start,False,standard,33.12,1.0,5.0,school,mcq,What is the highest level of school you have completed or the highest degree you have received?,0:::1:::2:::3:::4:::5,"High school incomplete or less:::High school graduate or GED (includes technical/vocational training that doesn’t towards college credit):::Some college (some community college, associate’s degree):::Four year college degree/bachelor’s degree:::Some postgraduate or professional schooling, no postgraduate degree:::Postgraduate or professional degree, including master’s, doctorate, medical or law degree",3.0,Four year college degree/bachelor’s degree,2020-06-04 18:36:16
Soprano et al,Big-1,worker_135,True,unit_24,1.0,2020-06-04 18:36:16,0.0,start,False,standard,33.12,1.0,2.0,southern_border,mcq,Should the U.S. build a wall along the southern border?,0:::1:::2,Agree:::Disagree:::No opinion either way,0.0,Agree,2020-06-04 18:36:16
Soprano et al,Big-1,worker_135,True,unit_24,1.0,2020-06-04 18:36:16,0.0,start,False,standard,33.12,1.0,3.0,consideration,mcq,"In politics today, do you consider yourself a",0:::1:::2:::3,Republican:::Democrat:::Independent:::Something else,0.0,Republican,2020-06-04 18:36:16
Soprano et al,Big-1,worker_135,True,unit_24,1.0,2020-06-04 18:36:16,0.0,start,False,standard,33.12,1.0,4.0,political_views,mcq,"In general, would you describe your political views as",0:::1:::2:::3:::4,Very conservative:::Conservative:::Moderate:::Liberal:::Very liberal,1.0,Conservative,2020-06-04 18:36:16
Soprano et al,Big-1,worker_135,True,unit_24,1.0,2020-06-04 18:36:16,0.0,start,False,standard,33.12,1.0,8.0,taxes,mcq,"Last year what was your total family income from all sources, before taxes?",0:::1:::2:::3:::4:::5:::6:::7:::8,"Less than 10,000:::10,000 to less than 20,000:::20,000 to less than 30,000:::30,000 to less than 40,000:::40,000 to less than 50,000:::50,000 to less than 75,000:::75,000 to less than 100,000:::100,000 to less than 150,000:::150,000 or more",8.0,"150,000 or more",2020-06-04 18:36:16
Soprano et al,Big-1,worker_135,True,unit_24,1.0,2020-06-04 18:39:23,0.0,start,False,crt,30.1,1.0,0.0,marks,number,,,,9.0,,2020-06-04 18:39:23
Soprano et al,Big-1,worker_135,True,unit_24,1.0,2020-06-04 18:36:16,0.0,start,False,standard,33.12,1.0,2.0,environment,mcq,Should the government increase environmental regulations to prevent climate change?,0:::1:::2,Agree:::Disagree:::No opinion either way,0.0,Agree,2020-06-04 18:36:16
Soprano et al,Big-1,worker_195,True,unit_22,1.0,2020-06-04 19:20:11,0.0,start,False,crt,46.62,1.0,0.0,marks,number,,,,5.0,,2020-06-04 19:20:11
Soprano et al,Big-1,worker_195,True,unit_22,1.0,2020-06-04 19:17:50,0.0,start,False,standard,30.91,1.0,5.0,age,mcq,What is your age range?,0:::1:::2:::3:::4:::5,0-18:::19-25:::26-35:::36-50:::50-80:::80,2.0,26-35,2020-06-04 19:17:50
Soprano et al,Big-1,worker_195,True,unit_22,1.0,2020-06-04 19:17:50,0.0,start,False,standard,30.91,1.0,5.0,school,mcq,What is the highest level of school you have completed or the highest degree you have received?,0:::1:::2:::3:::4:::5,"High school incomplete or less:::High school graduate or GED (includes technical/vocational training that doesn’t towards college credit):::Some college (some community college, associate’s degree):::Four year college degree/bachelor’s degree:::Some postgraduate or professional schooling, no postgraduate degree:::Postgraduate or professional degree, including master’s, doctorate, medical or law degree",3.0,Four year college degree/bachelor’s degree,2020-06-04 19:17:50
Soprano et al,Big-1,worker_195,True,unit_22,1.0,2020-06-04 19:17:50,0.0,start,False,standard,30.91,1.0,8.0,taxes,mcq,"Last year what was your total family income from all sources, before taxes?",0:::1:::2:::3:::4:::5:::6:::7:::8,"Less than 10,000:::10,000 to less than 20,000:::20,000 to less than 30,000:::30,000 to less than 40,000:::40,000 to less than 50,000:::50,000 to less than 75,000:::75,000 to less than 100,000:::100,000 to less than 150,000:::150,000 or more",5.0,"50,000 to less than 75,000",2020-06-04 19:17:50
Soprano et al,Big-1,worker_195,True,unit_22,1.0,2020-06-04 19:21:05,0.0,start,False,crt,53.81,1.0,0.0,athletics,number,,,,4.0,,2020-06-04 19:21:05
Soprano et al,Big-1,worker_195,True,unit_22,1.0,2020-06-04 19:17:50,0.0,start,False,standard,30.91,1.0,4.0,political_views,mcq,"In general, would you describe your political views as",0:::1:::2:::3:::4,Very conservative:::Conservative:::Moderate:::Liberal:::Very liberal,3.0,Liberal,2020-06-04 19:17:50
Soprano et al,Big-1,worker_195,True,unit_22,1.0,2020-06-04 19:17:50,0.0,start,False,standard,30.91,1.0,2.0,environment,mcq,Should the government increase environmental regulations to prevent climate change?,0:::1:::2,Agree:::Disagree:::No opinion either way,0.0,Agree,2020-06-04 19:17:50
Soprano et al,Big-1,worker_195,True,unit_22,1.0,2020-06-04 19:17:50,0.0,start,False,standard,30.91,1.0,2.0,southern_border,mcq,Should the U.S. build a wall along the southern border?,0:::1:::2,Agree:::Disagree:::No opinion either way,0.0,Agree,2020-06-04 19:17:50
Soprano et al,Big-1,worker_195,True,unit_22,1.0,2020-06-04 19:17:50,0.0,start,False,standard,30.91,1.0,3.0,consideration,mcq,"In politics today, do you consider yourself a",0:::1:::2:::3,Republican:::Democrat:::Independent:::Something else,1.0,Democrat,2020-06-04 19:17:50
Soprano et al,Big-1,worker_195,True,unit_22,1.0,2020-06-04 19:19:24,0.0,start,False,crt,93.7,1.0,0.0,farmers,number,,,,3.0,,2020-06-04 19:19:24
Soprano et al,Big-1,worker_155,True,unit_120,1.0,2020-06-04 19:41:44,0.0,start,False,standard,25.32,1.0,8.0,taxes,mcq,"Last year what was your total family income from all sources, before taxes?",0:::1:::2:::3:::4:::5:::6:::7:::8,"Less than 10,000:::10,000 to less than 20,000:::20,000 to less than 30,000:::30,000 to less than 40,000:::40,000 to less than 50,000:::50,000 to less than 75,000:::75,000 to less than 100,000:::100,000 to less than 150,000:::150,000 or more",2.0,"20,000 to less than 30,000",2020-06-04 19:41:44
Soprano et al,Big-1,worker_155,True,unit_120,1.0,2020-06-04 19:42:49,0.0,start,False,crt,38.03,1.0,0.0,athletics,number,,,,4.0,,2020-06-04 19:42:49
Soprano et al,Big-1,worker_155,True,unit_120,1.0,2020-06-04 19:42:11,0.0,start,False,crt,7.33,1.0,0.0,marks,number,,,,9.0,,2020-06-04 19:42:11
Soprano et al,Big-1,worker_155,True,unit_120,1.0,2020-06-04 19:41:44,0.0,start,False,standard,25.32,1.0,4.0,political_views,mcq,"In general, would you describe your political views as",0:::1:::2:::3:::4,Very conservative:::Conservative:::Moderate:::Liberal:::Very liberal,2.0,Moderate,2020-06-04 19:41:44
Soprano et al,Big-1,worker_155,True,unit_120,1.0,2020-06-04 19:41:44,0.0,start,False,standard,25.32,1.0,2.0,environment,mcq,Should the government increase environmental regulations to prevent climate change?,0:::1:::2,Agree:::Disagree:::No opinion either way,0.0,Agree,2020-06-04 19:41:44
Soprano et al,Big-1,worker_155,True,unit_120,1.0,2020-06-04 19:41:44,0.0,start,False,standard,25.32,1.0,2.0,southern_border,mcq,Should the U.S. build a wall along the southern border?,0:::1:::2,Agree:::Disagree:::No opinion either way,0.0,Agree,2020-06-04 19:41:44
Soprano et al,Big-1,worker_155,True,unit_120,1.0,2020-06-04 19:41:44,0.0,start,False,standard,25.32,1.0,3.0,consideration,mcq,"In politics today, do you consider yourself a",0:::1:::2:::3,Republican:::Democrat:::Independent:::Something else,0.0,Republican,2020-06-04 19:41:44
Soprano et al,Big-1,worker_155,True,unit_120,1.0,2020-06-04 19:41:44,0.0,start,False,standard,25.32,1.0,5.0,age,mcq,What is your age range?,0:::1:::2:::3:::4:::5,0-18:::19-25:::26-35:::36-50:::50-80:::80,2.0,26-35,2020-06-04 19:41:44
Soprano et al,Big-1,worker_155,True,unit_120,1.0,2020-06-04 19:42:04,0.0,start,False,crt,19.89,1.0,0.0,farmers,number,,,,9.0,,2020-06-04 19:42:04
Soprano et al,Big-1,worker_155,True,unit_120,1.0,2020-06-04 19:41:44,0.0,start,False,standard,25.32,1.0,5.0,school,mcq,What is the highest level of school you have completed or the highest degree you have received?,0:::1:::2:::3:::4:::5,"High school incomplete or less:::High school graduate or GED (includes technical/vocational training that doesn’t towards college credit):::Some college (some community college, associate’s degree):::Four year college degree/bachelor’s degree:::Some postgraduate or professional schooling, no postgraduate degree:::Postgraduate or professional degree, including master’s, doctorate, medical or law degree",3.0,Four year college degree/bachelor’s degree,2020-06-04 19:41:44
Soprano et al,Big-1,worker_182,True,unit_14,2.0,,0.0,start,False,standard,34.17,1.0,5.0,age,mcq,What is your age range?,0:::1:::2:::3:::4:::5,0-18:::19-25:::26-35:::36-50:::50-80:::80,3.0,36-50,
Soprano et al,Big-1,worker_182,True,unit_14,2.0,,0.0,start,False,standard,34.17,1.0,8.0,taxes,mcq,"Last year what was your total family income from all sources, before taxes?",0:::1:::2:::3:::4:::5:::6:::7:::8,"Less than 10,000:::10,000 to less than 20,000:::20,000 to less than 30,000:::30,000 to less than 40,000:::40,000 to less than 50,000:::50,000 to less than 75,000:::75,000 to less than 100,000:::100,000 to less than 150,000:::150,000 or more",7.0,"100,000 to less than 150,000",
Soprano et al,Big-1,worker_182,True,unit_14,2.0,,0.0,start,False,standard,34.17,1.0,4.0,political_views,mcq,"In general, would you describe your political views as",0:::1:::2:::3:::4,Very conservative:::Conservative:::Moderate:::Liberal:::Very liberal,3.0,Liberal,
Soprano et al,Big-1,worker_182,True,unit_14,2.0,,0.0,start,False,crt,8.85,1.0,0.0,athletics,number,,,,5.0,,
Soprano et al,Big-1,worker_182,True,unit_14,2.0,,0.0,start,False,crt,103.56,1.0,0.0,marks,number,,,,10.0,,
Soprano et al,Big-1,worker_182,True,unit_14,2.0,,0.0,start,False,crt,15.24,1.0,0.0,farmers,number,,,,3.0,,
Soprano et al,Big-1,worker_182,True,unit_14,2.0,,0.0,start,False,standard,34.17,1.0,2.0,environment,mcq,Should the government increase environmental regulations to prevent climate change?,0:::1:::2,Agree:::Disagree:::No opinion either way,0.0,Agree,
Soprano et al,Big-1,worker_182,True,unit_14,2.0,,0.0,start,False,standard,34.17,1.0,5.0,school,mcq,What is the highest level of school you have completed or the highest degree you have received?,0:::1:::2:::3:::4:::5,"High school incomplete or less:::High school graduate or GED (includes technical/vocational training that doesn’t towards college credit):::Some college (some community college, associate’s degree):::Four year college degree/bachelor’s degree:::Some postgraduate or professional schooling, no postgraduate degree:::Postgraduate or professional degree, including master’s, doctorate, medical or law degree",5.0,"Postgraduate or professional degree, including master’s, doctorate, medical or law degree",
Soprano et al,Big-1,worker_182,True,unit_14,2.0,,0.0,start,False,standard,34.17,1.0,2.0,southern_border,mcq,Should the U.S. build a wall along the southern border?,0:::1:::2,Agree:::Disagree:::No opinion either way,0.0,Agree,
Soprano et al,Big-1,worker_182,True,unit_14,2.0,,0.0,start,False,standard,34.17,1.0,3.0,consideration,mcq,"In politics today, do you consider yourself a",0:::1:::2:::3,Republican:::Democrat:::Independent:::Something else,1.0,Democrat,
Soprano et al,Big-1,worker_172,True,unit_130,1.0,2020-06-04 19:57:45,0.0,start,False,crt,6.82,1.0,0.0,farmers,number,,,,3.0,,2020-06-04 19:57:45
Soprano et al,Big-1,worker_172,True,unit_130,1.0,2020-06-04 19:57:38,0.0,start,False,standard,10.82,1.0,2.0,southern_border,mcq,Should the U.S. build a wall along the southern border?,0:::1:::2,Agree:::Disagree:::No opinion either way,1.0,Disagree,2020-06-04 19:57:38
Soprano et al,Big-1,worker_172,True,unit_130,1.0,2020-06-04 19:57:48,0.0,start,False,crt,2.94,1.0,0.0,marks,number,,,,9.0,,2020-06-04 19:57:48
Soprano et al,Big-1,worker_172,True,unit_130,1.0,2020-06-04 19:57:38,0.0,start,False,standard,10.82,1.0,4.0,political_views,mcq,"In general, would you describe your political views as",0:::1:::2:::3:::4,Very conservative:::Conservative:::Moderate:::Liberal:::Very liberal,1.0,Conservative,2020-06-04 19:57:38
Soprano et al,Big-1,worker_172,True,unit_130,1.0,2020-06-04 19:57:38,0.0,start,False,standard,10.82,1.0,8.0,taxes,mcq,"Last year what was your total family income from all sources, before taxes?",0:::1:::2:::3:::4:::5:::6:::7:::8,"Less than 10,000:::10,000 to less than 20,000:::20,000 to less than 30,000:::30,000 to less than 40,000:::40,000 to less than 50,000:::50,000 to less than 75,000:::75,000 to less than 100,000:::100,000 to less than 150,000:::150,000 or more",8.0,"150,000 or more",2020-06-04 19:57:38
Soprano et al,Big-1,worker_172,True,unit_130,1.0,2020-06-04 19:57:38,0.0,start,False,standard,10.82,1.0,5.0,school,mcq,What is the highest level of school you have completed or the highest degree you have received?,0:::1:::2:::3:::4:::5,"High school incomplete or less:::High school graduate or GED (includes technical/vocational training that doesn’t towards college credit):::Some college (some community college, associate’s degree):::Four year college degree/bachelor’s degree:::Some postgraduate or professional schooling, no postgraduate degree:::Postgraduate or professional degree, including master’s, doctorate, medical or law degree",3.0,Four year college degree/bachelor’s degree,2020-06-04 19:57:38
Soprano et al,Big-1,worker_172,True,unit_130,1.0,2020-06-04 19:57:38,0.0,start,False,standard,10.82,1.0,5.0,age,mcq,What is your age range?,0:::1:::2:::3:::4:::5,0-18:::19-25:::26-35:::36-50:::50-80:::80,1.0,19-25,2020-06-04 19:57:38
Soprano et al,Big-1,worker_172,True,unit_130,1.0,2020-06-04 19:57:58,0.0,start,False,crt,9.55,1.0,0.0,athletics,number,,,,5.0,,2020-06-04 19:57:58
Soprano et al,Big-1,worker_172,True,unit_130,1.0,2020-06-04 19:57:38,0.0,start,False,standard,10.82,1.0,2.0,environment,mcq,Should the government increase environmental regulations to prevent climate change?,0:::1:::2,Agree:::Disagree:::No opinion either way,0.0,Agree,2020-06-04 19:57:38
Soprano et al,Big-1,worker_172,True,unit_130,1.0,2020-06-04 19:57:38,0.0,start,False,standard,10.82,1.0,3.0,consideration,mcq,"In politics today, do you consider yourself a",0:::1:::2:::3,Republican:::Democrat:::Independent:::Something else,0.0,Republican,2020-06-04 19:57:38
Soprano et al,Big-1,worker_183,True,unit_184,1.0,2020-06-04 20:06:12,0.0,start,False,crt,25.74,1.0,0.0,marks,number,,,,1.0,,2020-06-04 20:06:12
Soprano et al,Big-1,worker_183,True,unit_184,1.0,2020-06-04 20:05:46,0.0,start,False,crt,32.36,1.0,0.0,farmers,number,,,,9.0,,2020-06-04 20:05:46
Soprano et al,Big-1,worker_183,True,unit_184,1.0,2020-06-04 20:05:14,0.0,start,False,standard,29.39,1.0,2.0,environment,mcq,Should the government increase environmental regulations to prevent climate change?,0:::1:::2,Agree:::Disagree:::No opinion either way,0.0,Agree,2020-06-04 20:05:14
Soprano et al,Big-1,worker_183,True,unit_184,1.0,2020-06-04 20:05:14,0.0,start,False,standard,29.39,1.0,3.0,consideration,mcq,"In politics today, do you consider yourself a",0:::1:::2:::3,Republican:::Democrat:::Independent:::Something else,1.0,Democrat,2020-06-04 20:05:14
Soprano et al,Big-1,worker_183,True,unit_184,1.0,2020-06-04 20:05:14,0.0,start,False,standard,29.39,1.0,4.0,political_views,mcq,"In general, would you describe your political views as",0:::1:::2:::3:::4,Very conservative:::Conservative:::Moderate:::Liberal:::Very liberal,2.0,Moderate,2020-06-04 20:05:14
Soprano et al,Big-1,worker_183,True,unit_184,1.0,2020-06-04 20:05:14,0.0,start,False,standard,29.39,1.0,5.0,school,mcq,What is the highest level of school you have completed or the highest degree you have received?,0:::1:::2:::3:::4:::5,"High school incomplete or less:::High school graduate or GED (includes technical/vocational training that doesn’t towards college credit):::Some college (some community college, associate’s degree):::Four year college degree/bachelor’s degree:::Some postgraduate or professional schooling, no postgraduate degree:::Postgraduate or professional degree, including master’s, doctorate, medical or law degree",3.0,Four year college degree/bachelor’s degree,2020-06-04 20:05:14
Soprano et al,Big-1,worker_183,True,unit_184,1.0,2020-06-04 20:05:14,0.0,start,False,standard,29.39,1.0,5.0,age,mcq,What is your age range?,0:::1:::2:::3:::4:::5,0-18:::19-25:::26-35:::36-50:::50-80:::80,1.0,19-25,2020-06-04 20:05:14
Soprano et al,Big-1,worker_183,True,unit_184,1.0,2020-06-04 20:05:14,0.0,start,False,standard,29.39,1.0,8.0,taxes,mcq,"Last year what was your total family income from all sources, before taxes?",0:::1:::2:::3:::4:::5:::6:::7:::8,"Less than 10,000:::10,000 to less than 20,000:::20,000 to less than 30,000:::30,000 to less than 40,000:::40,000 to less than 50,000:::50,000 to less than 75,000:::75,000 to less than 100,000:::100,000 to less than 150,000:::150,000 or more",3.0,"30,000 to less than 40,000",2020-06-04 20:05:14
Soprano et al,Big-1,worker_183,True,unit_184,1.0,2020-06-04 20:06:33,0.0,start,False,crt,21.26,1.0,0.0,athletics,number,,,,80.0,,2020-06-04 20:06:33
Soprano et al,Big-1,worker_183,True,unit_184,1.0,2020-06-04 20:05:14,0.0,start,False,standard,29.39,1.0,2.0,southern_border,mcq,Should the U.S. build a wall along the southern border?,0:::1:::2,Agree:::Disagree:::No opinion either way,0.0,Agree,2020-06-04 20:05:14
Soprano et al,Big-1,worker_148,True,unit_162,1.0,2020-06-04 20:12:43,0.0,start,False,standard,22.07,1.0,5.0,age,mcq,What is your age range?,0:::1:::2:::3:::4:::5,0-18:::19-25:::26-35:::36-50:::50-80:::80,2.0,26-35,2020-06-04 20:12:43
Soprano et al,Big-1,worker_148,True,unit_162,1.0,2020-06-04 20:12:43,0.0,start,False,standard,22.07,1.0,3.0,consideration,mcq,"In politics today, do you consider yourself a",0:::1:::2:::3,Republican:::Democrat:::Independent:::Something else,1.0,Democrat,2020-06-04 20:12:43
Soprano et al,Big-1,worker_148,True,unit_162,1.0,2020-06-04 20:13:01,0.0,start,False,crt,8.86,1.0,0.0,marks,number,,,,10.0,,2020-06-04 20:13:01
Soprano et al,Big-1,worker_148,True,unit_162,1.0,2020-06-04 20:12:52,0.0,start,False,crt,9.61,1.0,0.0,farmers,number,,,,9.0,,2020-06-04 20:12:52
Soprano et al,Big-1,worker_148,True,unit_162,1.0,2020-06-04 20:12:43,0.0,start,False,standard,22.07,1.0,2.0,environment,mcq,Should the government increase environmental regulations to prevent climate change?,0:::1:::2,Agree:::Disagree:::No opinion either way,0.0,Agree,2020-06-04 20:12:43
Soprano et al,Big-1,worker_148,True,unit_162,1.0,2020-06-04 20:12:43,0.0,start,False,standard,22.07,1.0,4.0,political_views,mcq,"In general, would you describe your political views as",0:::1:::2:::3:::4,Very conservative:::Conservative:::Moderate:::Liberal:::Very liberal,3.0,Liberal,2020-06-04 20:12:43
Soprano et al,Big-1,worker_148,True,unit_162,1.0,2020-06-04 20:12:43,0.0,start,False,standard,22.07,1.0,2.0,southern_border,mcq,Should the U.S. build a wall along the southern border?,0:::1:::2,Agree:::Disagree:::No opinion either way,1.0,Disagree,2020-06-04 20:12:43
Soprano et al,Big-1,worker_148,True,unit_162,1.0,2020-06-04 20:12:43,0.0,start,False,standard,22.07,1.0,8.0,taxes,mcq,"Last year what was your total family income from all sources, before taxes?",0:::1:::2:::3:::4:::5:::6:::7:::8,"Less than 10,000:::10,000 to less than 20,000:::20,000 to less than 30,000:::30,000 to less than 40,000:::40,000 to less than 50,000:::50,000 to less than 75,000:::75,000 to less than 100,000:::100,000 to less than 150,000:::150,000 or more",4.0,"40,000 to less than 50,000",2020-06-04 20:12:43
Soprano et al,Big-1,worker_148,True,unit_162,1.0,2020-06-04 20:13:33,0.0,start,False,crt,31.97,1.0,0.0,athletics,number,,,,5.0,,2020-06-04 20:13:33
Soprano et al,Big-1,worker_148,True,unit_162,1.0,2020-06-04 20:12:43,0.0,start,False,standard,22.07,1.0,5.0,school,mcq,What is the highest level of school you have completed or the highest degree you have received?,0:::1:::2:::3:::4:::5,"High school incomplete or less:::High school graduate or GED (includes technical/vocational training that doesn’t towards college credit):::Some college (some community college, associate’s degree):::Four year college degree/bachelor’s degree:::Some postgraduate or professional schooling, no postgraduate degree:::Postgraduate or professional degree, including master’s, doctorate, medical or law degree",3.0,Four year college degree/bachelor’s degree,2020-06-04 20:12:43
Soprano et al,Big-1,worker_62,True,unit_38,1.0,2020-06-04 21:14:27,0.0,start,False,crt,27.74,1.0,0.0,marks,number,,,,5.0,,2020-06-04 21:14:27
Soprano et al,Big-1,worker_62,True,unit_38,1.0,2020-06-04 21:13:33,0.0,start,False,standard,28.39,1.0,4.0,political_views,mcq,"In general, would you describe your political views as",0:::1:::2:::3:::4,Very conservative:::Conservative:::Moderate:::Liberal:::Very liberal,1.0,Conservative,2020-06-04 21:13:33
Soprano et al,Big-1,worker_62,True,unit_38,1.0,2020-06-04 21:13:33,0.0,start,False,standard,28.39,1.0,2.0,southern_border,mcq,Should the U.S. build a wall along the southern border?,0:::1:::2,Agree:::Disagree:::No opinion either way,0.0,Agree,2020-06-04 21:13:33
Soprano et al,Big-1,worker_62,True,unit_38,1.0,2020-06-04 21:13:59,0.0,start,False,crt,26.49,1.0,0.0,farmers,number,,,,3.0,,2020-06-04 21:13:59
Soprano et al,Big-1,worker_62,True,unit_38,1.0,2020-06-04 21:13:33,0.0,start,False,standard,28.39,1.0,5.0,age,mcq,What is your age range?,0:::1:::2:::3:::4:::5,0-18:::19-25:::26-35:::36-50:::50-80:::80,2.0,26-35,2020-06-04 21:13:33
Soprano et al,Big-1,worker_62,True,unit_38,1.0,2020-06-04 21:15:02,0.0,start,False,crt,35.3,1.0,0.0,athletics,number,,,,3.0,,2020-06-04 21:15:02
Soprano et al,Big-1,worker_62,True,unit_38,1.0,2020-06-04 21:13:33,0.0,start,False,standard,28.39,1.0,8.0,taxes,mcq,"Last year what was your total family income from all sources, before taxes?",0:::1:::2:::3:::4:::5:::6:::7:::8,"Less than 10,000:::10,000 to less than 20,000:::20,000 to less than 30,000:::30,000 to less than 40,000:::40,000 to less than 50,000:::50,000 to less than 75,000:::75,000 to less than 100,000:::100,000 to less than 150,000:::150,000 or more",7.0,"100,000 to less than 150,000",2020-06-04 21:13:33
Soprano et al,Big-1,worker_62,True,unit_38,1.0,2020-06-04 21:13:33,0.0,start,False,standard,28.39,1.0,5.0,school,mcq,What is the highest level of school you have completed or the highest degree you have received?,0:::1:::2:::3:::4:::5,"High school incomplete or less:::High school graduate or GED (includes technical/vocational training that doesn’t towards college credit):::Some college (some community college, associate’s degree):::Four year college degree/bachelor’s degree:::Some postgraduate or professional schooling, no postgraduate degree:::Postgraduate or professional degree, including master’s, doctorate, medical or law degree",4.0,"Some postgraduate or professional schooling, no postgraduate degree",2020-06-04 21:13:33
Soprano et al,Big-1,worker_62,True,unit_38,1.0,2020-06-04 21:13:33,0.0,start,False,standard,28.39,1.0,3.0,consideration,mcq,"In politics today, do you consider yourself a",0:::1:::2:::3,Republican:::Democrat:::Independent:::Something else,0.0,Republican,2020-06-04 21:13:33
Soprano et al,Big-1,worker_62,True,unit_38,1.0,2020-06-04 21:13:33,0.0,start,False,standard,28.39,1.0,2.0,environment,mcq,Should the government increase environmental regulations to prevent climate change?,0:::1:::2,Agree:::Disagree:::No opinion either way,0.0,Agree,2020-06-04 21:13:33
Soprano et al,Big-1,worker_92,True,unit_10,1.0,2020-06-04 21:48:44,0.0,start,False,crt,5.86,1.0,0.0,marks,number,,,,11.0,,2020-06-04 21:48:44
Soprano et al,Big-1,worker_92,True,unit_10,1.0,2020-06-04 21:48:52,0.0,start,False,crt,7.81,1.0,0.0,athletics,number,,,,5.0,,2020-06-04 21:48:52
Soprano et al,Big-1,worker_92,True,unit_10,1.0,2020-06-04 21:48:31,0.0,start,False,standard,24.51,1.0,8.0,taxes,mcq,"Last year what was your total family income from all sources, before taxes?",0:::1:::2:::3:::4:::5:::6:::7:::8,"Less than 10,000:::10,000 to less than 20,000:::20,000 to less than 30,000:::30,000 to less than 40,000:::40,000 to less than 50,000:::50,000 to less than 75,000:::75,000 to less than 100,000:::100,000 to less than 150,000:::150,000 or more",4.0,"40,000 to less than 50,000",2020-06-04 21:48:31
Soprano et al,Big-1,worker_92,True,unit_10,1.0,2020-06-04 21:48:31,0.0,start,False,standard,24.51,1.0,4.0,political_views,mcq,"In general, would you describe your political views as",0:::1:::2:::3:::4,Very conservative:::Conservative:::Moderate:::Liberal:::Very liberal,3.0,Liberal,2020-06-04 21:48:31
Soprano et al,Big-1,worker_92,True,unit_10,1.0,2020-06-04 21:48:31,0.0,start,False,standard,24.51,1.0,5.0,school,mcq,What is the highest level of school you have completed or the highest degree you have received?,0:::1:::2:::3:::4:::5,"High school incomplete or less:::High school graduate or GED (includes technical/vocational training that doesn’t towards college credit):::Some college (some community college, associate’s degree):::Four year college degree/bachelor’s degree:::Some postgraduate or professional schooling, no postgraduate degree:::Postgraduate or professional degree, including master’s, doctorate, medical or law degree",2.0,"Some college (some community college, associate’s degree)",2020-06-04 21:48:31
Soprano et al,Big-1,worker_92,True,unit_10,1.0,2020-06-04 21:48:31,0.0,start,False,standard,24.51,1.0,3.0,consideration,mcq,"In politics today, do you consider yourself a",0:::1:::2:::3,Republican:::Democrat:::Independent:::Something else,1.0,Democrat,2020-06-04 21:48:31
Soprano et al,Big-1,worker_92,True,unit_10,1.0,2020-06-04 21:48:31,0.0,start,False,standard,24.51,1.0,5.0,age,mcq,What is your age range?,0:::1:::2:::3:::4:::5,0-18:::19-25:::26-35:::36-50:::50-80:::80,2.0,26-35,2020-06-04 21:48:31
Soprano et al,Big-1,worker_92,True,unit_10,1.0,2020-06-04 21:48:31,0.0,start,False,standard,24.51,1.0,2.0,southern_border,mcq,Should the U.S. build a wall along the southern border?,0:::1:::2,Agree:::Disagree:::No opinion either way,0.0,Agree,2020-06-04 21:48:31
Soprano et al,Big-1,worker_92,True,unit_10,1.0,2020-06-04 21:48:31,0.0,start,False,standard,24.51,1.0,2.0,environment,mcq,Should the government increase environmental regulations to prevent climate change?,0:::1:::2,Agree:::Disagree:::No opinion either way,0.0,Agree,2020-06-04 21:48:31
Soprano et al,Big-1,worker_92,True,unit_10,1.0,2020-06-04 21:48:38,0.0,start,False,crt,7.29,1.0,0.0,farmers,number,,,,9.0,,2020-06-04 21:48:38
Soprano et al,Big-1,worker_122,True,unit_28,1.0,2020-06-04 21:56:57,0.0,start,False,standard,23.2,1.0,3.0,consideration,mcq,"In politics today, do you consider yourself a",0:::1:::2:::3,Republican:::Democrat:::Independent:::Something else,1.0,Democrat,2020-06-04 21:56:57
Soprano et al,Big-1,worker_122,True,unit_28,1.0,2020-06-04 21:56:57,0.0,start,False,standard,23.2,1.0,4.0,political_views,mcq,"In general, would you describe your political views as",0:::1:::2:::3:::4,Very conservative:::Conservative:::Moderate:::Liberal:::Very liberal,4.0,Very liberal,2020-06-04 21:56:57
Soprano et al,Big-1,worker_122,True,unit_28,1.0,2020-06-04 21:56:57,0.0,start,False,standard,23.2,1.0,2.0,environment,mcq,Should the government increase environmental regulations to prevent climate change?,0:::1:::2,Agree:::Disagree:::No opinion either way,0.0,Agree,2020-06-04 21:56:57
Soprano et al,Big-1,worker_122,True,unit_28,1.0,2020-06-04 21:56:57,0.0,start,False,standard,23.2,1.0,5.0,school,mcq,What is the highest level of school you have completed or the highest degree you have received?,0:::1:::2:::3:::4:::5,"High school incomplete or less:::High school graduate or GED (includes technical/vocational training that doesn’t towards college credit):::Some college (some community college, associate’s degree):::Four year college degree/bachelor’s degree:::Some postgraduate or professional schooling, no postgraduate degree:::Postgraduate or professional degree, including master’s, doctorate, medical or law degree",3.0,Four year college degree/bachelor’s degree,2020-06-04 21:56:57
Soprano et al,Big-1,worker_122,True,unit_28,1.0,2020-06-04 21:59:05,0.0,start,False,crt,13.81,1.0,0.0,marks,number,,,,5.0,,2020-06-04 21:59:05
Soprano et al,Big-1,worker_122,True,unit_28,1.0,2020-06-04 21:56:57,0.0,start,False,standard,23.2,1.0,5.0,age,mcq,What is your age range?,0:::1:::2:::3:::4:::5,0-18:::19-25:::26-35:::36-50:::50-80:::80,3.0,36-50,2020-06-04 21:56:57
Soprano et al,Big-1,worker_122,True,unit_28,1.0,2020-06-04 21:58:51,0.0,start,False,crt,114.52,1.0,0.0,farmers,number,,,,9.0,,2020-06-04 21:58:51
Soprano et al,Big-1,worker_122,True,unit_28,1.0,2020-06-04 21:59:25,0.0,start,False,crt,19.85,1.0,0.0,athletics,number,,,,5.0,,2020-06-04 21:59:25
Soprano et al,Big-1,worker_122,True,unit_28,1.0,2020-06-04 21:56:57,0.0,start,False,standard,23.2,1.0,2.0,southern_border,mcq,Should the U.S. build a wall along the southern border?,0:::1:::2,Agree:::Disagree:::No opinion either way,1.0,Disagree,2020-06-04 21:56:57
Soprano et al,Big-1,worker_122,True,unit_28,1.0,2020-06-04 21:56:57,0.0,start,False,standard,23.2,1.0,8.0,taxes,mcq,"Last year what was your total family income from all sources, before taxes?",0:::1:::2:::3:::4:::5:::6:::7:::8,"Less than 10,000:::10,000 to less than 20,000:::20,000 to less than 30,000:::30,000 to less than 40,000:::40,000 to less than 50,000:::50,000 to less than 75,000:::75,000 to less than 100,000:::100,000 to less than 150,000:::150,000 or more",3.0,"30,000 to less than 40,000",2020-06-04 21:56:57
Soprano et al,Big-1,worker_74,True,unit_32,1.0,2020-06-04 23:32:28,0.0,start,False,standard,38.85,1.0,3.0,consideration,mcq,"In politics today, do you consider yourself a",0:::1:::2:::3,Republican:::Democrat:::Independent:::Something else,2.0,Independent,2020-06-04 23:32:28
Soprano et al,Big-1,worker_74,True,unit_32,1.0,2020-06-04 23:32:28,0.0,start,False,standard,38.85,1.0,5.0,school,mcq,What is the highest level of school you have completed or the highest degree you have received?,0:::1:::2:::3:::4:::5,"High school incomplete or less:::High school graduate or GED (includes technical/vocational training that doesn’t towards college credit):::Some college (some community college, associate’s degree):::Four year college degree/bachelor’s degree:::Some postgraduate or professional schooling, no postgraduate degree:::Postgraduate or professional degree, including master’s, doctorate, medical or law degree",3.0,Four year college degree/bachelor’s degree,2020-06-04 23:32:28
Soprano et al,Big-1,worker_74,True,unit_32,1.0,2020-06-04 23:34:09,0.0,start,False,crt,54.65,1.0,0.0,athletics,number,,,,4.0,,2020-06-04 23:34:09
Soprano et al,Big-1,worker_74,True,unit_32,1.0,2020-06-04 23:33:15,0.0,start,False,crt,19.31,1.0,0.0,marks,number,,,,9.0,,2020-06-04 23:33:15
Soprano et al,Big-1,worker_74,True,unit_32,1.0,2020-06-04 23:32:55,0.0,start,False,crt,26.99,1.0,0.0,farmers,number,,,,3.0,,2020-06-04 23:32:55
Soprano et al,Big-1,worker_74,True,unit_32,1.0,2020-06-04 23:32:28,0.0,start,False,standard,38.85,1.0,2.0,environment,mcq,Should the government increase environmental regulations to prevent climate change?,0:::1:::2,Agree:::Disagree:::No opinion either way,0.0,Agree,2020-06-04 23:32:28
Soprano et al,Big-1,worker_74,True,unit_32,1.0,2020-06-04 23:32:28,0.0,start,False,standard,38.85,1.0,2.0,southern_border,mcq,Should the U.S. build a wall along the southern border?,0:::1:::2,Agree:::Disagree:::No opinion either way,1.0,Disagree,2020-06-04 23:32:28
Soprano et al,Big-1,worker_74,True,unit_32,1.0,2020-06-04 23:32:28,0.0,start,False,standard,38.85,1.0,4.0,political_views,mcq,"In general, would you describe your political views as",0:::1:::2:::3:::4,Very conservative:::Conservative:::Moderate:::Liberal:::Very liberal,2.0,Moderate,2020-06-04 23:32:28
Soprano et al,Big-1,worker_74,True,unit_32,1.0,2020-06-04 23:32:28,0.0,start,False,standard,38.85,1.0,5.0,age,mcq,What is your age range?,0:::1:::2:::3:::4:::5,0-18:::19-25:::26-35:::36-50:::50-80:::80,1.0,19-25,2020-06-04 23:32:28
Soprano et al,Big-1,worker_74,True,unit_32,1.0,2020-06-04 23:32:28,0.0,start,False,standard,38.85,1.0,8.0,taxes,mcq,"Last year what was your total family income from all sources, before taxes?",0:::1:::2:::3:::4:::5:::6:::7:::8,"Less than 10,000:::10,000 to less than 20,000:::20,000 to less than 30,000:::30,000 to less than 40,000:::40,000 to less than 50,000:::50,000 to less than 75,000:::75,000 to less than 100,000:::100,000 to less than 150,000:::150,000 or more",4.0,"40,000 to less than 50,000",2020-06-04 23:32:28
Soprano et al,Big-1,worker_177,True,unit_154,1.0,2020-06-04 23:35:36,0.0,start,False,standard,19.15,1.0,2.0,southern_border,mcq,Should the U.S. build a wall along the southern border?,0:::1:::2,Agree:::Disagree:::No opinion either way,1.0,Disagree,2020-06-04 23:35:36
Soprano et al,Big-1,worker_177,True,unit_154,1.0,2020-06-04 23:35:36,0.0,start,False,standard,19.15,1.0,3.0,consideration,mcq,"In politics today, do you consider yourself a",0:::1:::2:::3,Republican:::Democrat:::Independent:::Something else,1.0,Democrat,2020-06-04 23:35:36
Soprano et al,Big-1,worker_177,True,unit_154,1.0,2020-06-04 23:35:36,0.0,start,False,standard,19.15,1.0,5.0,age,mcq,What is your age range?,0:::1:::2:::3:::4:::5,0-18:::19-25:::26-35:::36-50:::50-80:::80,1.0,19-25,2020-06-04 23:35:36
Soprano et al,Big-1,worker_177,True,unit_154,1.0,2020-06-04 23:36:01,0.0,start,False,crt,25.41,1.0,0.0,farmers,number,,,,9.0,,2020-06-04 23:36:01
Soprano et al,Big-1,worker_177,True,unit_154,1.0,2020-06-04 23:35:36,0.0,start,False,standard,19.15,1.0,2.0,environment,mcq,Should the government increase environmental regulations to prevent climate change?,0:::1:::2,Agree:::Disagree:::No opinion either way,0.0,Agree,2020-06-04 23:35:36
Soprano et al,Big-1,worker_177,True,unit_154,1.0,2020-06-04 23:35:36,0.0,start,False,standard,19.15,1.0,4.0,political_views,mcq,"In general, would you describe your political views as",0:::1:::2:::3:::4,Very conservative:::Conservative:::Moderate:::Liberal:::Very liberal,3.0,Liberal,2020-06-04 23:35:36
Soprano et al,Big-1,worker_177,True,unit_154,1.0,2020-06-04 23:36:41,0.0,start,False,crt,31.78,1.0,0.0,athletics,number,,,,4.0,,2020-06-04 23:36:41
Soprano et al,Big-1,worker_177,True,unit_154,1.0,2020-06-04 23:35:36,0.0,start,False,standard,19.15,1.0,5.0,school,mcq,What is the highest level of school you have completed or the highest degree you have received?,0:::1:::2:::3:::4:::5,"High school incomplete or less:::High school graduate or GED (includes technical/vocational training that doesn’t towards college credit):::Some college (some community college, associate’s degree):::Four year college degree/bachelor’s degree:::Some postgraduate or professional schooling, no postgraduate degree:::Postgraduate or professional degree, including master’s, doctorate, medical or law degree",3.0,Four year college degree/bachelor’s degree,2020-06-04 23:35:36
Soprano et al,Big-1,worker_177,True,unit_154,1.0,2020-06-04 23:36:10,0.0,start,False,crt,8.52,1.0,0.0,marks,number,,,,10.0,,2020-06-04 23:36:10
Soprano et al,Big-1,worker_177,True,unit_154,1.0,2020-06-04 23:35:36,0.0,start,False,standard,19.15,1.0,8.0,taxes,mcq,"Last year what was your total family income from all sources, before taxes?",0:::1:::2:::3:::4:::5:::6:::7:::8,"Less than 10,000:::10,000 to less than 20,000:::20,000 to less than 30,000:::30,000 to less than 40,000:::40,000 to less than 50,000:::50,000 to less than 75,000:::75,000 to less than 100,000:::100,000 to less than 150,000:::150,000 or more",8.0,"150,000 or more",2020-06-04 23:35:36
Soprano et al,Big-1,worker_37,True,unit_114,1.0,2020-06-04 23:57:53,0.0,start,False,standard,23.48,1.0,5.0,school,mcq,What is the highest level of school you have completed or the highest degree you have received?,0:::1:::2:::3:::4:::5,"High school incomplete or less:::High school graduate or GED (includes technical/vocational training that doesn’t towards college credit):::Some college (some community college, associate’s degree):::Four year college degree/bachelor’s degree:::Some postgraduate or professional schooling, no postgraduate degree:::Postgraduate or professional degree, including master’s, doctorate, medical or law degree",1.0,High school graduate or GED (includes technical/vocational training that doesn’t towards college credit),2020-06-04 23:57:53
Soprano et al,Big-1,worker_37,True,unit_114,1.0,2020-06-04 23:57:53,0.0,start,False,standard,23.48,1.0,8.0,taxes,mcq,"Last year what was your total family income from all sources, before taxes?",0:::1:::2:::3:::4:::5:::6:::7:::8,"Less than 10,000:::10,000 to less than 20,000:::20,000 to less than 30,000:::30,000 to less than 40,000:::40,000 to less than 50,000:::50,000 to less than 75,000:::75,000 to less than 100,000:::100,000 to less than 150,000:::150,000 or more",5.0,"50,000 to less than 75,000",2020-06-04 23:57:53
Soprano et al,Big-1,worker_37,True,unit_114,1.0,2020-06-04 23:57:53,0.0,start,False,standard,23.48,1.0,4.0,political_views,mcq,"In general, would you describe your political views as",0:::1:::2:::3:::4,Very conservative:::Conservative:::Moderate:::Liberal:::Very liberal,2.0,Moderate,2020-06-04 23:57:53
Soprano et al,Big-1,worker_37,True,unit_114,1.0,2020-06-04 23:57:53,0.0,start,False,standard,23.48,1.0,3.0,consideration,mcq,"In politics today, do you consider yourself a",0:::1:::2:::3,Republican:::Democrat:::Independent:::Something else,2.0,Independent,2020-06-04 23:57:53
Soprano et al,Big-1,worker_37,True,unit_114,1.0,2020-06-04 23:58:45,0.0,start,False,crt,31.78,1.0,0.0,athletics,number,,,,0.0,,2020-06-04 23:58:45
Soprano et al,Big-1,worker_37,True,unit_114,1.0,2020-06-04 23:57:53,0.0,start,False,standard,23.48,1.0,2.0,environment,mcq,Should the government increase environmental regulations to prevent climate change?,0:::1:::2,Agree:::Disagree:::No opinion either way,0.0,Agree,2020-06-04 23:57:53
Soprano et al,Big-1,worker_37,True,unit_114,1.0,2020-06-04 23:58:03,0.0,start,False,crt,10.05,1.0,0.0,farmers,number,,,,9.0,,2020-06-04 23:58:03
Soprano et al,Big-1,worker_37,True,unit_114,1.0,2020-06-04 23:57:53,0.0,start,False,standard,23.48,1.0,5.0,age,mcq,What is your age range?,0:::1:::2:::3:::4:::5,0-18:::19-25:::26-35:::36-50:::50-80:::80,2.0,26-35,2020-06-04 23:57:53
Soprano et al,Big-1,worker_37,True,unit_114,1.0,2020-06-04 23:58:13,0.0,start,False,crt,10.42,1.0,0.0,marks,number,,,,10.0,,2020-06-04 23:58:13
Soprano et al,Big-1,worker_37,True,unit_114,1.0,2020-06-04 23:57:53,0.0,start,False,standard,23.48,1.0,2.0,southern_border,mcq,Should the U.S. build a wall along the southern border?,0:::1:::2,Agree:::Disagree:::No opinion either way,1.0,Disagree,2020-06-04 23:57:53
Soprano et al,Big-1,worker_105,True,unit_98,1.0,2020-06-05 01:02:56,0.0,start,False,crt,46.91,1.0,0.0,athletics,number,,,,4.0,,2020-06-05 01:02:56
Soprano et al,Big-1,worker_105,True,unit_98,1.0,2020-06-05 01:01:41,0.0,start,False,crt,53.56,1.0,0.0,farmers,number,,,,9.0,,2020-06-05 01:01:41
Soprano et al,Big-1,worker_105,True,unit_98,1.0,2020-06-05 01:00:47,0.0,start,False,standard,36.79,1.0,2.0,environment,mcq,Should the government increase environmental regulations to prevent climate change?,0:::1:::2,Agree:::Disagree:::No opinion either way,0.0,Agree,2020-06-05 01:00:47
Soprano et al,Big-1,worker_105,True,unit_98,1.0,2020-06-05 01:00:47,0.0,start,False,standard,36.79,1.0,2.0,southern_border,mcq,Should the U.S. build a wall along the southern border?,0:::1:::2,Agree:::Disagree:::No opinion either way,1.0,Disagree,2020-06-05 01:00:47
Soprano et al,Big-1,worker_105,True,unit_98,1.0,2020-06-05 01:00:47,0.0,start,False,standard,36.79,1.0,5.0,school,mcq,What is the highest level of school you have completed or the highest degree you have received?,0:::1:::2:::3:::4:::5,"High school incomplete or less:::High school graduate or GED (includes technical/vocational training that doesn’t towards college credit):::Some college (some community college, associate’s degree):::Four year college degree/bachelor’s degree:::Some postgraduate or professional schooling, no postgraduate degree:::Postgraduate or professional degree, including master’s, doctorate, medical or law degree",3.0,Four year college degree/bachelor’s degree,2020-06-05 01:00:47
Soprano et al,Big-1,worker_105,True,unit_98,1.0,2020-06-05 01:00:47,0.0,start,False,standard,36.79,1.0,4.0,political_views,mcq,"In general, would you describe your political views as",0:::1:::2:::3:::4,Very conservative:::Conservative:::Moderate:::Liberal:::Very liberal,3.0,Liberal,2020-06-05 01:00:47
Soprano et al,Big-1,worker_105,True,unit_98,1.0,2020-06-05 01:00:47,0.0,start,False,standard,36.79,1.0,8.0,taxes,mcq,"Last year what was your total family income from all sources, before taxes?",0:::1:::2:::3:::4:::5:::6:::7:::8,"Less than 10,000:::10,000 to less than 20,000:::20,000 to less than 30,000:::30,000 to less than 40,000:::40,000 to less than 50,000:::50,000 to less than 75,000:::75,000 to less than 100,000:::100,000 to less than 150,000:::150,000 or more",6.0,"75,000 to less than 100,000",2020-06-05 01:00:47
Soprano et al,Big-1,worker_105,True,unit_98,1.0,2020-06-05 01:00:47,0.0,start,False,standard,36.79,1.0,5.0,age,mcq,What is your age range?,0:::1:::2:::3:::4:::5,0-18:::19-25:::26-35:::36-50:::50-80:::80,2.0,26-35,2020-06-05 01:00:47
Soprano et al,Big-1,worker_105,True,unit_98,1.0,2020-06-05 01:02:09,0.0,start,False,crt,28.09,1.0,0.0,marks,number,,,,5.0,,2020-06-05 01:02:09
Soprano et al,Big-1,worker_105,True,unit_98,1.0,2020-06-05 01:00:47,0.0,start,False,standard,36.79,1.0,3.0,consideration,mcq,"In politics today, do you consider yourself a",0:::1:::2:::3,Republican:::Democrat:::Independent:::Something else,1.0,Democrat,2020-06-05 01:00:47
Soprano et al,Big-1,worker_54,True,unit_110,1.0,2020-06-05 01:04:22,0.0,start,False,crt,14.59,1.0,0.0,athletics,number,,,,5.0,,2020-06-05 01:04:22
Soprano et al,Big-1,worker_54,True,unit_110,1.0,2020-06-05 01:03:21,0.0,start,False,standard,28.93,1.0,5.0,age,mcq,What is your age range?,0:::1:::2:::3:::4:::5,0-18:::19-25:::26-35:::36-50:::50-80:::80,3.0,36-50,2020-06-05 01:03:21
Soprano et al,Big-1,worker_54,True,unit_110,1.0,2020-06-05 01:03:21,0.0,start,False,standard,28.93,1.0,4.0,political_views,mcq,"In general, would you describe your political views as",0:::1:::2:::3:::4,Very conservative:::Conservative:::Moderate:::Liberal:::Very liberal,4.0,Very liberal,2020-06-05 01:03:21
Soprano et al,Big-1,worker_54,True,unit_110,1.0,2020-06-05 01:03:21,0.0,start,False,standard,28.93,1.0,8.0,taxes,mcq,"Last year what was your total family income from all sources, before taxes?",0:::1:::2:::3:::4:::5:::6:::7:::8,"Less than 10,000:::10,000 to less than 20,000:::20,000 to less than 30,000:::30,000 to less than 40,000:::40,000 to less than 50,000:::50,000 to less than 75,000:::75,000 to less than 100,000:::100,000 to less than 150,000:::150,000 or more",0.0,"Less than 10,000",2020-06-05 01:03:21
Soprano et al,Big-1,worker_54,True,unit_110,1.0,2020-06-05 01:03:21,0.0,start,False,standard,28.93,1.0,2.0,southern_border,mcq,Should the U.S. build a wall along the southern border?,0:::1:::2,Agree:::Disagree:::No opinion either way,1.0,Disagree,2020-06-05 01:03:21
Soprano et al,Big-1,worker_54,True,unit_110,1.0,2020-06-05 01:03:21,0.0,start,False,standard,28.93,1.0,2.0,environment,mcq,Should the government increase environmental regulations to prevent climate change?,0:::1:::2,Agree:::Disagree:::No opinion either way,0.0,Agree,2020-06-05 01:03:21
Soprano et al,Big-1,worker_54,True,unit_110,1.0,2020-06-05 01:03:48,0.0,start,False,crt,26.93,1.0,0.0,farmers,number,,,,9.0,,2020-06-05 01:03:48
Soprano et al,Big-1,worker_54,True,unit_110,1.0,2020-06-05 01:04:07,0.0,start,False,crt,18.64,1.0,0.0,marks,number,,,,5.0,,2020-06-05 01:04:07
Soprano et al,Big-1,worker_54,True,unit_110,1.0,2020-06-05 01:03:21,0.0,start,False,standard,28.93,1.0,3.0,consideration,mcq,"In politics today, do you consider yourself a",0:::1:::2:::3,Republican:::Democrat:::Independent:::Something else,1.0,Democrat,2020-06-05 01:03:21
Soprano et al,Big-1,worker_54,True,unit_110,1.0,2020-06-05 01:03:21,0.0,start,False,standard,28.93,1.0,5.0,school,mcq,What is the highest level of school you have completed or the highest degree you have received?,0:::1:::2:::3:::4:::5,"High school incomplete or less:::High school graduate or GED (includes technical/vocational training that doesn’t towards college credit):::Some college (some community college, associate’s degree):::Four year college degree/bachelor’s degree:::Some postgraduate or professional schooling, no postgraduate degree:::Postgraduate or professional degree, including master’s, doctorate, medical or law degree",1.0,High school graduate or GED (includes technical/vocational training that doesn’t towards college credit),2020-06-05 01:03:21
Soprano et al,Big-1,worker_12,True,unit_50,1.0,2020-06-05 01:09:18,0.0,start,False,crt,52.74,1.0,0.0,athletics,number,,,,5.0,,2020-06-05 01:09:18
Soprano et al,Big-1,worker_12,True,unit_50,1.0,2020-06-05 01:07:25,0.0,start,False,crt,26.84,1.0,0.0,farmers,number,,,,9.0,,2020-06-05 01:07:25
Soprano et al,Big-1,worker_12,True,unit_50,1.0,2020-06-05 01:06:58,0.0,start,False,standard,40.25,1.0,2.0,southern_border,mcq,Should the U.S. build a wall along the southern border?,0:::1:::2,Agree:::Disagree:::No opinion either way,1.0,Disagree,2020-06-05 01:06:58
Soprano et al,Big-1,worker_12,True,unit_50,1.0,2020-06-05 01:06:58,0.0,start,False,standard,40.25,1.0,3.0,consideration,mcq,"In politics today, do you consider yourself a",0:::1:::2:::3,Republican:::Democrat:::Independent:::Something else,2.0,Independent,2020-06-05 01:06:58
Soprano et al,Big-1,worker_12,True,unit_50,1.0,2020-06-05 01:06:58,0.0,start,False,standard,40.25,1.0,2.0,environment,mcq,Should the government increase environmental regulations to prevent climate change?,0:::1:::2,Agree:::Disagree:::No opinion either way,0.0,Agree,2020-06-05 01:06:58
Soprano et al,Big-1,worker_12,True,unit_50,1.0,2020-06-05 01:06:58,0.0,start,False,standard,40.25,1.0,8.0,taxes,mcq,"Last year what was your total family income from all sources, before taxes?",0:::1:::2:::3:::4:::5:::6:::7:::8,"Less than 10,000:::10,000 to less than 20,000:::20,000 to less than 30,000:::30,000 to less than 40,000:::40,000 to less than 50,000:::50,000 to less than 75,000:::75,000 to less than 100,000:::100,000 to less than 150,000:::150,000 or more",2.0,"20,000 to less than 30,000",2020-06-05 01:06:58
Soprano et al,Big-1,worker_12,True,unit_50,1.0,2020-06-05 01:06:58,0.0,start,False,standard,40.25,1.0,5.0,school,mcq,What is the highest level of school you have completed or the highest degree you have received?,0:::1:::2:::3:::4:::5,"High school incomplete or less:::High school graduate or GED (includes technical/vocational training that doesn’t towards college credit):::Some college (some community college, associate’s degree):::Four year college degree/bachelor’s degree:::Some postgraduate or professional schooling, no postgraduate degree:::Postgraduate or professional degree, including master’s, doctorate, medical or law degree",2.0,"Some college (some community college, associate’s degree)",2020-06-05 01:06:58
Soprano et al,Big-1,worker_12,True,unit_50,1.0,2020-06-05 01:08:25,0.0,start,False,crt,60.57,1.0,0.0,marks,number,,,,1.0,,2020-06-05 01:08:25
Soprano et al,Big-1,worker_12,True,unit_50,1.0,2020-06-05 01:06:58,0.0,start,False,standard,40.25,1.0,5.0,age,mcq,What is your age range?,0:::1:::2:::3:::4:::5,0-18:::19-25:::26-35:::36-50:::50-80:::80,1.0,19-25,2020-06-05 01:06:58
Soprano et al,Big-1,worker_12,True,unit_50,1.0,2020-06-05 01:06:58,0.0,start,False,standard,40.25,1.0,4.0,political_views,mcq,"In general, would you describe your political views as",0:::1:::2:::3:::4,Very conservative:::Conservative:::Moderate:::Liberal:::Very liberal,2.0,Moderate,2020-06-05 01:06:58
Soprano et al,Big-1,worker_116,True,unit_90,1.0,2020-06-05 01:40:48,0.0,start,False,standard,24.55,1.0,5.0,age,mcq,What is your age range?,0:::1:::2:::3:::4:::5,0-18:::19-25:::26-35:::36-50:::50-80:::80,2.0,26-35,2020-06-05 01:40:48
Soprano et al,Big-1,worker_116,True,unit_90,1.0,2020-06-05 01:41:25,0.0,start,False,crt,18.81,1.0,0.0,athletics,number,,,,4.0,,2020-06-05 01:41:25
Soprano et al,Big-1,worker_116,True,unit_90,1.0,2020-06-05 01:41:06,0.0,start,False,crt,8.7,1.0,0.0,marks,number,,,,1.0,,2020-06-05 01:41:06
Soprano et al,Big-1,worker_116,True,unit_90,1.0,2020-06-05 01:40:58,0.0,start,False,crt,9.46,1.0,0.0,farmers,number,,,,9.0,,2020-06-05 01:40:58
Soprano et al,Big-1,worker_116,True,unit_90,1.0,2020-06-05 01:40:48,0.0,start,False,standard,24.55,1.0,2.0,southern_border,mcq,Should the U.S. build a wall along the southern border?,0:::1:::2,Agree:::Disagree:::No opinion either way,1.0,Disagree,2020-06-05 01:40:48
Soprano et al,Big-1,worker_116,True,unit_90,1.0,2020-06-05 01:40:48,0.0,start,False,standard,24.55,1.0,2.0,environment,mcq,Should the government increase environmental regulations to prevent climate change?,0:::1:::2,Agree:::Disagree:::No opinion either way,0.0,Agree,2020-06-05 01:40:48
Soprano et al,Big-1,worker_116,True,unit_90,1.0,2020-06-05 01:40:48,0.0,start,False,standard,24.55,1.0,4.0,political_views,mcq,"In general, would you describe your political views as",0:::1:::2:::3:::4,Very conservative:::Conservative:::Moderate:::Liberal:::Very liberal,1.0,Conservative,2020-06-05 01:40:48
Soprano et al,Big-1,worker_116,True,unit_90,1.0,2020-06-05 01:40:48,0.0,start,False,standard,24.55,1.0,8.0,taxes,mcq,"Last year what was your total family income from all sources, before taxes?",0:::1:::2:::3:::4:::5:::6:::7:::8,"Less than 10,000:::10,000 to less than 20,000:::20,000 to less than 30,000:::30,000 to less than 40,000:::40,000 to less than 50,000:::50,000 to less than 75,000:::75,000 to less than 100,000:::100,000 to less than 150,000:::150,000 or more",6.0,"75,000 to less than 100,000",2020-06-05 01:40:48
Soprano et al,Big-1,worker_116,True,unit_90,1.0,2020-06-05 01:40:48,0.0,start,False,standard,24.55,1.0,5.0,school,mcq,What is the highest level of school you have completed or the highest degree you have received?,0:::1:::2:::3:::4:::5,"High school incomplete or less:::High school graduate or GED (includes technical/vocational training that doesn’t towards college credit):::Some college (some community college, associate’s degree):::Four year college degree/bachelor’s degree:::Some postgraduate or professional schooling, no postgraduate degree:::Postgraduate or professional degree, including master’s, doctorate, medical or law degree",1.0,High school graduate or GED (includes technical/vocational training that doesn’t towards college credit),2020-06-05 01:40:48
Soprano et al,Big-1,worker_116,True,unit_90,1.0,2020-06-05 01:40:48,0.0,start,False,standard,24.55,1.0,3.0,consideration,mcq,"In politics today, do you consider yourself a",0:::1:::2:::3,Republican:::Democrat:::Independent:::Something else,0.0,Republican,2020-06-05 01:40:48
Soprano et al,Big-1,worker_146,True,unit_150,1.0,2020-06-05 02:19:29,0.0,start,False,crt,18.99,1.0,0.0,athletics,number,,,,5.0,,2020-06-05 02:19:29
Soprano et al,Big-1,worker_146,True,unit_150,1.0,2020-06-05 02:18:43,0.0,start,False,crt,29.55,1.0,0.0,farmers,number,,,,9.0,,2020-06-05 02:18:43
Soprano et al,Big-1,worker_146,True,unit_150,1.0,2020-06-05 02:18:14,0.0,start,False,standard,28.01,1.0,2.0,environment,mcq,Should the government increase environmental regulations to prevent climate change?,0:::1:::2,Agree:::Disagree:::No opinion either way,0.0,Agree,2020-06-05 02:18:14
Soprano et al,Big-1,worker_146,True,unit_150,1.0,2020-06-05 02:18:14,0.0,start,False,standard,28.01,1.0,2.0,southern_border,mcq,Should the U.S. build a wall along the southern border?,0:::1:::2,Agree:::Disagree:::No opinion either way,1.0,Disagree,2020-06-05 02:18:14
Soprano et al,Big-1,worker_146,True,unit_150,1.0,2020-06-05 02:18:14,0.0,start,False,standard,28.01,1.0,5.0,age,mcq,What is your age range?,0:::1:::2:::3:::4:::5,0-18:::19-25:::26-35:::36-50:::50-80:::80,2.0,26-35,2020-06-05 02:18:14
Soprano et al,Big-1,worker_146,True,unit_150,1.0,2020-06-05 02:18:14,0.0,start,False,standard,28.01,1.0,5.0,school,mcq,What is the highest level of school you have completed or the highest degree you have received?,0:::1:::2:::3:::4:::5,"High school incomplete or less:::High school graduate or GED (includes technical/vocational training that doesn’t towards college credit):::Some college (some community college, associate’s degree):::Four year college degree/bachelor’s degree:::Some postgraduate or professional schooling, no postgraduate degree:::Postgraduate or professional degree, including master’s, doctorate, medical or law degree",5.0,"Postgraduate or professional degree, including master’s, doctorate, medical or law degree",2020-06-05 02:18:14
Soprano et al,Big-1,worker_146,True,unit_150,1.0,2020-06-05 02:18:14,0.0,start,False,standard,28.01,1.0,8.0,taxes,mcq,"Last year what was your total family income from all sources, before taxes?",0:::1:::2:::3:::4:::5:::6:::7:::8,"Less than 10,000:::10,000 to less than 20,000:::20,000 to less than 30,000:::30,000 to less than 40,000:::40,000 to less than 50,000:::50,000 to less than 75,000:::75,000 to less than 100,000:::100,000 to less than 150,000:::150,000 or more",4.0,"40,000 to less than 50,000",2020-06-05 02:18:14
Soprano et al,Big-1,worker_146,True,unit_150,1.0,2020-06-05 02:18:14,0.0,start,False,standard,28.01,1.0,4.0,political_views,mcq,"In general, would you describe your political views as",0:::1:::2:::3:::4,Very conservative:::Conservative:::Moderate:::Liberal:::Very liberal,2.0,Moderate,2020-06-05 02:18:14
Soprano et al,Big-1,worker_146,True,unit_150,1.0,2020-06-05 02:18:14,0.0,start,False,standard,28.01,1.0,3.0,consideration,mcq,"In politics today, do you consider yourself a",0:::1:::2:::3,Republican:::Democrat:::Independent:::Something else,2.0,Independent,2020-06-05 02:18:14
Soprano et al,Big-1,worker_146,True,unit_150,1.0,2020-06-05 02:19:10,0.0,start,False,crt,27.08,1.0,0.0,marks,number,,,,10.0,,2020-06-05 02:19:10
Soprano et al,Big-1,worker_190,True,unit_60,1.0,2020-06-05 02:48:09,0.0,start,False,standard,64.01,1.0,5.0,age,mcq,What is your age range?,0:::1:::2:::3:::4:::5,0-18:::19-25:::26-35:::36-50:::50-80:::80,3.0,36-50,2020-06-05 02:48:09
Soprano et al,Big-1,worker_190,True,unit_60,1.0,2020-06-05 02:58:59,0.0,start,False,crt,13.5,1.0,0.0,marks,number,,,,9.0,,2020-06-05 02:58:59
Soprano et al,Big-1,worker_190,True,unit_60,1.0,2020-06-05 02:58:46,0.0,start,False,crt,637.38,1.0,0.0,farmers,number,,,,3.0,,2020-06-05 02:58:46
Soprano et al,Big-1,worker_190,True,unit_60,1.0,2020-06-05 02:48:09,0.0,start,False,standard,64.01,1.0,2.0,environment,mcq,Should the government increase environmental regulations to prevent climate change?,0:::1:::2,Agree:::Disagree:::No opinion either way,0.0,Agree,2020-06-05 02:48:09
Soprano et al,Big-1,worker_190,True,unit_60,1.0,2020-06-05 02:48:09,0.0,start,False,standard,64.01,1.0,2.0,southern_border,mcq,Should the U.S. build a wall along the southern border?,0:::1:::2,Agree:::Disagree:::No opinion either way,1.0,Disagree,2020-06-05 02:48:09
Soprano et al,Big-1,worker_190,True,unit_60,1.0,2020-06-05 02:48:09,0.0,start,False,standard,64.01,1.0,3.0,consideration,mcq,"In politics today, do you consider yourself a",0:::1:::2:::3,Republican:::Democrat:::Independent:::Something else,1.0,Democrat,2020-06-05 02:48:09
Soprano et al,Big-1,worker_190,True,unit_60,1.0,2020-06-05 02:48:09,0.0,start,False,standard,64.01,1.0,4.0,political_views,mcq,"In general, would you describe your political views as",0:::1:::2:::3:::4,Very conservative:::Conservative:::Moderate:::Liberal:::Very liberal,4.0,Very liberal,2020-06-05 02:48:09
Soprano et al,Big-1,worker_190,True,unit_60,1.0,2020-06-05 02:48:09,0.0,start,False,standard,64.01,1.0,8.0,taxes,mcq,"Last year what was your total family income from all sources, before taxes?",0:::1:::2:::3:::4:::5:::6:::7:::8,"Less than 10,000:::10,000 to less than 20,000:::20,000 to less than 30,000:::30,000 to less than 40,000:::40,000 to less than 50,000:::50,000 to less than 75,000:::75,000 to less than 100,000:::100,000 to less than 150,000:::150,000 or more",0.0,"Less than 10,000",2020-06-05 02:48:09
Soprano et al,Big-1,worker_190,True,unit_60,1.0,2020-06-05 02:48:09,0.0,start,False,standard,64.01,1.0,5.0,school,mcq,What is the highest level of school you have completed or the highest degree you have received?,0:::1:::2:::3:::4:::5,"High school incomplete or less:::High school graduate or GED (includes technical/vocational training that doesn’t towards college credit):::Some college (some community college, associate’s degree):::Four year college degree/bachelor’s degree:::Some postgraduate or professional schooling, no postgraduate degree:::Postgraduate or professional degree, including master’s, doctorate, medical or law degree",2.0,"Some college (some community college, associate’s degree)",2020-06-05 02:48:09
Soprano et al,Big-1,worker_190,True,unit_60,1.0,2020-06-05 02:59:16,0.0,start,False,crt,16.84,1.0,0.0,athletics,number,,,,5.0,,2020-06-05 02:59:16
Soprano et al,Big-1,worker_153,True,unit_152,1.0,2020-06-05 03:03:27,0.0,start,False,crt,13.59,1.0,0.0,farmers,number,,,,9.0,,2020-06-05 03:03:27
Soprano et al,Big-1,worker_153,True,unit_152,1.0,2020-06-05 03:03:13,0.0,start,False,standard,17.88,1.0,2.0,environment,mcq,Should the government increase environmental regulations to prevent climate change?,0:::1:::2,Agree:::Disagree:::No opinion either way,0.0,Agree,2020-06-05 03:03:13
Soprano et al,Big-1,worker_153,True,unit_152,1.0,2020-06-05 03:03:13,0.0,start,False,standard,17.88,1.0,2.0,southern_border,mcq,Should the U.S. build a wall along the southern border?,0:::1:::2,Agree:::Disagree:::No opinion either way,0.0,Agree,2020-06-05 03:03:13
Soprano et al,Big-1,worker_153,True,unit_152,1.0,2020-06-05 03:03:13,0.0,start,False,standard,17.88,1.0,5.0,age,mcq,What is your age range?,0:::1:::2:::3:::4:::5,0-18:::19-25:::26-35:::36-50:::50-80:::80,1.0,19-25,2020-06-05 03:03:13
Soprano et al,Big-1,worker_153,True,unit_152,1.0,2020-06-05 03:03:13,0.0,start,False,standard,17.88,1.0,4.0,political_views,mcq,"In general, would you describe your political views as",0:::1:::2:::3:::4,Very conservative:::Conservative:::Moderate:::Liberal:::Very liberal,1.0,Conservative,2020-06-05 03:03:13
Soprano et al,Big-1,worker_153,True,unit_152,1.0,2020-06-05 03:03:13,0.0,start,False,standard,17.88,1.0,8.0,taxes,mcq,"Last year what was your total family income from all sources, before taxes?",0:::1:::2:::3:::4:::5:::6:::7:::8,"Less than 10,000:::10,000 to less than 20,000:::20,000 to less than 30,000:::30,000 to less than 40,000:::40,000 to less than 50,000:::50,000 to less than 75,000:::75,000 to less than 100,000:::100,000 to less than 150,000:::150,000 or more",0.0,"Less than 10,000",2020-06-05 03:03:13
Soprano et al,Big-1,worker_153,True,unit_152,1.0,2020-06-05 03:03:40,0.0,start,False,crt,13.38,1.0,0.0,marks,number,,,,9.0,,2020-06-05 03:03:40
Soprano et al,Big-1,worker_153,True,unit_152,1.0,2020-06-05 03:04:13,0.0,start,False,crt,32.26,1.0,0.0,athletics,number,,,,5.0,,2020-06-05 03:04:13
Soprano et al,Big-1,worker_153,True,unit_152,1.0,2020-06-05 03:03:13,0.0,start,False,standard,17.88,1.0,3.0,consideration,mcq,"In politics today, do you consider yourself a",0:::1:::2:::3,Republican:::Democrat:::Independent:::Something else,0.0,Republican,2020-06-05 03:03:13
Soprano et al,Big-1,worker_153,True,unit_152,1.0,2020-06-05 03:03:13,0.0,start,False,standard,17.88,1.0,5.0,school,mcq,What is the highest level of school you have completed or the highest degree you have received?,0:::1:::2:::3:::4:::5,"High school incomplete or less:::High school graduate or GED (includes technical/vocational training that doesn’t towards college credit):::Some college (some community college, associate’s degree):::Four year college degree/bachelor’s degree:::Some postgraduate or professional schooling, no postgraduate degree:::Postgraduate or professional degree, including master’s, doctorate, medical or law degree",3.0,Four year college degree/bachelor’s degree,2020-06-05 03:03:13
Soprano et al,Big-1,worker_78,True,unit_116,1.0,2020-06-05 04:18:27,0.0,start,False,crt,25.39,1.0,0.0,athletics,number,,,,5.0,,2020-06-05 04:18:27
Soprano et al,Big-1,worker_78,True,unit_116,1.0,2020-06-05 04:18:01,0.0,start,False,crt,19.71,1.0,0.0,marks,number,,,,9.0,,2020-06-05 04:18:01
Soprano et al,Big-1,worker_78,True,unit_116,1.0,2020-06-05 04:17:24,0.0,start,False,standard,32.89,1.0,2.0,environment,mcq,Should the government increase environmental regulations to prevent climate change?,0:::1:::2,Agree:::Disagree:::No opinion either way,2.0,No opinion either way,2020-06-05 04:17:24
Soprano et al,Big-1,worker_78,True,unit_116,1.0,2020-06-05 04:17:24,0.0,start,False,standard,32.89,1.0,2.0,southern_border,mcq,Should the U.S. build a wall along the southern border?,0:::1:::2,Agree:::Disagree:::No opinion either way,0.0,Agree,2020-06-05 04:17:24
Soprano et al,Big-1,worker_78,True,unit_116,1.0,2020-06-05 04:17:42,0.0,start,False,crt,17.15,1.0,0.0,farmers,number,,,,3.0,,2020-06-05 04:17:42
Soprano et al,Big-1,worker_78,True,unit_116,1.0,2020-06-05 04:17:24,0.0,start,False,standard,32.89,1.0,3.0,consideration,mcq,"In politics today, do you consider yourself a",0:::1:::2:::3,Republican:::Democrat:::Independent:::Something else,3.0,Something else,2020-06-05 04:17:24
Soprano et al,Big-1,worker_78,True,unit_116,1.0,2020-06-05 04:17:24,0.0,start,False,standard,32.89,1.0,5.0,school,mcq,What is the highest level of school you have completed or the highest degree you have received?,0:::1:::2:::3:::4:::5,"High school incomplete or less:::High school graduate or GED (includes technical/vocational training that doesn’t towards college credit):::Some college (some community college, associate’s degree):::Four year college degree/bachelor’s degree:::Some postgraduate or professional schooling, no postgraduate degree:::Postgraduate or professional degree, including master’s, doctorate, medical or law degree",2.0,"Some college (some community college, associate’s degree)",2020-06-05 04:17:24
Soprano et al,Big-1,worker_78,True,unit_116,1.0,2020-06-05 04:17:24,0.0,start,False,standard,32.89,1.0,4.0,political_views,mcq,"In general, would you describe your political views as",0:::1:::2:::3:::4,Very conservative:::Conservative:::Moderate:::Liberal:::Very liberal,0.0,Very conservative,2020-06-05 04:17:24
Soprano et al,Big-1,worker_78,True,unit_116,1.0,2020-06-05 04:17:24,0.0,start,False,standard,32.89,1.0,5.0,age,mcq,What is your age range?,0:::1:::2:::3:::4:::5,0-18:::19-25:::26-35:::36-50:::50-80:::80,2.0,26-35,2020-06-05 04:17:24
Soprano et al,Big-1,worker_78,True,unit_116,1.0,2020-06-05 04:17:24,0.0,start,False,standard,32.89,1.0,8.0,taxes,mcq,"Last year what was your total family income from all sources, before taxes?",0:::1:::2:::3:::4:::5:::6:::7:::8,"Less than 10,000:::10,000 to less than 20,000:::20,000 to less than 30,000:::30,000 to less than 40,000:::40,000 to less than 50,000:::50,000 to less than 75,000:::75,000 to less than 100,000:::100,000 to less than 150,000:::150,000 or more",5.0,"50,000 to less than 75,000",2020-06-05 04:17:24
Soprano et al,Big-1,worker_60,True,unit_0,1.0,2020-06-05 04:24:27,0.0,start,False,crt,6.39,1.0,0.0,farmers,number,,,,3.0,,2020-06-05 04:24:27
Soprano et al,Big-1,worker_60,True,unit_0,1.0,2020-06-05 04:24:20,0.0,start,False,standard,13.84,1.0,5.0,age,mcq,What is your age range?,0:::1:::2:::3:::4:::5,0-18:::19-25:::26-35:::36-50:::50-80:::80,3.0,36-50,2020-06-05 04:24:20
Soprano et al,Big-1,worker_60,True,unit_0,1.0,2020-06-05 04:24:20,0.0,start,False,standard,13.84,1.0,5.0,school,mcq,What is the highest level of school you have completed or the highest degree you have received?,0:::1:::2:::3:::4:::5,"High school incomplete or less:::High school graduate or GED (includes technical/vocational training that doesn’t towards college credit):::Some college (some community college, associate’s degree):::Four year college degree/bachelor’s degree:::Some postgraduate or professional schooling, no postgraduate degree:::Postgraduate or professional degree, including master’s, doctorate, medical or law degree",5.0,"Postgraduate or professional degree, including master’s, doctorate, medical or law degree",2020-06-05 04:24:20
Soprano et al,Big-1,worker_60,True,unit_0,1.0,2020-06-05 04:24:20,0.0,start,False,standard,13.84,1.0,8.0,taxes,mcq,"Last year what was your total family income from all sources, before taxes?",0:::1:::2:::3:::4:::5:::6:::7:::8,"Less than 10,000:::10,000 to less than 20,000:::20,000 to less than 30,000:::30,000 to less than 40,000:::40,000 to less than 50,000:::50,000 to less than 75,000:::75,000 to less than 100,000:::100,000 to less than 150,000:::150,000 or more",7.0,"100,000 to less than 150,000",2020-06-05 04:24:20
Soprano et al,Big-1,worker_60,True,unit_0,1.0,2020-06-05 04:24:20,0.0,start,False,standard,13.84,1.0,4.0,political_views,mcq,"In general, would you describe your political views as",0:::1:::2:::3:::4,Very conservative:::Conservative:::Moderate:::Liberal:::Very liberal,2.0,Moderate,2020-06-05 04:24:20
Soprano et al,Big-1,worker_60,True,unit_0,1.0,2020-06-05 04:24:20,0.0,start,False,standard,13.84,1.0,3.0,consideration,mcq,"In politics today, do you consider yourself a",0:::1:::2:::3,Republican:::Democrat:::Independent:::Something else,0.0,Republican,2020-06-05 04:24:20
Soprano et al,Big-1,worker_60,True,unit_0,1.0,2020-06-05 04:24:20,0.0,start,False,standard,13.84,1.0,2.0,southern_border,mcq,Should the U.S. build a wall along the southern border?,0:::1:::2,Agree:::Disagree:::No opinion either way,1.0,Disagree,2020-06-05 04:24:20
Soprano et al,Big-1,worker_60,True,unit_0,1.0,2020-06-05 04:24:32,0.0,start,False,crt,5.22,1.0,0.0,marks,number,,,,9.0,,2020-06-05 04:24:32
Soprano et al,Big-1,worker_60,True,unit_0,1.0,2020-06-05 04:24:39,0.0,start,False,crt,7.29,1.0,0.0,athletics,number,,,,4.0,,2020-06-05 04:24:39
Soprano et al,Big-1,worker_60,True,unit_0,1.0,2020-06-05 04:24:20,0.0,start,False,standard,13.84,1.0,2.0,environment,mcq,Should the government increase environmental regulations to prevent climate change?,0:::1:::2,Agree:::Disagree:::No opinion either way,0.0,Agree,2020-06-05 04:24:20
Soprano et al,Big-1,worker_86,True,unit_146,1.0,2020-06-05 05:08:41,0.0,start,False,standard,46.01,1.0,4.0,political_views,mcq,"In general, would you describe your political views as",0:::1:::2:::3:::4,Very conservative:::Conservative:::Moderate:::Liberal:::Very liberal,2.0,Moderate,2020-06-05 05:08:41
Soprano et al,Big-1,worker_86,True,unit_146,1.0,2020-06-05 05:08:41,0.0,start,False,standard,46.01,1.0,2.0,environment,mcq,Should the government increase environmental regulations to prevent climate change?,0:::1:::2,Agree:::Disagree:::No opinion either way,2.0,No opinion either way,2020-06-05 05:08:41
Soprano et al,Big-1,worker_86,True,unit_146,1.0,2020-06-05 05:08:41,0.0,start,False,standard,46.01,1.0,5.0,age,mcq,What is your age range?,0:::1:::2:::3:::4:::5,0-18:::19-25:::26-35:::36-50:::50-80:::80,2.0,26-35,2020-06-05 05:08:41
Soprano et al,Big-1,worker_86,True,unit_146,1.0,2020-06-05 05:08:41,0.0,start,False,standard,46.01,1.0,5.0,school,mcq,What is the highest level of school you have completed or the highest degree you have received?,0:::1:::2:::3:::4:::5,"High school incomplete or less:::High school graduate or GED (includes technical/vocational training that doesn’t towards college credit):::Some college (some community college, associate’s degree):::Four year college degree/bachelor’s degree:::Some postgraduate or professional schooling, no postgraduate degree:::Postgraduate or professional degree, including master’s, doctorate, medical or law degree",1.0,High school graduate or GED (includes technical/vocational training that doesn’t towards college credit),2020-06-05 05:08:41
Soprano et al,Big-1,worker_86,True,unit_146,1.0,2020-06-05 05:08:41,0.0,start,False,standard,46.01,1.0,8.0,taxes,mcq,"Last year what was your total family income from all sources, before taxes?",0:::1:::2:::3:::4:::5:::6:::7:::8,"Less than 10,000:::10,000 to less than 20,000:::20,000 to less than 30,000:::30,000 to less than 40,000:::40,000 to less than 50,000:::50,000 to less than 75,000:::75,000 to less than 100,000:::100,000 to less than 150,000:::150,000 or more",5.0,"50,000 to less than 75,000",2020-06-05 05:08:41
Soprano et al,Big-1,worker_86,True,unit_146,1.0,2020-06-05 05:09:15,0.0,start,False,crt,34.41,1.0,0.0,farmers,number,,,,9.0,,2020-06-05 05:09:15
Soprano et al,Big-1,worker_86,True,unit_146,1.0,2020-06-05 05:08:41,0.0,start,False,standard,46.01,1.0,3.0,consideration,mcq,"In politics today, do you consider yourself a",0:::1:::2:::3,Republican:::Democrat:::Independent:::Something else,3.0,Something else,2020-06-05 05:08:41
Soprano et al,Big-1,worker_86,True,unit_146,1.0,2020-06-05 05:11:09,0.0,start,False,crt,66.38,1.0,0.0,athletics,number,,,,16.0,,2020-06-05 05:11:09
Soprano et al,Big-1,worker_86,True,unit_146,1.0,2020-06-05 05:08:41,0.0,start,False,standard,46.01,1.0,2.0,southern_border,mcq,Should the U.S. build a wall along the southern border?,0:::1:::2,Agree:::Disagree:::No opinion either way,2.0,No opinion either way,2020-06-05 05:08:41
Soprano et al,Big-1,worker_86,True,unit_146,1.0,2020-06-05 05:10:02,0.0,start,False,crt,47.53,1.0,0.0,marks,number,,,,20.0,,2020-06-05 05:10:02
Soprano et al,Big-1,worker_178,True,unit_196,1.0,2020-06-05 06:07:45,0.0,start,False,standard,58.99,1.0,5.0,age,mcq,What is your age range?,0:::1:::2:::3:::4:::5,0-18:::19-25:::26-35:::36-50:::50-80:::80,3.0,36-50,2020-06-05 06:07:45
Soprano et al,Big-1,worker_178,True,unit_196,1.0,2020-06-05 06:07:45,0.0,start,False,standard,58.99,1.0,4.0,political_views,mcq,"In general, would you describe your political views as",0:::1:::2:::3:::4,Very conservative:::Conservative:::Moderate:::Liberal:::Very liberal,2.0,Moderate,2020-06-05 06:07:45
Soprano et al,Big-1,worker_178,True,unit_196,1.0,2020-06-05 06:07:45,0.0,start,False,standard,58.99,1.0,3.0,consideration,mcq,"In politics today, do you consider yourself a",0:::1:::2:::3,Republican:::Democrat:::Independent:::Something else,1.0,Democrat,2020-06-05 06:07:45
Soprano et al,Big-1,worker_178,True,unit_196,1.0,2020-06-05 06:07:45,0.0,start,False,standard,58.99,1.0,2.0,southern_border,mcq,Should the U.S. build a wall along the southern border?,0:::1:::2,Agree:::Disagree:::No opinion either way,0.0,Agree,2020-06-05 06:07:45
Soprano et al,Big-1,worker_178,True,unit_196,1.0,2020-06-05 06:07:45,0.0,start,False,standard,58.99,1.0,2.0,environment,mcq,Should the government increase environmental regulations to prevent climate change?,0:::1:::2,Agree:::Disagree:::No opinion either way,0.0,Agree,2020-06-05 06:07:45
Soprano et al,Big-1,worker_178,True,unit_196,1.0,2020-06-05 06:08:04,0.0,start,False,crt,18.03,1.0,0.0,farmers,number,,,,3.0,,2020-06-05 06:08:04
Soprano et al,Big-1,worker_178,True,unit_196,1.0,2020-06-05 06:08:14,0.0,start,False,crt,10.37,1.0,0.0,marks,number,,,,9.0,,2020-06-05 06:08:14
Soprano et al,Big-1,worker_178,True,unit_196,1.0,2020-06-05 06:08:25,0.0,start,False,crt,10.7,1.0,0.0,athletics,number,,,,4.0,,2020-06-05 06:08:25
Soprano et al,Big-1,worker_178,True,unit_196,1.0,2020-06-05 06:07:45,0.0,start,False,standard,58.99,1.0,5.0,school,mcq,What is the highest level of school you have completed or the highest degree you have received?,0:::1:::2:::3:::4:::5,"High school incomplete or less:::High school graduate or GED (includes technical/vocational training that doesn’t towards college credit):::Some college (some community college, associate’s degree):::Four year college degree/bachelor’s degree:::Some postgraduate or professional schooling, no postgraduate degree:::Postgraduate or professional degree, including master’s, doctorate, medical or law degree",3.0,Four year college degree/bachelor’s degree,2020-06-05 06:07:45
Soprano et al,Big-1,worker_178,True,unit_196,1.0,2020-06-05 06:07:45,0.0,start,False,standard,58.99,1.0,8.0,taxes,mcq,"Last year what was your total family income from all sources, before taxes?",0:::1:::2:::3:::4:::5:::6:::7:::8,"Less than 10,000:::10,000 to less than 20,000:::20,000 to less than 30,000:::30,000 to less than 40,000:::40,000 to less than 50,000:::50,000 to less than 75,000:::75,000 to less than 100,000:::100,000 to less than 150,000:::150,000 or more",5.0,"50,000 to less than 75,000",2020-06-05 06:07:45
Soprano et al,Big-1,worker_108,True,unit_112,1.0,2020-06-05 06:07:32,0.0,start,False,standard,23.29,1.0,5.0,age,mcq,What is your age range?,0:::1:::2:::3:::4:::5,0-18:::19-25:::26-35:::36-50:::50-80:::80,1.0,19-25,2020-06-05 06:07:32
Soprano et al,Big-1,worker_108,True,unit_112,1.0,2020-06-05 06:07:32,0.0,start,False,standard,23.29,1.0,5.0,school,mcq,What is the highest level of school you have completed or the highest degree you have received?,0:::1:::2:::3:::4:::5,"High school incomplete or less:::High school graduate or GED (includes technical/vocational training that doesn’t towards college credit):::Some college (some community college, associate’s degree):::Four year college degree/bachelor’s degree:::Some postgraduate or professional schooling, no postgraduate degree:::Postgraduate or professional degree, including master’s, doctorate, medical or law degree",3.0,Four year college degree/bachelor’s degree,2020-06-05 06:07:32
Soprano et al,Big-1,worker_108,True,unit_112,1.0,2020-06-05 06:07:32,0.0,start,False,standard,23.29,1.0,8.0,taxes,mcq,"Last year what was your total family income from all sources, before taxes?",0:::1:::2:::3:::4:::5:::6:::7:::8,"Less than 10,000:::10,000 to less than 20,000:::20,000 to less than 30,000:::30,000 to less than 40,000:::40,000 to less than 50,000:::50,000 to less than 75,000:::75,000 to less than 100,000:::100,000 to less than 150,000:::150,000 or more",4.0,"40,000 to less than 50,000",2020-06-05 06:07:32
Soprano et al,Big-1,worker_108,True,unit_112,1.0,2020-06-05 06:07:32,0.0,start,False,standard,23.29,1.0,4.0,political_views,mcq,"In general, would you describe your political views as",0:::1:::2:::3:::4,Very conservative:::Conservative:::Moderate:::Liberal:::Very liberal,3.0,Liberal,2020-06-05 06:07:32
Soprano et al,Big-1,worker_108,True,unit_112,1.0,2020-06-05 06:09:05,0.0,start,False,crt,41.71,1.0,0.0,marks,number,,,,5.0,,2020-06-05 06:09:05
Soprano et al,Big-1,worker_108,True,unit_112,1.0,2020-06-05 06:07:32,0.0,start,False,standard,23.29,1.0,2.0,environment,mcq,Should the government increase environmental regulations to prevent climate change?,0:::1:::2,Agree:::Disagree:::No opinion either way,0.0,Agree,2020-06-05 06:07:32
Soprano et al,Big-1,worker_108,True,unit_112,1.0,2020-06-05 06:08:23,0.0,start,False,crt,51.5,1.0,0.0,farmers,number,,,,3.0,,2020-06-05 06:08:23
Soprano et al,Big-1,worker_108,True,unit_112,1.0,2020-06-05 06:09:35,0.0,start,False,crt,29.53,1.0,0.0,athletics,number,,,,4.0,,2020-06-05 06:09:35
Soprano et al,Big-1,worker_108,True,unit_112,1.0,2020-06-05 06:07:32,0.0,start,False,standard,23.29,1.0,2.0,southern_border,mcq,Should the U.S. build a wall along the southern border?,0:::1:::2,Agree:::Disagree:::No opinion either way,1.0,Disagree,2020-06-05 06:07:32
Soprano et al,Big-1,worker_108,True,unit_112,1.0,2020-06-05 06:07:32,0.0,start,False,standard,23.29,1.0,3.0,consideration,mcq,"In politics today, do you consider yourself a",0:::1:::2:::3,Republican:::Democrat:::Independent:::Something else,2.0,Independent,2020-06-05 06:07:32
Soprano et al,Big-1,worker_34,True,unit_52,1.0,2020-06-05 06:42:12,0.0,start,False,standard,43.31,1.0,5.0,school,mcq,What is the highest level of school you have completed or the highest degree you have received?,0:::1:::2:::3:::4:::5,"High school incomplete or less:::High school graduate or GED (includes technical/vocational training that doesn’t towards college credit):::Some college (some community college, associate’s degree):::Four year college degree/bachelor’s degree:::Some postgraduate or professional schooling, no postgraduate degree:::Postgraduate or professional degree, including master’s, doctorate, medical or law degree",2.0,"Some college (some community college, associate’s degree)",2020-06-05 06:42:12
Soprano et al,Big-1,worker_34,True,unit_52,1.0,2020-06-05 06:42:12,0.0,start,False,standard,43.31,1.0,5.0,age,mcq,What is your age range?,0:::1:::2:::3:::4:::5,0-18:::19-25:::26-35:::36-50:::50-80:::80,1.0,19-25,2020-06-05 06:42:12
Soprano et al,Big-1,worker_34,True,unit_52,1.0,2020-06-05 06:44:35,0.0,start,False,crt,51.7,1.0,0.0,athletics,number,,,,20.0,,2020-06-05 06:44:35
Soprano et al,Big-1,worker_34,True,unit_52,1.0,2020-06-05 06:43:44,0.0,start,False,crt,47.64,1.0,0.0,marks,number,,,,20.0,,2020-06-05 06:43:44
Soprano et al,Big-1,worker_34,True,unit_52,1.0,2020-06-05 06:42:12,0.0,start,False,standard,43.31,1.0,8.0,taxes,mcq,"Last year what was your total family income from all sources, before taxes?",0:::1:::2:::3:::4:::5:::6:::7:::8,"Less than 10,000:::10,000 to less than 20,000:::20,000 to less than 30,000:::30,000 to less than 40,000:::40,000 to less than 50,000:::50,000 to less than 75,000:::75,000 to less than 100,000:::100,000 to less than 150,000:::150,000 or more",4.0,"40,000 to less than 50,000",2020-06-05 06:42:12
Soprano et al,Big-1,worker_34,True,unit_52,1.0,2020-06-05 06:42:12,0.0,start,False,standard,43.31,1.0,2.0,environment,mcq,Should the government increase environmental regulations to prevent climate change?,0:::1:::2,Agree:::Disagree:::No opinion either way,0.0,Agree,2020-06-05 06:42:12
Soprano et al,Big-1,worker_34,True,unit_52,1.0,2020-06-05 06:42:12,0.0,start,False,standard,43.31,1.0,4.0,political_views,mcq,"In general, would you describe your political views as",0:::1:::2:::3:::4,Very conservative:::Conservative:::Moderate:::Liberal:::Very liberal,1.0,Conservative,2020-06-05 06:42:12
Soprano et al,Big-1,worker_34,True,unit_52,1.0,2020-06-05 06:42:12,0.0,start,False,standard,43.31,1.0,2.0,southern_border,mcq,Should the U.S. build a wall along the southern border?,0:::1:::2,Agree:::Disagree:::No opinion either way,0.0,Agree,2020-06-05 06:42:12
Soprano et al,Big-1,worker_34,True,unit_52,1.0,2020-06-05 06:42:12,0.0,start,False,standard,43.31,1.0,3.0,consideration,mcq,"In politics today, do you consider yourself a",0:::1:::2:::3,Republican:::Democrat:::Independent:::Something else,1.0,Democrat,2020-06-05 06:42:12
Soprano et al,Big-1,worker_34,True,unit_52,1.0,2020-06-05 06:42:56,0.0,start,False,crt,44.18,1.0,0.0,farmers,number,,,,4.0,,2020-06-05 06:42:56
Soprano et al,Big-1,worker_18,True,unit_46,1.0,2020-06-05 07:52:08,0.0,start,False,crt,24.43,1.0,0.0,farmers,number,,,,7.0,,2020-06-05 07:52:08
Soprano et al,Big-1,worker_18,True,unit_46,1.0,2020-06-05 07:52:25,0.0,start,False,crt,16.29,1.0,0.0,marks,number,,,,5.0,,2020-06-05 07:52:25
Soprano et al,Big-1,worker_18,True,unit_46,1.0,2020-06-05 07:52:37,0.0,start,False,crt,11.88,1.0,0.0,athletics,number,,,,8.0,,2020-06-05 07:52:37
Soprano et al,Big-1,worker_18,True,unit_46,1.0,2020-06-05 07:51:44,0.0,start,False,standard,146.45,1.0,2.0,southern_border,mcq,Should the U.S. build a wall along the southern border?,0:::1:::2,Agree:::Disagree:::No opinion either way,0.0,Agree,2020-06-05 07:51:44
Soprano et al,Big-1,worker_18,True,unit_46,1.0,2020-06-05 07:51:44,0.0,start,False,standard,146.45,1.0,4.0,political_views,mcq,"In general, would you describe your political views as",0:::1:::2:::3:::4,Very conservative:::Conservative:::Moderate:::Liberal:::Very liberal,2.0,Moderate,2020-06-05 07:51:44
Soprano et al,Big-1,worker_18,True,unit_46,1.0,2020-06-05 07:51:44,0.0,start,False,standard,146.45,1.0,8.0,taxes,mcq,"Last year what was your total family income from all sources, before taxes?",0:::1:::2:::3:::4:::5:::6:::7:::8,"Less than 10,000:::10,000 to less than 20,000:::20,000 to less than 30,000:::30,000 to less than 40,000:::40,000 to less than 50,000:::50,000 to less than 75,000:::75,000 to less than 100,000:::100,000 to less than 150,000:::150,000 or more",3.0,"30,000 to less than 40,000",2020-06-05 07:51:44
Soprano et al,Big-1,worker_18,True,unit_46,1.0,2020-06-05 07:51:44,0.0,start,False,standard,146.45,1.0,5.0,school,mcq,What is the highest level of school you have completed or the highest degree you have received?,0:::1:::2:::3:::4:::5,"High school incomplete or less:::High school graduate or GED (includes technical/vocational training that doesn’t towards college credit):::Some college (some community college, associate’s degree):::Four year college degree/bachelor’s degree:::Some postgraduate or professional schooling, no postgraduate degree:::Postgraduate or professional degree, including master’s, doctorate, medical or law degree",3.0,Four year college degree/bachelor’s degree,2020-06-05 07:51:44
Soprano et al,Big-1,worker_18,True,unit_46,1.0,2020-06-05 07:51:44,0.0,start,False,standard,146.45,1.0,5.0,age,mcq,What is your age range?,0:::1:::2:::3:::4:::5,0-18:::19-25:::26-35:::36-50:::50-80:::80,1.0,19-25,2020-06-05 07:51:44
Soprano et al,Big-1,worker_18,True,unit_46,1.0,2020-06-05 07:51:44,0.0,start,False,standard,146.45,1.0,3.0,consideration,mcq,"In politics today, do you consider yourself a",0:::1:::2:::3,Republican:::Democrat:::Independent:::Something else,2.0,Independent,2020-06-05 07:51:44
Soprano et al,Big-1,worker_18,True,unit_46,1.0,2020-06-05 07:51:44,0.0,start,False,standard,146.45,1.0,2.0,environment,mcq,Should the government increase environmental regulations to prevent climate change?,0:::1:::2,Agree:::Disagree:::No opinion either way,1.0,Disagree,2020-06-05 07:51:44
Soprano et al,Big-1,worker_6,True,unit_18,1.0,2020-06-05 08:15:50,0.0,start,False,standard,25.95,1.0,3.0,consideration,mcq,"In politics today, do you consider yourself a",0:::1:::2:::3,Republican:::Democrat:::Independent:::Something else,1.0,Democrat,2020-06-05 08:15:50
Soprano et al,Big-1,worker_6,True,unit_18,1.0,2020-06-05 08:17:25,0.0,start,False,crt,37.26,1.0,0.0,marks,number,,,,5.0,,2020-06-05 08:17:25
Soprano et al,Big-1,worker_6,True,unit_18,1.0,2020-06-05 08:15:50,0.0,start,False,standard,25.95,1.0,5.0,school,mcq,What is the highest level of school you have completed or the highest degree you have received?,0:::1:::2:::3:::4:::5,"High school incomplete or less:::High school graduate or GED (includes technical/vocational training that doesn’t towards college credit):::Some college (some community college, associate’s degree):::Four year college degree/bachelor’s degree:::Some postgraduate or professional schooling, no postgraduate degree:::Postgraduate or professional degree, including master’s, doctorate, medical or law degree",2.0,"Some college (some community college, associate’s degree)",2020-06-05 08:15:50
Soprano et al,Big-1,worker_6,True,unit_18,1.0,2020-06-05 08:16:47,0.0,start,False,crt,56.95,1.0,0.0,farmers,number,,,,3.0,,2020-06-05 08:16:47
Soprano et al,Big-1,worker_6,True,unit_18,1.0,2020-06-05 08:18:05,0.0,start,False,crt,40.09,1.0,0.0,athletics,number,,,,2.0,,2020-06-05 08:18:05
Soprano et al,Big-1,worker_6,True,unit_18,1.0,2020-06-05 08:15:50,0.0,start,False,standard,25.95,1.0,5.0,age,mcq,What is your age range?,0:::1:::2:::3:::4:::5,0-18:::19-25:::26-35:::36-50:::50-80:::80,3.0,36-50,2020-06-05 08:15:50
Soprano et al,Big-1,worker_6,True,unit_18,1.0,2020-06-05 08:15:50,0.0,start,False,standard,25.95,1.0,8.0,taxes,mcq,"Last year what was your total family income from all sources, before taxes?",0:::1:::2:::3:::4:::5:::6:::7:::8,"Less than 10,000:::10,000 to less than 20,000:::20,000 to less than 30,000:::30,000 to less than 40,000:::40,000 to less than 50,000:::50,000 to less than 75,000:::75,000 to less than 100,000:::100,000 to less than 150,000:::150,000 or more",0.0,"Less than 10,000",2020-06-05 08:15:50
Soprano et al,Big-1,worker_6,True,unit_18,1.0,2020-06-05 08:15:50,0.0,start,False,standard,25.95,1.0,4.0,political_views,mcq,"In general, would you describe your political views as",0:::1:::2:::3:::4,Very conservative:::Conservative:::Moderate:::Liberal:::Very liberal,3.0,Liberal,2020-06-05 08:15:50
Soprano et al,Big-1,worker_6,True,unit_18,1.0,2020-06-05 08:15:50,0.0,start,False,standard,25.95,1.0,2.0,southern_border,mcq,Should the U.S. build a wall along the southern border?,0:::1:::2,Agree:::Disagree:::No opinion either way,1.0,Disagree,2020-06-05 08:15:50
Soprano et al,Big-1,worker_6,True,unit_18,1.0,2020-06-05 08:15:50,0.0,start,False,standard,25.95,1.0,2.0,environment,mcq,Should the government increase environmental regulations to prevent climate change?,0:::1:::2,Agree:::Disagree:::No opinion either way,0.0,Agree,2020-06-05 08:15:50
Soprano et al,Small-0,worker_123,True,unit_2,1.0,2020-06-05 20:02:29,0.0,start,False,standard,23.88,1.0,5.0,age,mcq,What is your age range?,0:::1:::2:::3:::4:::5,0-18:::19-25:::26-35:::36-50:::50-80:::80,1.0,19-25,2020-06-05 20:02:29
Soprano et al,Small-0,worker_123,True,unit_2,1.0,2020-06-05 20:02:29,0.0,start,False,standard,23.88,1.0,8.0,taxes,mcq,"Last year what was your total family income from all sources, before taxes?",0:::1:::2:::3:::4:::5:::6:::7:::8,"Less than 10,000:::10,000 to less than 20,000:::20,000 to less than 30,000:::30,000 to less than 40,000:::40,000 to less than 50,000:::50,000 to less than 75,000:::75,000 to less than 100,000:::100,000 to less than 150,000:::150,000 or more",1.0,"10,000 to less than 20,000",2020-06-05 20:02:29
Soprano et al,Small-0,worker_123,True,unit_2,1.0,2020-06-05 20:02:29,0.0,start,False,standard,23.88,1.0,4.0,political_views,mcq,"In general, would you describe your political views as",0:::1:::2:::3:::4,Very conservative:::Conservative:::Moderate:::Liberal:::Very liberal,1.0,Conservative,2020-06-05 20:02:29
Soprano et al,Small-0,worker_123,True,unit_2,1.0,2020-06-05 20:02:29,0.0,start,False,standard,23.88,1.0,3.0,consideration,mcq,"In politics today, do you consider yourself a",0:::1:::2:::3,Republican:::Democrat:::Independent:::Something else,0.0,Republican,2020-06-05 20:02:29
Soprano et al,Small-0,worker_123,True,unit_2,1.0,2020-06-05 20:02:29,0.0,start,False,standard,23.88,1.0,2.0,southern_border,mcq,Should the U.S. build a wall along the southern border?,0:::1:::2,Agree:::Disagree:::No opinion either way,1.0,Disagree,2020-06-05 20:02:29
Soprano et al,Small-0,worker_123,True,unit_2,1.0,2020-06-05 20:02:29,0.0,start,False,standard,23.88,1.0,2.0,environment,mcq,Should the government increase environmental regulations to prevent climate change?,0:::1:::2,Agree:::Disagree:::No opinion either way,0.0,Agree,2020-06-05 20:02:29
Soprano et al,Small-0,worker_123,True,unit_2,1.0,2020-06-05 20:02:53,0.0,start,False,crt,23.98,1.0,0.0,farmers,number,,,,3.0,,2020-06-05 20:02:53
Soprano et al,Small-0,worker_123,True,unit_2,1.0,2020-06-05 20:03:05,0.0,start,False,crt,11.29,1.0,0.0,marks,number,,,,10.0,,2020-06-05 20:03:05
Soprano et al,Small-0,worker_123,True,unit_2,1.0,2020-06-05 20:02:29,0.0,start,False,standard,23.88,1.0,5.0,school,mcq,What is the highest level of school you have completed or the highest degree you have received?,0:::1:::2:::3:::4:::5,"High school incomplete or less:::High school graduate or GED (includes technical/vocational training that doesn’t towards college credit):::Some college (some community college, associate’s degree):::Four year college degree/bachelor’s degree:::Some postgraduate or professional schooling, no postgraduate degree:::Postgraduate or professional degree, including master’s, doctorate, medical or law degree",3.0,Four year college degree/bachelor’s degree,2020-06-05 20:02:29
Soprano et al,Small-0,worker_123,True,unit_2,1.0,2020-06-05 20:03:57,0.0,start,False,crt,52.79,1.0,0.0,athletics,number,,,,4.0,,2020-06-05 20:03:57
Soprano et al,Big-1,worker_192,True,unit_92,1.0,2020-06-05 21:33:00,0.0,start,False,crt,27.19,1.0,0.0,farmers,number,,,,3.0,,2020-06-05 21:33:00
Soprano et al,Big-1,worker_192,True,unit_92,1.0,2020-06-05 21:32:32,0.0,start,False,standard,48.89,1.0,2.0,southern_border,mcq,Should the U.S. build a wall along the southern border?,0:::1:::2,Agree:::Disagree:::No opinion either way,1.0,Disagree,2020-06-05 21:32:32
Soprano et al,Big-1,worker_192,True,unit_92,1.0,2020-06-05 21:35:10,0.0,start,False,crt,40.25,1.0,0.0,athletics,number,,,,5.0,,2020-06-05 21:35:10
Soprano et al,Big-1,worker_192,True,unit_92,1.0,2020-06-05 21:32:32,0.0,start,False,standard,48.89,1.0,4.0,political_views,mcq,"In general, would you describe your political views as",0:::1:::2:::3:::4,Very conservative:::Conservative:::Moderate:::Liberal:::Very liberal,2.0,Moderate,2020-06-05 21:32:32
Soprano et al,Big-1,worker_192,True,unit_92,1.0,2020-06-05 21:32:32,0.0,start,False,standard,48.89,1.0,8.0,taxes,mcq,"Last year what was your total family income from all sources, before taxes?",0:::1:::2:::3:::4:::5:::6:::7:::8,"Less than 10,000:::10,000 to less than 20,000:::20,000 to less than 30,000:::30,000 to less than 40,000:::40,000 to less than 50,000:::50,000 to less than 75,000:::75,000 to less than 100,000:::100,000 to less than 150,000:::150,000 or more",3.0,"30,000 to less than 40,000",2020-06-05 21:32:32
Soprano et al,Big-1,worker_192,True,unit_92,1.0,2020-06-05 21:32:32,0.0,start,False,standard,48.89,1.0,5.0,school,mcq,What is the highest level of school you have completed or the highest degree you have received?,0:::1:::2:::3:::4:::5,"High school incomplete or less:::High school graduate or GED (includes technical/vocational training that doesn’t towards college credit):::Some college (some community college, associate’s degree):::Four year college degree/bachelor’s degree:::Some postgraduate or professional schooling, no postgraduate degree:::Postgraduate or professional degree, including master’s, doctorate, medical or law degree",3.0,Four year college degree/bachelor’s degree,2020-06-05 21:32:32
Soprano et al,Big-1,worker_192,True,unit_92,1.0,2020-06-05 21:32:32,0.0,start,False,standard,48.89,1.0,5.0,age,mcq,What is your age range?,0:::1:::2:::3:::4:::5,0-18:::19-25:::26-35:::36-50:::50-80:::80,2.0,26-35,2020-06-05 21:32:32
Soprano et al,Big-1,worker_192,True,unit_92,1.0,2020-06-05 21:34:29,0.0,start,False,crt,89.87,1.0,0.0,marks,number,,,,10.0,,2020-06-05 21:34:29
Soprano et al,Big-1,worker_192,True,unit_92,1.0,2020-06-05 21:32:32,0.0,start,False,standard,48.89,1.0,3.0,consideration,mcq,"In politics today, do you consider yourself a",0:::1:::2:::3,Republican:::Democrat:::Independent:::Something else,2.0,Independent,2020-06-05 21:32:32
Soprano et al,Big-1,worker_192,True,unit_92,1.0,2020-06-05 21:32:32,0.0,start,False,standard,48.89,1.0,2.0,environment,mcq,Should the government increase environmental regulations to prevent climate change?,0:::1:::2,Agree:::Disagree:::No opinion either way,0.0,Agree,2020-06-05 21:32:32
Soprano et al,Small-0,worker_30,True,unit_168,1.0,2020-06-06 05:46:28,0.0,start,False,standard,33.81,1.0,2.0,southern_border,mcq,Should the U.S. build a wall along the southern border?,0:::1:::2,Agree:::Disagree:::No opinion either way,1.0,Disagree,2020-06-06 05:46:28
Soprano et al,Small-0,worker_30,True,unit_168,1.0,2020-06-06 05:46:28,0.0,start,False,standard,33.81,1.0,5.0,age,mcq,What is your age range?,0:::1:::2:::3:::4:::5,0-18:::19-25:::26-35:::36-50:::50-80:::80,1.0,19-25,2020-06-06 05:46:28
Soprano et al,Small-0,worker_30,True,unit_168,1.0,2020-06-06 05:46:59,0.0,start,False,crt,20.3,1.0,0.0,marks,number,,,,9.0,,2020-06-06 05:46:59
Soprano et al,Small-0,worker_30,True,unit_168,1.0,2020-06-06 05:46:28,0.0,start,False,standard,33.81,1.0,3.0,consideration,mcq,"In politics today, do you consider yourself a",0:::1:::2:::3,Republican:::Democrat:::Independent:::Something else,1.0,Democrat,2020-06-06 05:46:28
Soprano et al,Small-0,worker_30,True,unit_168,1.0,2020-06-06 05:46:39,0.0,start,False,crt,10.77,1.0,0.0,farmers,number,,,,3.0,,2020-06-06 05:46:39
Soprano et al,Small-0,worker_30,True,unit_168,1.0,2020-06-06 05:46:28,0.0,start,False,standard,33.81,1.0,8.0,taxes,mcq,"Last year what was your total family income from all sources, before taxes?",0:::1:::2:::3:::4:::5:::6:::7:::8,"Less than 10,000:::10,000 to less than 20,000:::20,000 to less than 30,000:::30,000 to less than 40,000:::40,000 to less than 50,000:::50,000 to less than 75,000:::75,000 to less than 100,000:::100,000 to less than 150,000:::150,000 or more",1.0,"10,000 to less than 20,000",2020-06-06 05:46:28
Soprano et al,Small-0,worker_30,True,unit_168,1.0,2020-06-06 05:46:28,0.0,start,False,standard,33.81,1.0,4.0,political_views,mcq,"In general, would you describe your political views as",0:::1:::2:::3:::4,Very conservative:::Conservative:::Moderate:::Liberal:::Very liberal,4.0,Very liberal,2020-06-06 05:46:28
Soprano et al,Small-0,worker_30,True,unit_168,1.0,2020-06-06 05:46:28,0.0,start,False,standard,33.81,1.0,2.0,environment,mcq,Should the government increase environmental regulations to prevent climate change?,0:::1:::2,Agree:::Disagree:::No opinion either way,0.0,Agree,2020-06-06 05:46:28
Soprano et al,Small-0,worker_30,True,unit_168,1.0,2020-06-06 05:46:28,0.0,start,False,standard,33.81,1.0,5.0,school,mcq,What is the highest level of school you have completed or the highest degree you have received?,0:::1:::2:::3:::4:::5,"High school incomplete or less:::High school graduate or GED (includes technical/vocational training that doesn’t towards college credit):::Some college (some community college, associate’s degree):::Four year college degree/bachelor’s degree:::Some postgraduate or professional schooling, no postgraduate degree:::Postgraduate or professional degree, including master’s, doctorate, medical or law degree",2.0,"Some college (some community college, associate’s degree)",2020-06-06 05:46:28
Soprano et al,Small-0,worker_30,True,unit_168,1.0,2020-06-06 05:50:57,0.0,start,False,crt,237.91,1.0,0.0,athletics,number,,,,4.0,,2020-06-06 05:50:57
Soprano et al,Big-1,worker_49,True,unit_140,1.0,2020-06-06 12:07:14,0.0,start,False,standard,16.5,1.0,5.0,school,mcq,What is the highest level of school you have completed or the highest degree you have received?,0:::1:::2:::3:::4:::5,"High school incomplete or less:::High school graduate or GED (includes technical/vocational training that doesn’t towards college credit):::Some college (some community college, associate’s degree):::Four year college degree/bachelor’s degree:::Some postgraduate or professional schooling, no postgraduate degree:::Postgraduate or professional degree, including master’s, doctorate, medical or law degree",2.0,"Some college (some community college, associate’s degree)",2020-06-06 12:07:14
Soprano et al,Big-1,worker_49,True,unit_140,1.0,2020-06-06 12:08:30,0.0,start,False,crt,51.52,1.0,0.0,marks,number,,,,9.0,,2020-06-06 12:08:30
Soprano et al,Big-1,worker_49,True,unit_140,1.0,2020-06-06 12:07:39,0.0,start,False,crt,24.79,1.0,0.0,farmers,number,,,,3.0,,2020-06-06 12:07:39
Soprano et al,Big-1,worker_49,True,unit_140,1.0,2020-06-06 12:07:14,0.0,start,False,standard,16.5,1.0,2.0,environment,mcq,Should the government increase environmental regulations to prevent climate change?,0:::1:::2,Agree:::Disagree:::No opinion either way,0.0,Agree,2020-06-06 12:07:14
Soprano et al,Big-1,worker_49,True,unit_140,1.0,2020-06-06 12:07:14,0.0,start,False,standard,16.5,1.0,2.0,southern_border,mcq,Should the U.S. build a wall along the southern border?,0:::1:::2,Agree:::Disagree:::No opinion either way,1.0,Disagree,2020-06-06 12:07:14
Soprano et al,Big-1,worker_49,True,unit_140,1.0,2020-06-06 12:07:14,0.0,start,False,standard,16.5,1.0,3.0,consideration,mcq,"In politics today, do you consider yourself a",0:::1:::2:::3,Republican:::Democrat:::Independent:::Something else,2.0,Independent,2020-06-06 12:07:14
Soprano et al,Big-1,worker_49,True,unit_140,1.0,2020-06-06 12:07:14,0.0,start,False,standard,16.5,1.0,4.0,political_views,mcq,"In general, would you describe your political views as",0:::1:::2:::3:::4,Very conservative:::Conservative:::Moderate:::Liberal:::Very liberal,3.0,Liberal,2020-06-06 12:07:14
Soprano et al,Big-1,worker_49,True,unit_140,1.0,2020-06-06 12:07:14,0.0,start,False,standard,16.5,1.0,5.0,age,mcq,What is your age range?,0:::1:::2:::3:::4:::5,0-18:::19-25:::26-35:::36-50:::50-80:::80,1.0,19-25,2020-06-06 12:07:14
Soprano et al,Big-1,worker_49,True,unit_140,1.0,2020-06-06 12:09:06,0.0,start,False,crt,35.23,1.0,0.0,athletics,number,,,,4.0,,2020-06-06 12:09:06
Soprano et al,Big-1,worker_49,True,unit_140,1.0,2020-06-06 12:07:14,0.0,start,False,standard,16.5,1.0,8.0,taxes,mcq,"Last year what was your total family income from all sources, before taxes?",0:::1:::2:::3:::4:::5:::6:::7:::8,"Less than 10,000:::10,000 to less than 20,000:::20,000 to less than 30,000:::30,000 to less than 40,000:::40,000 to less than 50,000:::50,000 to less than 75,000:::75,000 to less than 100,000:::100,000 to less than 150,000:::150,000 or more",6.0,"75,000 to less than 100,000",2020-06-06 12:07:14
Soprano et al,Small-1,worker_139,True,unit_156,1.0,2020-06-08 18:18:27,0.0,start,False,standard,371.26,1.0,2.0,environment,mcq,Should the government increase environmental regulations to prevent climate change?,0:::1:::2,Agree:::Disagree:::No opinion either way,0.0,Agree,2020-06-08 18:18:27
Soprano et al,Small-1,worker_139,True,unit_156,1.0,2020-06-08 18:31:29,0.0,start,False,crt,161.39,1.0,0.0,athletics,number,,,,16.0,,2020-06-08 18:31:29
Soprano et al,Small-1,worker_139,True,unit_156,1.0,2020-06-08 18:28:48,0.0,start,False,crt,13.72,1.0,0.0,marks,number,,,,5.0,,2020-06-08 18:28:48
Soprano et al,Small-1,worker_139,True,unit_156,1.0,2020-06-08 18:18:27,0.0,start,False,standard,371.26,1.0,2.0,southern_border,mcq,Should the U.S. build a wall along the southern border?,0:::1:::2,Agree:::Disagree:::No opinion either way,2.0,No opinion either way,2020-06-08 18:18:27
Soprano et al,Small-1,worker_139,True,unit_156,1.0,2020-06-08 18:18:27,0.0,start,False,standard,371.26,1.0,3.0,consideration,mcq,"In politics today, do you consider yourself a",0:::1:::2:::3,Republican:::Democrat:::Independent:::Something else,1.0,Democrat,2020-06-08 18:18:27
Soprano et al,Small-1,worker_139,True,unit_156,1.0,2020-06-08 18:18:27,0.0,start,False,standard,371.26,1.0,4.0,political_views,mcq,"In general, would you describe your political views as",0:::1:::2:::3:::4,Very conservative:::Conservative:::Moderate:::Liberal:::Very liberal,2.0,Moderate,2020-06-08 18:18:27
Soprano et al,Small-1,worker_139,True,unit_156,1.0,2020-06-08 18:18:27,0.0,start,False,standard,371.26,1.0,8.0,taxes,mcq,"Last year what was your total family income from all sources, before taxes?",0:::1:::2:::3:::4:::5:::6:::7:::8,"Less than 10,000:::10,000 to less than 20,000:::20,000 to less than 30,000:::30,000 to less than 40,000:::40,000 to less than 50,000:::50,000 to less than 75,000:::75,000 to less than 100,000:::100,000 to less than 150,000:::150,000 or more",6.0,"75,000 to less than 100,000",2020-06-08 18:18:27
Soprano et al,Small-1,worker_139,True,unit_156,1.0,2020-06-08 18:18:27,0.0,start,False,standard,371.26,1.0,5.0,school,mcq,What is the highest level of school you have completed or the highest degree you have received?,0:::1:::2:::3:::4:::5,"High school incomplete or less:::High school graduate or GED (includes technical/vocational training that doesn’t towards college credit):::Some college (some community college, associate’s degree):::Four year college degree/bachelor’s degree:::Some postgraduate or professional schooling, no postgraduate degree:::Postgraduate or professional degree, including master’s, doctorate, medical or law degree",3.0,Four year college degree/bachelor’s degree,2020-06-08 18:18:27
Soprano et al,Small-1,worker_139,True,unit_156,1.0,2020-06-08 18:18:27,0.0,start,False,standard,371.26,1.0,5.0,age,mcq,What is your age range?,0:::1:::2:::3:::4:::5,0-18:::19-25:::26-35:::36-50:::50-80:::80,3.0,36-50,2020-06-08 18:18:27
Soprano et al,Small-1,worker_139,True,unit_156,1.0,2020-06-08 18:28:34,0.0,start,False,crt,607.14,1.0,0.0,farmers,number,,,,9.0,,2020-06-08 18:28:34
Soprano et al,Big-1,worker_133,True,unit_188,1.0,2020-06-01 15:00:44,0.0,start,False,standard,33.6,1.0,5.0,age,mcq,What is your age range?,0:::1:::2:::3:::4:::5,0-18:::19-25:::26-35:::36-50:::50-80:::80,4.0,50-80,2020-06-01 15:00:44
Soprano et al,Big-1,worker_133,True,unit_188,1.0,2020-06-01 15:00:44,0.0,start,False,standard,33.6,1.0,5.0,school,mcq,What is the highest level of school you have completed or the highest degree you have received?,0:::1:::2:::3:::4:::5,"High school incomplete or less:::High school graduate or GED (includes technical/vocational training that doesn’t towards college credit):::Some college (some community college, associate’s degree):::Four year college degree/bachelor’s degree:::Some postgraduate or professional schooling, no postgraduate degree:::Postgraduate or professional degree, including master’s, doctorate, medical or law degree",3.0,Four year college degree/bachelor’s degree,2020-06-01 15:00:44
Soprano et al,Big-1,worker_133,True,unit_188,1.0,2020-06-01 15:00:44,0.0,start,False,standard,33.6,1.0,8.0,taxes,mcq,"Last year what was your total family income from all sources, before taxes?",0:::1:::2:::3:::4:::5:::6:::7:::8,"Less than 10,000:::10,000 to less than 20,000:::20,000 to less than 30,000:::30,000 to less than 40,000:::40,000 to less than 50,000:::50,000 to less than 75,000:::75,000 to less than 100,000:::100,000 to less than 150,000:::150,000 or more",2.0,"20,000 to less than 30,000",2020-06-01 15:00:44
Soprano et al,Big-1,worker_133,True,unit_188,1.0,2020-06-01 15:00:44,0.0,start,False,standard,33.6,1.0,4.0,political_views,mcq,"In general, would you describe your political views as",0:::1:::2:::3:::4,Very conservative:::Conservative:::Moderate:::Liberal:::Very liberal,0.0,Very conservative,2020-06-01 15:00:44
Soprano et al,Big-1,worker_133,True,unit_188,1.0,2020-06-01 15:00:44,0.0,start,False,standard,33.6,1.0,3.0,consideration,mcq,"In politics today, do you consider yourself a",0:::1:::2:::3,Republican:::Democrat:::Independent:::Something else,1.0,Democrat,2020-06-01 15:00:44
Soprano et al,Big-1,worker_133,True,unit_188,1.0,2020-06-01 15:00:44,0.0,start,False,standard,33.6,1.0,2.0,southern_border,mcq,Should the U.S. build a wall along the southern border?,0:::1:::2,Agree:::Disagree:::No opinion either way,0.0,Agree,2020-06-01 15:00:44
Soprano et al,Big-1,worker_133,True,unit_188,1.0,2020-06-01 15:00:44,0.0,start,False,standard,33.6,1.0,2.0,environment,mcq,Should the government increase environmental regulations to prevent climate change?,0:::1:::2,Agree:::Disagree:::No opinion either way,0.0,Agree,2020-06-01 15:00:44
Soprano et al,Big-1,worker_133,True,unit_188,1.0,2020-06-01 15:00:44,0.0,start,False,crt,20.74,1.0,0.0,farmers,number,,,,9.0,,2020-06-01 15:00:44
Soprano et al,Big-1,worker_133,True,unit_188,1.0,2020-06-01 15:00:54,0.0,start,False,crt,17.51,1.0,0.0,marks,number,,,,10.0,,2020-06-01 15:00:54
Soprano et al,Big-1,worker_133,True,unit_188,1.0,2020-06-01 15:01:09,0.0,start,False,crt,26.49,1.0,0.0,athletics,number,,,,16.0,,2020-06-01 15:01:09
